algorithm,impl,message_size,trial,elapsed_ns,bytes_hashed,cpu_model,cpu_freq_hz,core,threads,os,compiler,build_flags,timestamp
sha256,openssl,16,0,19000,16,"processor	: 0",750000000,0,1,"Ubuntu 24.04.3 LTS","gcc 13.3.0","",2025-12-05T00:25:11Z
sha256,openssl,16,1,24750,16,"processor	: 0",750000000,0,1,"Ubuntu 24.04.3 LTS","gcc 13.3.0","",2025-12-05T00:25:11Z
sha256,openssl,16,2,19250,16,"processor	: 0",750000000,0,1,"Ubuntu 24.04.3 LTS","gcc 13.3.0","",2025-12-05T00:25:11Z
sha256,openssl,16,3,18750,16,"processor	: 0",750000000,0,1,"Ubuntu 24.04.3 LTS","gcc 13.3.0","",2025-12-05T00:25:11Z
sha256,openssl,16,4,18500,16,"processor	: 0",750000000,0,1,"Ubuntu 24.04.3 LTS","gcc 13.3.0","",2025-12-05T00:25:11Z
sha256,openssl,16,5,18500,16,"processor	: 0",750000000,0,1,"Ubuntu 24.04.3 LTS","gcc 13.3.0","",2025-12-05T00:25:11Z
sha256,openssl,16,6,18500,16,"processor	: 0",750000000,0,1,"Ubuntu 24.04.3 LTS","gcc 13.3.0","",2025-12-05T00:25:11Z
sha256,openssl,16,7,18751,16,"processor	: 0",750000000,0,1,"Ubuntu 24.04.3 LTS","gcc 13.3.0","",2025-12-05T00:25:11Z
sha256,openssl,16,8,18500,16,"processor	: 0",750000000,0,1,"Ubuntu 24.04.3 LTS","gcc 13.3.0","",2025-12-05T00:25:11Z
sha256,openssl,16,9,18750,16,"processor	: 0",750000000,0,1,"Ubuntu 24.04.3 LTS","gcc 13.3.0","",2025-12-05T00:25:11Z
sha256,openssl,16,10,18500,16,"processor	: 0",750000000,0,1,"Ubuntu 24.04.3 LTS","gcc 13.3.0","",2025-12-05T00:25:11Z
sha256,openssl,16,11,18500,16,"processor	: 0",750000000,0,1,"Ubuntu 24.04.3 LTS","gcc 13.3.0","",2025-12-05T00:25:11Z
sha256,openssl,16,12,18500,16,"processor	: 0",750000000,0,1,"Ubuntu 24.04.3 LTS","gcc 13.3.0","",2025-12-05T00:25:11Z
sha256,openssl,16,13,18500,16,"processor	: 0",750000000,0,1,"Ubuntu 24.04.3 LTS","gcc 13.3.0","",2025-12-05T00:25:11Z
sha256,openssl,16,14,18750,16,"processor	: 0",750000000,0,1,"Ubuntu 24.04.3 LTS","gcc 13.3.0","",2025-12-05T00:25:11Z
sha256,openssl,16,15,18500,16,"processor	: 0",750000000,0,1,"Ubuntu 24.04.3 LTS","gcc 13.3.0","",2025-12-05T00:25:11Z
sha256,openssl,16,16,18500,16,"processor	: 0",750000000,0,1,"Ubuntu 24.04.3 LTS","gcc 13.3.0","",2025-12-05T00:25:11Z
sha256,openssl,16,17,18750,16,"processor	: 0",750000000,0,1,"Ubuntu 24.04.3 LTS","gcc 13.3.0","",2025-12-05T00:25:11Z
sha256,openssl,16,18,18500,16,"processor	: 0",750000000,0,1,"Ubuntu 24.04.3 LTS","gcc 13.3.0","",2025-12-05T00:25:11Z
sha256,openssl,16,19,18750,16,"processor	: 0",750000000,0,1,"Ubuntu 24.04.3 LTS","gcc 13.3.0","",2025-12-05T00:25:11Z
sha256,openssl,64,0,20250,64,"processor	: 0",750000000,0,1,"Ubuntu 24.04.3 LTS","gcc 13.3.0","",2025-12-05T00:25:11Z
sha256,openssl,64,1,22500,64,"processor	: 0",750000000,0,1,"Ubuntu 24.04.3 LTS","gcc 13.3.0","",2025-12-05T00:25:11Z
sha256,openssl,64,2,22250,64,"processor	: 0",750000000,0,1,"Ubuntu 24.04.3 LTS","gcc 13.3.0","",2025-12-05T00:25:11Z
sha256,openssl,64,3,22250,64,"processor	: 0",750000000,0,1,"Ubuntu 24.04.3 LTS","gcc 13.3.0","",2025-12-05T00:25:11Z
sha256,openssl,64,4,22250,64,"processor	: 0",750000000,0,1,"Ubuntu 24.04.3 LTS","gcc 13.3.0","",2025-12-05T00:25:11Z
sha256,openssl,64,5,22250,64,"processor	: 0",750000000,0,1,"Ubuntu 24.04.3 LTS","gcc 13.3.0","",2025-12-05T00:25:11Z
sha256,openssl,64,6,22500,64,"processor	: 0",750000000,0,1,"Ubuntu 24.04.3 LTS","gcc 13.3.0","",2025-12-05T00:25:11Z
sha256,openssl,64,7,22250,64,"processor	: 0",750000000,0,1,"Ubuntu 24.04.3 LTS","gcc 13.3.0","",2025-12-05T00:25:11Z
sha256,openssl,64,8,22500,64,"processor	: 0",750000000,0,1,"Ubuntu 24.04.3 LTS","gcc 13.3.0","",2025-12-05T00:25:11Z
sha256,openssl,64,9,22250,64,"processor	: 0",750000000,0,1,"Ubuntu 24.04.3 LTS","gcc 13.3.0","",2025-12-05T00:25:11Z
sha256,openssl,64,10,22500,64,"processor	: 0",750000000,0,1,"Ubuntu 24.04.3 LTS","gcc 13.3.0","",2025-12-05T00:25:11Z
sha256,openssl,64,11,22250,64,"processor	: 0",750000000,0,1,"Ubuntu 24.04.3 LTS","gcc 13.3.0","",2025-12-05T00:25:11Z
sha256,openssl,64,12,22500,64,"processor	: 0",750000000,0,1,"Ubuntu 24.04.3 LTS","gcc 13.3.0","",2025-12-05T00:25:11Z
sha256,openssl,64,13,22250,64,"processor	: 0",750000000,0,1,"Ubuntu 24.04.3 LTS","gcc 13.3.0","",2025-12-05T00:25:11Z
sha256,openssl,64,14,24750,64,"processor	: 0",750000000,0,1,"Ubuntu 24.04.3 LTS","gcc 13.3.0","",2025-12-05T00:25:11Z
sha256,openssl,64,15,22250,64,"processor	: 0",750000000,0,1,"Ubuntu 24.04.3 LTS","gcc 13.3.0","",2025-12-05T00:25:11Z
sha256,openssl,64,16,22250,64,"processor	: 0",750000000,0,1,"Ubuntu 24.04.3 LTS","gcc 13.3.0","",2025-12-05T00:25:11Z
sha256,openssl,64,17,22500,64,"processor	: 0",750000000,0,1,"Ubuntu 24.04.3 LTS","gcc 13.3.0","",2025-12-05T00:25:11Z
sha256,openssl,64,18,22500,64,"processor	: 0",750000000,0,1,"Ubuntu 24.04.3 LTS","gcc 13.3.0","",2025-12-05T00:25:11Z
sha256,openssl,64,19,22250,64,"processor	: 0",750000000,0,1,"Ubuntu 24.04.3 LTS","gcc 13.3.0","",2025-12-05T00:25:11Z
sha256,openssl,256,0,30500,256,"processor	: 0",750000000,0,1,"Ubuntu 24.04.3 LTS","gcc 13.3.0","",2025-12-05T00:25:11Z
sha256,openssl,256,1,33250,256,"processor	: 0",750000000,0,1,"Ubuntu 24.04.3 LTS","gcc 13.3.0","",2025-12-05T00:25:11Z
sha256,openssl,256,2,33250,256,"processor	: 0",750000000,0,1,"Ubuntu 24.04.3 LTS","gcc 13.3.0","",2025-12-05T00:25:11Z
sha256,openssl,256,3,33250,256,"processor	: 0",750000000,0,1,"Ubuntu 24.04.3 LTS","gcc 13.3.0","",2025-12-05T00:25:11Z
sha256,openssl,256,4,33250,256,"processor	: 0",750000000,0,1,"Ubuntu 24.04.3 LTS","gcc 13.3.0","",2025-12-05T00:25:11Z
sha256,openssl,256,5,33500,256,"processor	: 0",750000000,0,1,"Ubuntu 24.04.3 LTS","gcc 13.3.0","",2025-12-05T00:25:11Z
sha256,openssl,256,6,33250,256,"processor	: 0",750000000,0,1,"Ubuntu 24.04.3 LTS","gcc 13.3.0","",2025-12-05T00:25:11Z
sha256,openssl,256,7,33250,256,"processor	: 0",750000000,0,1,"Ubuntu 24.04.3 LTS","gcc 13.3.0","",2025-12-05T00:25:11Z
sha256,openssl,256,8,33250,256,"processor	: 0",750000000,0,1,"Ubuntu 24.04.3 LTS","gcc 13.3.0","",2025-12-05T00:25:11Z
sha256,openssl,256,9,33500,256,"processor	: 0",750000000,0,1,"Ubuntu 24.04.3 LTS","gcc 13.3.0","",2025-12-05T00:25:11Z
sha256,openssl,256,10,33250,256,"processor	: 0",750000000,0,1,"Ubuntu 24.04.3 LTS","gcc 13.3.0","",2025-12-05T00:25:11Z
sha256,openssl,256,11,33250,256,"processor	: 0",750000000,0,1,"Ubuntu 24.04.3 LTS","gcc 13.3.0","",2025-12-05T00:25:11Z
sha256,openssl,256,12,33250,256,"processor	: 0",750000000,0,1,"Ubuntu 24.04.3 LTS","gcc 13.3.0","",2025-12-05T00:25:11Z
sha256,openssl,256,13,33250,256,"processor	: 0",750000000,0,1,"Ubuntu 24.04.3 LTS","gcc 13.3.0","",2025-12-05T00:25:11Z
sha256,openssl,256,14,33250,256,"processor	: 0",750000000,0,1,"Ubuntu 24.04.3 LTS","gcc 13.3.0","",2025-12-05T00:25:11Z
sha256,openssl,256,15,33500,256,"processor	: 0",750000000,0,1,"Ubuntu 24.04.3 LTS","gcc 13.3.0","",2025-12-05T00:25:11Z
sha256,openssl,256,16,33500,256,"processor	: 0",750000000,0,1,"Ubuntu 24.04.3 LTS","gcc 13.3.0","",2025-12-05T00:25:11Z
sha256,openssl,256,17,33250,256,"processor	: 0",750000000,0,1,"Ubuntu 24.04.3 LTS","gcc 13.3.0","",2025-12-05T00:25:11Z
sha256,openssl,256,18,33250,256,"processor	: 0",750000000,0,1,"Ubuntu 24.04.3 LTS","gcc 13.3.0","",2025-12-05T00:25:11Z
sha256,openssl,256,19,33500,256,"processor	: 0",750000000,0,1,"Ubuntu 24.04.3 LTS","gcc 13.3.0","",2025-12-05T00:25:11Z
sha256,openssl,1024,0,74000,1024,"processor	: 0",750000000,0,1,"Ubuntu 24.04.3 LTS","gcc 13.3.0","",2025-12-05T00:25:11Z
sha256,openssl,1024,1,77250,1024,"processor	: 0",750000000,0,1,"Ubuntu 24.04.3 LTS","gcc 13.3.0","",2025-12-05T00:25:11Z
sha256,openssl,1024,2,77000,1024,"processor	: 0",750000000,0,1,"Ubuntu 24.04.3 LTS","gcc 13.3.0","",2025-12-05T00:25:11Z
sha256,openssl,1024,3,77000,1024,"processor	: 0",750000000,0,1,"Ubuntu 24.04.3 LTS","gcc 13.3.0","",2025-12-05T00:25:11Z
sha256,openssl,1024,4,77000,1024,"processor	: 0",750000000,0,1,"Ubuntu 24.04.3 LTS","gcc 13.3.0","",2025-12-05T00:25:11Z
sha256,openssl,1024,5,77001,1024,"processor	: 0",750000000,0,1,"Ubuntu 24.04.3 LTS","gcc 13.3.0","",2025-12-05T00:25:11Z
sha256,openssl,1024,6,77250,1024,"processor	: 0",750000000,0,1,"Ubuntu 24.04.3 LTS","gcc 13.3.0","",2025-12-05T00:25:11Z
sha256,openssl,1024,7,77000,1024,"processor	: 0",750000000,0,1,"Ubuntu 24.04.3 LTS","gcc 13.3.0","",2025-12-05T00:25:11Z
sha256,openssl,1024,8,77000,1024,"processor	: 0",750000000,0,1,"Ubuntu 24.04.3 LTS","gcc 13.3.0","",2025-12-05T00:25:11Z
sha256,openssl,1024,9,79500,1024,"processor	: 0",750000000,0,1,"Ubuntu 24.04.3 LTS","gcc 13.3.0","",2025-12-05T00:25:11Z
sha256,openssl,1024,10,77000,1024,"processor	: 0",750000000,0,1,"Ubuntu 24.04.3 LTS","gcc 13.3.0","",2025-12-05T00:25:11Z
sha256,openssl,1024,11,77250,1024,"processor	: 0",750000000,0,1,"Ubuntu 24.04.3 LTS","gcc 13.3.0","",2025-12-05T00:25:11Z
sha256,openssl,1024,12,77000,1024,"processor	: 0",750000000,0,1,"Ubuntu 24.04.3 LTS","gcc 13.3.0","",2025-12-05T00:25:11Z
sha256,openssl,1024,13,77000,1024,"processor	: 0",750000000,0,1,"Ubuntu 24.04.3 LTS","gcc 13.3.0","",2025-12-05T00:25:11Z
sha256,openssl,1024,14,77000,1024,"processor	: 0",750000000,0,1,"Ubuntu 24.04.3 LTS","gcc 13.3.0","",2025-12-05T00:25:11Z
sha256,openssl,1024,15,77000,1024,"processor	: 0",750000000,0,1,"Ubuntu 24.04.3 LTS","gcc 13.3.0","",2025-12-05T00:25:11Z
sha256,openssl,1024,16,76750,1024,"processor	: 0",750000000,0,1,"Ubuntu 24.04.3 LTS","gcc 13.3.0","",2025-12-05T00:25:11Z
sha256,openssl,1024,17,77000,1024,"processor	: 0",750000000,0,1,"Ubuntu 24.04.3 LTS","gcc 13.3.0","",2025-12-05T00:25:11Z
sha256,openssl,1024,18,77001,1024,"processor	: 0",750000000,0,1,"Ubuntu 24.04.3 LTS","gcc 13.3.0","",2025-12-05T00:25:11Z
sha256,openssl,1024,19,77250,1024,"processor	: 0",750000000,0,1,"Ubuntu 24.04.3 LTS","gcc 13.3.0","",2025-12-05T00:25:11Z
sha256,openssl,4096,0,289500,4096,"processor	: 0",750000000,0,1,"Ubuntu 24.04.3 LTS","gcc 13.3.0","",2025-12-05T00:25:11Z
sha256,openssl,4096,1,256001,4096,"processor	: 0",750000000,0,1,"Ubuntu 24.04.3 LTS","gcc 13.3.0","",2025-12-05T00:25:11Z
sha256,openssl,4096,2,251750,4096,"processor	: 0",750000000,0,1,"Ubuntu 24.04.3 LTS","gcc 13.3.0","",2025-12-05T00:25:11Z
sha256,openssl,4096,3,252000,4096,"processor	: 0",750000000,0,1,"Ubuntu 24.04.3 LTS","gcc 13.3.0","",2025-12-05T00:25:11Z
sha256,openssl,4096,4,252000,4096,"processor	: 0",750000000,0,1,"Ubuntu 24.04.3 LTS","gcc 13.3.0","",2025-12-05T00:25:11Z
sha256,openssl,4096,5,252000,4096,"processor	: 0",750000000,0,1,"Ubuntu 24.04.3 LTS","gcc 13.3.0","",2025-12-05T00:25:11Z
sha256,openssl,4096,6,252001,4096,"processor	: 0",750000000,0,1,"Ubuntu 24.04.3 LTS","gcc 13.3.0","",2025-12-05T00:25:11Z
sha256,openssl,4096,7,252250,4096,"processor	: 0",750000000,0,1,"Ubuntu 24.04.3 LTS","gcc 13.3.0","",2025-12-05T00:25:11Z
sha256,openssl,4096,8,252251,4096,"processor	: 0",750000000,0,1,"Ubuntu 24.04.3 LTS","gcc 13.3.0","",2025-12-05T00:25:11Z
sha256,openssl,4096,9,252000,4096,"processor	: 0",750000000,0,1,"Ubuntu 24.04.3 LTS","gcc 13.3.0","",2025-12-05T00:25:11Z
sha256,openssl,4096,10,252000,4096,"processor	: 0",750000000,0,1,"Ubuntu 24.04.3 LTS","gcc 13.3.0","",2025-12-05T00:25:11Z
sha256,openssl,4096,11,252001,4096,"processor	: 0",750000000,0,1,"Ubuntu 24.04.3 LTS","gcc 13.3.0","",2025-12-05T00:25:11Z
sha256,openssl,4096,12,252000,4096,"processor	: 0",750000000,0,1,"Ubuntu 24.04.3 LTS","gcc 13.3.0","",2025-12-05T00:25:11Z
sha256,openssl,4096,13,252001,4096,"processor	: 0",750000000,0,1,"Ubuntu 24.04.3 LTS","gcc 13.3.0","",2025-12-05T00:25:11Z
sha256,openssl,4096,14,252000,4096,"processor	: 0",750000000,0,1,"Ubuntu 24.04.3 LTS","gcc 13.3.0","",2025-12-05T00:25:11Z
sha256,openssl,4096,15,252000,4096,"processor	: 0",750000000,0,1,"Ubuntu 24.04.3 LTS","gcc 13.3.0","",2025-12-05T00:25:11Z
sha256,openssl,4096,16,252001,4096,"processor	: 0",750000000,0,1,"Ubuntu 24.04.3 LTS","gcc 13.3.0","",2025-12-05T00:25:11Z
sha256,openssl,4096,17,252000,4096,"processor	: 0",750000000,0,1,"Ubuntu 24.04.3 LTS","gcc 13.3.0","",2025-12-05T00:25:11Z
sha256,openssl,4096,18,252001,4096,"processor	: 0",750000000,0,1,"Ubuntu 24.04.3 LTS","gcc 13.3.0","",2025-12-05T00:25:11Z
sha256,openssl,4096,19,252000,4096,"processor	: 0",750000000,0,1,"Ubuntu 24.04.3 LTS","gcc 13.3.0","",2025-12-05T00:25:11Z
sha256,openssl,16384,0,947251,16384,"processor	: 0",750000000,0,1,"Ubuntu 24.04.3 LTS","gcc 13.3.0","",2025-12-05T00:25:11Z
sha256,openssl,16384,1,1051501,16384,"processor	: 0",750000000,0,1,"Ubuntu 24.04.3 LTS","gcc 13.3.0","",2025-12-05T00:25:11Z
sha256,openssl,16384,2,959252,16384,"processor	: 0",750000000,0,1,"Ubuntu 24.04.3 LTS","gcc 13.3.0","",2025-12-05T00:25:11Z
sha256,openssl,16384,3,952501,16384,"processor	: 0",750000000,0,1,"Ubuntu 24.04.3 LTS","gcc 13.3.0","",2025-12-05T00:25:11Z
sha256,openssl,16384,4,952251,16384,"processor	: 0",750000000,0,1,"Ubuntu 24.04.3 LTS","gcc 13.3.0","",2025-12-05T00:25:11Z
sha256,openssl,16384,5,952502,16384,"processor	: 0",750000000,0,1,"Ubuntu 24.04.3 LTS","gcc 13.3.0","",2025-12-05T00:25:11Z
sha256,openssl,16384,6,952751,16384,"processor	: 0",750000000,0,1,"Ubuntu 24.04.3 LTS","gcc 13.3.0","",2025-12-05T00:25:11Z
sha256,openssl,16384,7,952502,16384,"processor	: 0",750000000,0,1,"Ubuntu 24.04.3 LTS","gcc 13.3.0","",2025-12-05T00:25:11Z
sha256,openssl,16384,8,1026001,16384,"processor	: 0",750000000,0,1,"Ubuntu 24.04.3 LTS","gcc 13.3.0","",2025-12-05T00:25:11Z
sha256,openssl,16384,9,958502,16384,"processor	: 0",750000000,0,1,"Ubuntu 24.04.3 LTS","gcc 13.3.0","",2025-12-05T00:25:11Z
sha256,openssl,16384,10,952501,16384,"processor	: 0",750000000,0,1,"Ubuntu 24.04.3 LTS","gcc 13.3.0","",2025-12-05T00:25:11Z
sha256,openssl,16384,11,952501,16384,"processor	: 0",750000000,0,1,"Ubuntu 24.04.3 LTS","gcc 13.3.0","",2025-12-05T00:25:11Z
sha256,openssl,16384,12,952501,16384,"processor	: 0",750000000,0,1,"Ubuntu 24.04.3 LTS","gcc 13.3.0","",2025-12-05T00:25:11Z
sha256,openssl,16384,13,952501,16384,"processor	: 0",750000000,0,1,"Ubuntu 24.04.3 LTS","gcc 13.3.0","",2025-12-05T00:25:11Z
sha256,openssl,16384,14,952252,16384,"processor	: 0",750000000,0,1,"Ubuntu 24.04.3 LTS","gcc 13.3.0","",2025-12-05T00:25:11Z
sha256,openssl,16384,15,952251,16384,"processor	: 0",750000000,0,1,"Ubuntu 24.04.3 LTS","gcc 13.3.0","",2025-12-05T00:25:11Z
sha256,openssl,16384,16,952252,16384,"processor	: 0",750000000,0,1,"Ubuntu 24.04.3 LTS","gcc 13.3.0","",2025-12-05T00:25:11Z
sha256,openssl,16384,17,952251,16384,"processor	: 0",750000000,0,1,"Ubuntu 24.04.3 LTS","gcc 13.3.0","",2025-12-05T00:25:11Z
sha256,openssl,16384,18,990751,16384,"processor	: 0",750000000,0,1,"Ubuntu 24.04.3 LTS","gcc 13.3.0","",2025-12-05T00:25:11Z
sha256,openssl,16384,19,957251,16384,"processor	: 0",750000000,0,1,"Ubuntu 24.04.3 LTS","gcc 13.3.0","",2025-12-05T00:25:11Z
sha256,openssl,65536,0,3762255,65536,"processor	: 0",750000000,0,1,"Ubuntu 24.04.3 LTS","gcc 13.3.0","",2025-12-05T00:25:11Z
sha256,openssl,65536,1,3800755,65536,"processor	: 0",750000000,0,1,"Ubuntu 24.04.3 LTS","gcc 13.3.0","",2025-12-05T00:25:11Z
sha256,openssl,65536,2,3764756,65536,"processor	: 0",750000000,0,1,"Ubuntu 24.04.3 LTS","gcc 13.3.0","",2025-12-05T00:25:11Z
sha256,openssl,65536,3,3762755,65536,"processor	: 0",750000000,0,1,"Ubuntu 24.04.3 LTS","gcc 13.3.0","",2025-12-05T00:25:11Z
sha256,openssl,65536,4,3797006,65536,"processor	: 0",750000000,0,1,"Ubuntu 24.04.3 LTS","gcc 13.3.0","",2025-12-05T00:25:11Z
sha256,openssl,65536,5,3830755,65536,"processor	: 0",750000000,0,1,"Ubuntu 24.04.3 LTS","gcc 13.3.0","",2025-12-05T00:25:11Z
sha256,openssl,65536,6,3764256,65536,"processor	: 0",750000000,0,1,"Ubuntu 24.04.3 LTS","gcc 13.3.0","",2025-12-05T00:25:11Z
sha256,openssl,65536,7,3800005,65536,"processor	: 0",750000000,0,1,"Ubuntu 24.04.3 LTS","gcc 13.3.0","",2025-12-05T00:25:11Z
sha256,openssl,65536,8,3765006,65536,"processor	: 0",750000000,0,1,"Ubuntu 24.04.3 LTS","gcc 13.3.0","",2025-12-05T00:25:11Z
sha256,openssl,65536,9,3796505,65536,"processor	: 0",750000000,0,1,"Ubuntu 24.04.3 LTS","gcc 13.3.0","",2025-12-05T00:25:11Z
sha256,openssl,65536,10,3765506,65536,"processor	: 0",750000000,0,1,"Ubuntu 24.04.3 LTS","gcc 13.3.0","",2025-12-05T00:25:11Z
sha256,openssl,65536,11,3762755,65536,"processor	: 0",750000000,0,1,"Ubuntu 24.04.3 LTS","gcc 13.3.0","",2025-12-05T00:25:11Z
sha256,openssl,65536,12,3810006,65536,"processor	: 0",750000000,0,1,"Ubuntu 24.04.3 LTS","gcc 13.3.0","",2025-12-05T00:25:11Z
sha256,openssl,65536,13,3830505,65536,"processor	: 0",750000000,0,1,"Ubuntu 24.04.3 LTS","gcc 13.3.0","",2025-12-05T00:25:11Z
sha256,openssl,65536,14,3817006,65536,"processor	: 0",750000000,0,1,"Ubuntu 24.04.3 LTS","gcc 13.3.0","",2025-12-05T00:25:11Z
sha256,openssl,65536,15,3765756,65536,"processor	: 0",750000000,0,1,"Ubuntu 24.04.3 LTS","gcc 13.3.0","",2025-12-05T00:25:11Z
sha256,openssl,65536,16,3762505,65536,"processor	: 0",750000000,0,1,"Ubuntu 24.04.3 LTS","gcc 13.3.0","",2025-12-05T00:25:11Z
sha256,openssl,65536,17,3799256,65536,"processor	: 0",750000000,0,1,"Ubuntu 24.04.3 LTS","gcc 13.3.0","",2025-12-05T00:25:11Z
sha256,openssl,65536,18,3764505,65536,"processor	: 0",750000000,0,1,"Ubuntu 24.04.3 LTS","gcc 13.3.0","",2025-12-05T00:25:11Z
sha256,openssl,65536,19,3762506,65536,"processor	: 0",750000000,0,1,"Ubuntu 24.04.3 LTS","gcc 13.3.0","",2025-12-05T00:25:11Z
sha256,openssl,262144,0,15516272,262144,"processor	: 0",750000000,0,1,"Ubuntu 24.04.3 LTS","gcc 13.3.0","",2025-12-05T00:25:11Z
sha256,openssl,262144,1,15030522,262144,"processor	: 0",750000000,0,1,"Ubuntu 24.04.3 LTS","gcc 13.3.0","",2025-12-05T00:25:11Z
sha256,openssl,262144,2,15116522,262144,"processor	: 0",750000000,0,1,"Ubuntu 24.04.3 LTS","gcc 13.3.0","",2025-12-05T00:25:11Z
sha256,openssl,262144,3,15024022,262144,"processor	: 0",750000000,0,1,"Ubuntu 24.04.3 LTS","gcc 13.3.0","",2025-12-05T00:25:11Z
sha256,openssl,262144,4,15140522,262144,"processor	: 0",750000000,0,1,"Ubuntu 24.04.3 LTS","gcc 13.3.0","",2025-12-05T00:25:11Z
sha256,openssl,262144,5,15029022,262144,"processor	: 0",750000000,0,1,"Ubuntu 24.04.3 LTS","gcc 13.3.0","",2025-12-05T00:25:11Z
sha256,openssl,262144,6,15111022,262144,"processor	: 0",750000000,0,1,"Ubuntu 24.04.3 LTS","gcc 13.3.0","",2025-12-05T00:25:11Z
sha256,openssl,262144,7,15036771,262144,"processor	: 0",750000000,0,1,"Ubuntu 24.04.3 LTS","gcc 13.3.0","",2025-12-05T00:25:11Z
sha256,openssl,262144,8,15131022,262144,"processor	: 0",750000000,0,1,"Ubuntu 24.04.3 LTS","gcc 13.3.0","",2025-12-05T00:25:11Z
sha256,openssl,262144,9,15023522,262144,"processor	: 0",750000000,0,1,"Ubuntu 24.04.3 LTS","gcc 13.3.0","",2025-12-05T00:25:11Z
sha256,openssl,262144,10,15110522,262144,"processor	: 0",750000000,0,1,"Ubuntu 24.04.3 LTS","gcc 13.3.0","",2025-12-05T00:25:12Z
sha256,openssl,262144,11,15052772,262144,"processor	: 0",750000000,0,1,"Ubuntu 24.04.3 LTS","gcc 13.3.0","",2025-12-05T00:25:12Z
sha256,openssl,262144,12,15094022,262144,"processor	: 0",750000000,0,1,"Ubuntu 24.04.3 LTS","gcc 13.3.0","",2025-12-05T00:25:12Z
sha256,openssl,262144,13,15056272,262144,"processor	: 0",750000000,0,1,"Ubuntu 24.04.3 LTS","gcc 13.3.0","",2025-12-05T00:25:12Z
sha256,openssl,262144,14,15099022,262144,"processor	: 0",750000000,0,1,"Ubuntu 24.04.3 LTS","gcc 13.3.0","",2025-12-05T00:25:12Z
sha256,openssl,262144,15,15120022,262144,"processor	: 0",750000000,0,1,"Ubuntu 24.04.3 LTS","gcc 13.3.0","",2025-12-05T00:25:12Z
sha256,openssl,262144,16,15081521,262144,"processor	: 0",750000000,0,1,"Ubuntu 24.04.3 LTS","gcc 13.3.0","",2025-12-05T00:25:12Z
sha256,openssl,262144,17,15056022,262144,"processor	: 0",750000000,0,1,"Ubuntu 24.04.3 LTS","gcc 13.3.0","",2025-12-05T00:25:12Z
sha256,openssl,262144,18,15079522,262144,"processor	: 0",750000000,0,1,"Ubuntu 24.04.3 LTS","gcc 13.3.0","",2025-12-05T00:25:12Z
sha256,openssl,262144,19,15340772,262144,"processor	: 0",750000000,0,1,"Ubuntu 24.04.3 LTS","gcc 13.3.0","",2025-12-05T00:25:12Z
sha256,openssl,1048576,0,60311587,1048576,"processor	: 0",750000000,0,1,"Ubuntu 24.04.3 LTS","gcc 13.3.0","",2025-12-05T00:25:12Z
sha256,openssl,1048576,1,60258587,1048576,"processor	: 0",750000000,0,1,"Ubuntu 24.04.3 LTS","gcc 13.3.0","",2025-12-05T00:25:12Z
sha256,openssl,1048576,2,60172587,1048576,"processor	: 0",750000000,0,1,"Ubuntu 24.04.3 LTS","gcc 13.3.0","",2025-12-05T00:25:12Z
sha256,openssl,1048576,3,60238337,1048576,"processor	: 0",750000000,0,1,"Ubuntu 24.04.3 LTS","gcc 13.3.0","",2025-12-05T00:25:12Z
sha256,openssl,1048576,4,60245337,1048576,"processor	: 0",750000000,0,1,"Ubuntu 24.04.3 LTS","gcc 13.3.0","",2025-12-05T00:25:12Z
sha256,openssl,1048576,5,60291837,1048576,"processor	: 0",750000000,0,1,"Ubuntu 24.04.3 LTS","gcc 13.3.0","",2025-12-05T00:25:12Z
sha256,openssl,1048576,6,60244587,1048576,"processor	: 0",750000000,0,1,"Ubuntu 24.04.3 LTS","gcc 13.3.0","",2025-12-05T00:25:12Z
sha256,openssl,1048576,7,60648837,1048576,"processor	: 0",750000000,0,1,"Ubuntu 24.04.3 LTS","gcc 13.3.0","",2025-12-05T00:25:12Z
sha256,openssl,1048576,8,60225588,1048576,"processor	: 0",750000000,0,1,"Ubuntu 24.04.3 LTS","gcc 13.3.0","",2025-12-05T00:25:13Z
sha256,openssl,1048576,9,60164337,1048576,"processor	: 0",750000000,0,1,"Ubuntu 24.04.3 LTS","gcc 13.3.0","",2025-12-05T00:25:13Z
sha256,openssl,1048576,10,60209837,1048576,"processor	: 0",750000000,0,1,"Ubuntu 24.04.3 LTS","gcc 13.3.0","",2025-12-05T00:25:13Z
sha256,openssl,1048576,11,60393587,1048576,"processor	: 0",750000000,0,1,"Ubuntu 24.04.3 LTS","gcc 13.3.0","",2025-12-05T00:25:13Z
sha256,openssl,1048576,12,60084337,1048576,"processor	: 0",750000000,0,1,"Ubuntu 24.04.3 LTS","gcc 13.3.0","",2025-12-05T00:25:13Z
sha256,openssl,1048576,13,60089587,1048576,"processor	: 0",750000000,0,1,"Ubuntu 24.04.3 LTS","gcc 13.3.0","",2025-12-05T00:25:13Z
sha256,openssl,1048576,14,62440841,1048576,"processor	: 0",750000000,0,1,"Ubuntu 24.04.3 LTS","gcc 13.3.0","",2025-12-05T00:25:13Z
sha256,openssl,1048576,15,60125837,1048576,"processor	: 0",750000000,0,1,"Ubuntu 24.04.3 LTS","gcc 13.3.0","",2025-12-05T00:25:13Z
sha256,openssl,1048576,16,60354837,1048576,"processor	: 0",750000000,0,1,"Ubuntu 24.04.3 LTS","gcc 13.3.0","",2025-12-05T00:25:13Z
sha256,openssl,1048576,17,60151087,1048576,"processor	: 0",750000000,0,1,"Ubuntu 24.04.3 LTS","gcc 13.3.0","",2025-12-05T00:25:13Z
sha256,openssl,1048576,18,60086337,1048576,"processor	: 0",750000000,0,1,"Ubuntu 24.04.3 LTS","gcc 13.3.0","",2025-12-05T00:25:13Z
sha256,openssl,1048576,19,60109087,1048576,"processor	: 0",750000000,0,1,"Ubuntu 24.04.3 LTS","gcc 13.3.0","",2025-12-05T00:25:13Z
sha512,openssl,16,0,16500,16,"processor	: 0",750000000,0,1,"Ubuntu 24.04.3 LTS","gcc 13.3.0","",2025-12-05T00:25:13Z
sha512,openssl,16,1,20000,16,"processor	: 0",750000000,0,1,"Ubuntu 24.04.3 LTS","gcc 13.3.0","",2025-12-05T00:25:13Z
sha512,openssl,16,2,19500,16,"processor	: 0",750000000,0,1,"Ubuntu 24.04.3 LTS","gcc 13.3.0","",2025-12-05T00:25:13Z
sha512,openssl,16,3,19500,16,"processor	: 0",750000000,0,1,"Ubuntu 24.04.3 LTS","gcc 13.3.0","",2025-12-05T00:25:13Z
sha512,openssl,16,4,19500,16,"processor	: 0",750000000,0,1,"Ubuntu 24.04.3 LTS","gcc 13.3.0","",2025-12-05T00:25:13Z
sha512,openssl,16,5,19500,16,"processor	: 0",750000000,0,1,"Ubuntu 24.04.3 LTS","gcc 13.3.0","",2025-12-05T00:25:13Z
sha512,openssl,16,6,19250,16,"processor	: 0",750000000,0,1,"Ubuntu 24.04.3 LTS","gcc 13.3.0","",2025-12-05T00:25:13Z
sha512,openssl,16,7,19500,16,"processor	: 0",750000000,0,1,"Ubuntu 24.04.3 LTS","gcc 13.3.0","",2025-12-05T00:25:13Z
sha512,openssl,16,8,19500,16,"processor	: 0",750000000,0,1,"Ubuntu 24.04.3 LTS","gcc 13.3.0","",2025-12-05T00:25:13Z
sha512,openssl,16,9,19250,16,"processor	: 0",750000000,0,1,"Ubuntu 24.04.3 LTS","gcc 13.3.0","",2025-12-05T00:25:13Z
sha512,openssl,16,10,19250,16,"processor	: 0",750000000,0,1,"Ubuntu 24.04.3 LTS","gcc 13.3.0","",2025-12-05T00:25:13Z
sha512,openssl,16,11,19500,16,"processor	: 0",750000000,0,1,"Ubuntu 24.04.3 LTS","gcc 13.3.0","",2025-12-05T00:25:13Z
sha512,openssl,16,12,19250,16,"processor	: 0",750000000,0,1,"Ubuntu 24.04.3 LTS","gcc 13.3.0","",2025-12-05T00:25:13Z
sha512,openssl,16,13,19500,16,"processor	: 0",750000000,0,1,"Ubuntu 24.04.3 LTS","gcc 13.3.0","",2025-12-05T00:25:13Z
sha512,openssl,16,14,19250,16,"processor	: 0",750000000,0,1,"Ubuntu 24.04.3 LTS","gcc 13.3.0","",2025-12-05T00:25:13Z
sha512,openssl,16,15,19501,16,"processor	: 0",750000000,0,1,"Ubuntu 24.04.3 LTS","gcc 13.3.0","",2025-12-05T00:25:13Z
sha512,openssl,16,16,19250,16,"processor	: 0",750000000,0,1,"Ubuntu 24.04.3 LTS","gcc 13.3.0","",2025-12-05T00:25:13Z
sha512,openssl,16,17,19500,16,"processor	: 0",750000000,0,1,"Ubuntu 24.04.3 LTS","gcc 13.3.0","",2025-12-05T00:25:13Z
sha512,openssl,16,18,19250,16,"processor	: 0",750000000,0,1,"Ubuntu 24.04.3 LTS","gcc 13.3.0","",2025-12-05T00:25:13Z
sha512,openssl,16,19,19500,16,"processor	: 0",750000000,0,1,"Ubuntu 24.04.3 LTS","gcc 13.3.0","",2025-12-05T00:25:13Z
sha512,openssl,64,0,16000,64,"processor	: 0",750000000,0,1,"Ubuntu 24.04.3 LTS","gcc 13.3.0","",2025-12-05T00:25:13Z
sha512,openssl,64,1,19250,64,"processor	: 0",750000000,0,1,"Ubuntu 24.04.3 LTS","gcc 13.3.0","",2025-12-05T00:25:13Z
sha512,openssl,64,2,19250,64,"processor	: 0",750000000,0,1,"Ubuntu 24.04.3 LTS","gcc 13.3.0","",2025-12-05T00:25:13Z
sha512,openssl,64,3,19250,64,"processor	: 0",750000000,0,1,"Ubuntu 24.04.3 LTS","gcc 13.3.0","",2025-12-05T00:25:13Z
sha512,openssl,64,4,19250,64,"processor	: 0",750000000,0,1,"Ubuntu 24.04.3 LTS","gcc 13.3.0","",2025-12-05T00:25:13Z
sha512,openssl,64,5,19250,64,"processor	: 0",750000000,0,1,"Ubuntu 24.04.3 LTS","gcc 13.3.0","",2025-12-05T00:25:13Z
sha512,openssl,64,6,19250,64,"processor	: 0",750000000,0,1,"Ubuntu 24.04.3 LTS","gcc 13.3.0","",2025-12-05T00:25:13Z
sha512,openssl,64,7,19251,64,"processor	: 0",750000000,0,1,"Ubuntu 24.04.3 LTS","gcc 13.3.0","",2025-12-05T00:25:13Z
sha512,openssl,64,8,19750,64,"processor	: 0",750000000,0,1,"Ubuntu 24.04.3 LTS","gcc 13.3.0","",2025-12-05T00:25:13Z
sha512,openssl,64,9,19250,64,"processor	: 0",750000000,0,1,"Ubuntu 24.04.3 LTS","gcc 13.3.0","",2025-12-05T00:25:13Z
sha512,openssl,64,10,19500,64,"processor	: 0",750000000,0,1,"Ubuntu 24.04.3 LTS","gcc 13.3.0","",2025-12-05T00:25:13Z
sha512,openssl,64,11,19250,64,"processor	: 0",750000000,0,1,"Ubuntu 24.04.3 LTS","gcc 13.3.0","",2025-12-05T00:25:13Z
sha512,openssl,64,12,19500,64,"processor	: 0",750000000,0,1,"Ubuntu 24.04.3 LTS","gcc 13.3.0","",2025-12-05T00:25:13Z
sha512,openssl,64,13,19250,64,"processor	: 0",750000000,0,1,"Ubuntu 24.04.3 LTS","gcc 13.3.0","",2025-12-05T00:25:13Z
sha512,openssl,64,14,19250,64,"processor	: 0",750000000,0,1,"Ubuntu 24.04.3 LTS","gcc 13.3.0","",2025-12-05T00:25:13Z
sha512,openssl,64,15,19250,64,"processor	: 0",750000000,0,1,"Ubuntu 24.04.3 LTS","gcc 13.3.0","",2025-12-05T00:25:13Z
sha512,openssl,64,16,19250,64,"processor	: 0",750000000,0,1,"Ubuntu 24.04.3 LTS","gcc 13.3.0","",2025-12-05T00:25:13Z
sha512,openssl,64,17,19500,64,"processor	: 0",750000000,0,1,"Ubuntu 24.04.3 LTS","gcc 13.3.0","",2025-12-05T00:25:13Z
sha512,openssl,64,18,19500,64,"processor	: 0",750000000,0,1,"Ubuntu 24.04.3 LTS","gcc 13.3.0","",2025-12-05T00:25:13Z
sha512,openssl,64,19,19250,64,"processor	: 0",750000000,0,1,"Ubuntu 24.04.3 LTS","gcc 13.3.0","",2025-12-05T00:25:13Z
sha512,openssl,256,0,23250,256,"processor	: 0",750000000,0,1,"Ubuntu 24.04.3 LTS","gcc 13.3.0","",2025-12-05T00:25:13Z
sha512,openssl,256,1,26750,256,"processor	: 0",750000000,0,1,"Ubuntu 24.04.3 LTS","gcc 13.3.0","",2025-12-05T00:25:13Z
sha512,openssl,256,2,26750,256,"processor	: 0",750000000,0,1,"Ubuntu 24.04.3 LTS","gcc 13.3.0","",2025-12-05T00:25:13Z
sha512,openssl,256,3,26500,256,"processor	: 0",750000000,0,1,"Ubuntu 24.04.3 LTS","gcc 13.3.0","",2025-12-05T00:25:13Z
sha512,openssl,256,4,26500,256,"processor	: 0",750000000,0,1,"Ubuntu 24.04.3 LTS","gcc 13.3.0","",2025-12-05T00:25:13Z
sha512,openssl,256,5,26750,256,"processor	: 0",750000000,0,1,"Ubuntu 24.04.3 LTS","gcc 13.3.0","",2025-12-05T00:25:13Z
sha512,openssl,256,6,26750,256,"processor	: 0",750000000,0,1,"Ubuntu 24.04.3 LTS","gcc 13.3.0","",2025-12-05T00:25:13Z
sha512,openssl,256,7,26750,256,"processor	: 0",750000000,0,1,"Ubuntu 24.04.3 LTS","gcc 13.3.0","",2025-12-05T00:25:13Z
sha512,openssl,256,8,26750,256,"processor	: 0",750000000,0,1,"Ubuntu 24.04.3 LTS","gcc 13.3.0","",2025-12-05T00:25:13Z
sha512,openssl,256,9,26500,256,"processor	: 0",750000000,0,1,"Ubuntu 24.04.3 LTS","gcc 13.3.0","",2025-12-05T00:25:13Z
sha512,openssl,256,10,26750,256,"processor	: 0",750000000,0,1,"Ubuntu 24.04.3 LTS","gcc 13.3.0","",2025-12-05T00:25:13Z
sha512,openssl,256,11,26500,256,"processor	: 0",750000000,0,1,"Ubuntu 24.04.3 LTS","gcc 13.3.0","",2025-12-05T00:25:13Z
sha512,openssl,256,12,26500,256,"processor	: 0",750000000,0,1,"Ubuntu 24.04.3 LTS","gcc 13.3.0","",2025-12-05T00:25:13Z
sha512,openssl,256,13,26500,256,"processor	: 0",750000000,0,1,"Ubuntu 24.04.3 LTS","gcc 13.3.0","",2025-12-05T00:25:13Z
sha512,openssl,256,14,26750,256,"processor	: 0",750000000,0,1,"Ubuntu 24.04.3 LTS","gcc 13.3.0","",2025-12-05T00:25:13Z
sha512,openssl,256,15,29250,256,"processor	: 0",750000000,0,1,"Ubuntu 24.04.3 LTS","gcc 13.3.0","",2025-12-05T00:25:13Z
sha512,openssl,256,16,26750,256,"processor	: 0",750000000,0,1,"Ubuntu 24.04.3 LTS","gcc 13.3.0","",2025-12-05T00:25:13Z
sha512,openssl,256,17,26500,256,"processor	: 0",750000000,0,1,"Ubuntu 24.04.3 LTS","gcc 13.3.0","",2025-12-05T00:25:13Z
sha512,openssl,256,18,26500,256,"processor	: 0",750000000,0,1,"Ubuntu 24.04.3 LTS","gcc 13.3.0","",2025-12-05T00:25:13Z
sha512,openssl,256,19,26500,256,"processor	: 0",750000000,0,1,"Ubuntu 24.04.3 LTS","gcc 13.3.0","",2025-12-05T00:25:13Z
sha512,openssl,1024,0,45500,1024,"processor	: 0",750000000,0,1,"Ubuntu 24.04.3 LTS","gcc 13.3.0","",2025-12-05T00:25:13Z
sha512,openssl,1024,1,49000,1024,"processor	: 0",750000000,0,1,"Ubuntu 24.04.3 LTS","gcc 13.3.0","",2025-12-05T00:25:13Z
sha512,openssl,1024,2,48750,1024,"processor	: 0",750000000,0,1,"Ubuntu 24.04.3 LTS","gcc 13.3.0","",2025-12-05T00:25:13Z
sha512,openssl,1024,3,49000,1024,"processor	: 0",750000000,0,1,"Ubuntu 24.04.3 LTS","gcc 13.3.0","",2025-12-05T00:25:13Z
sha512,openssl,1024,4,48750,1024,"processor	: 0",750000000,0,1,"Ubuntu 24.04.3 LTS","gcc 13.3.0","",2025-12-05T00:25:13Z
sha512,openssl,1024,5,49000,1024,"processor	: 0",750000000,0,1,"Ubuntu 24.04.3 LTS","gcc 13.3.0","",2025-12-05T00:25:13Z
sha512,openssl,1024,6,48750,1024,"processor	: 0",750000000,0,1,"Ubuntu 24.04.3 LTS","gcc 13.3.0","",2025-12-05T00:25:13Z
sha512,openssl,1024,7,48750,1024,"processor	: 0",750000000,0,1,"Ubuntu 24.04.3 LTS","gcc 13.3.0","",2025-12-05T00:25:13Z
sha512,openssl,1024,8,48751,1024,"processor	: 0",750000000,0,1,"Ubuntu 24.04.3 LTS","gcc 13.3.0","",2025-12-05T00:25:13Z
sha512,openssl,1024,9,49000,1024,"processor	: 0",750000000,0,1,"Ubuntu 24.04.3 LTS","gcc 13.3.0","",2025-12-05T00:25:13Z
sha512,openssl,1024,10,48750,1024,"processor	: 0",750000000,0,1,"Ubuntu 24.04.3 LTS","gcc 13.3.0","",2025-12-05T00:25:13Z
sha512,openssl,1024,11,49000,1024,"processor	: 0",750000000,0,1,"Ubuntu 24.04.3 LTS","gcc 13.3.0","",2025-12-05T00:25:13Z
sha512,openssl,1024,12,49000,1024,"processor	: 0",750000000,0,1,"Ubuntu 24.04.3 LTS","gcc 13.3.0","",2025-12-05T00:25:13Z
sha512,openssl,1024,13,49000,1024,"processor	: 0",750000000,0,1,"Ubuntu 24.04.3 LTS","gcc 13.3.0","",2025-12-05T00:25:13Z
sha512,openssl,1024,14,48750,1024,"processor	: 0",750000000,0,1,"Ubuntu 24.04.3 LTS","gcc 13.3.0","",2025-12-05T00:25:13Z
sha512,openssl,1024,15,49000,1024,"processor	: 0",750000000,0,1,"Ubuntu 24.04.3 LTS","gcc 13.3.0","",2025-12-05T00:25:13Z
sha512,openssl,1024,16,49000,1024,"processor	: 0",750000000,0,1,"Ubuntu 24.04.3 LTS","gcc 13.3.0","",2025-12-05T00:25:13Z
sha512,openssl,1024,17,49000,1024,"processor	: 0",750000000,0,1,"Ubuntu 24.04.3 LTS","gcc 13.3.0","",2025-12-05T00:25:13Z
sha512,openssl,1024,18,49000,1024,"processor	: 0",750000000,0,1,"Ubuntu 24.04.3 LTS","gcc 13.3.0","",2025-12-05T00:25:13Z
sha512,openssl,1024,19,49000,1024,"processor	: 0",750000000,0,1,"Ubuntu 24.04.3 LTS","gcc 13.3.0","",2025-12-05T00:25:13Z
sha512,openssl,4096,0,134250,4096,"processor	: 0",750000000,0,1,"Ubuntu 24.04.3 LTS","gcc 13.3.0","",2025-12-05T00:25:13Z
sha512,openssl,4096,1,140501,4096,"processor	: 0",750000000,0,1,"Ubuntu 24.04.3 LTS","gcc 13.3.0","",2025-12-05T00:25:13Z
sha512,openssl,4096,2,138000,4096,"processor	: 0",750000000,0,1,"Ubuntu 24.04.3 LTS","gcc 13.3.0","",2025-12-05T00:25:13Z
sha512,openssl,4096,3,138000,4096,"processor	: 0",750000000,0,1,"Ubuntu 24.04.3 LTS","gcc 13.3.0","",2025-12-05T00:25:13Z
sha512,openssl,4096,4,138250,4096,"processor	: 0",750000000,0,1,"Ubuntu 24.04.3 LTS","gcc 13.3.0","",2025-12-05T00:25:13Z
sha512,openssl,4096,5,138251,4096,"processor	: 0",750000000,0,1,"Ubuntu 24.04.3 LTS","gcc 13.3.0","",2025-12-05T00:25:13Z
sha512,openssl,4096,6,138000,4096,"processor	: 0",750000000,0,1,"Ubuntu 24.04.3 LTS","gcc 13.3.0","",2025-12-05T00:25:13Z
sha512,openssl,4096,7,138000,4096,"processor	: 0",750000000,0,1,"Ubuntu 24.04.3 LTS","gcc 13.3.0","",2025-12-05T00:25:13Z
sha512,openssl,4096,8,140750,4096,"processor	: 0",750000000,0,1,"Ubuntu 24.04.3 LTS","gcc 13.3.0","",2025-12-05T00:25:13Z
sha512,openssl,4096,9,138001,4096,"processor	: 0",750000000,0,1,"Ubuntu 24.04.3 LTS","gcc 13.3.0","",2025-12-05T00:25:13Z
sha512,openssl,4096,10,138000,4096,"processor	: 0",750000000,0,1,"Ubuntu 24.04.3 LTS","gcc 13.3.0","",2025-12-05T00:25:13Z
sha512,openssl,4096,11,138000,4096,"processor	: 0",750000000,0,1,"Ubuntu 24.04.3 LTS","gcc 13.3.0","",2025-12-05T00:25:13Z
sha512,openssl,4096,12,137750,4096,"processor	: 0",750000000,0,1,"Ubuntu 24.04.3 LTS","gcc 13.3.0","",2025-12-05T00:25:13Z
sha512,openssl,4096,13,138001,4096,"processor	: 0",750000000,0,1,"Ubuntu 24.04.3 LTS","gcc 13.3.0","",2025-12-05T00:25:13Z
sha512,openssl,4096,14,138000,4096,"processor	: 0",750000000,0,1,"Ubuntu 24.04.3 LTS","gcc 13.3.0","",2025-12-05T00:25:13Z
sha512,openssl,4096,15,138000,4096,"processor	: 0",750000000,0,1,"Ubuntu 24.04.3 LTS","gcc 13.3.0","",2025-12-05T00:25:13Z
sha512,openssl,4096,16,138000,4096,"processor	: 0",750000000,0,1,"Ubuntu 24.04.3 LTS","gcc 13.3.0","",2025-12-05T00:25:13Z
sha512,openssl,4096,17,138001,4096,"processor	: 0",750000000,0,1,"Ubuntu 24.04.3 LTS","gcc 13.3.0","",2025-12-05T00:25:13Z
sha512,openssl,4096,18,138000,4096,"processor	: 0",750000000,0,1,"Ubuntu 24.04.3 LTS","gcc 13.3.0","",2025-12-05T00:25:13Z
sha512,openssl,4096,19,138000,4096,"processor	: 0",750000000,0,1,"Ubuntu 24.04.3 LTS","gcc 13.3.0","",2025-12-05T00:25:13Z
sha512,openssl,16384,0,489500,16384,"processor	: 0",750000000,0,1,"Ubuntu 24.04.3 LTS","gcc 13.3.0","",2025-12-05T00:25:13Z
sha512,openssl,16384,1,495251,16384,"processor	: 0",750000000,0,1,"Ubuntu 24.04.3 LTS","gcc 13.3.0","",2025-12-05T00:25:13Z
sha512,openssl,16384,2,495001,16384,"processor	: 0",750000000,0,1,"Ubuntu 24.04.3 LTS","gcc 13.3.0","",2025-12-05T00:25:13Z
sha512,openssl,16384,3,495501,16384,"processor	: 0",750000000,0,1,"Ubuntu 24.04.3 LTS","gcc 13.3.0","",2025-12-05T00:25:13Z
sha512,openssl,16384,4,495250,16384,"processor	: 0",750000000,0,1,"Ubuntu 24.04.3 LTS","gcc 13.3.0","",2025-12-05T00:25:13Z
sha512,openssl,16384,5,495250,16384,"processor	: 0",750000000,0,1,"Ubuntu 24.04.3 LTS","gcc 13.3.0","",2025-12-05T00:25:13Z
sha512,openssl,16384,6,499251,16384,"processor	: 0",750000000,0,1,"Ubuntu 24.04.3 LTS","gcc 13.3.0","",2025-12-05T00:25:13Z
sha512,openssl,16384,7,498251,16384,"processor	: 0",750000000,0,1,"Ubuntu 24.04.3 LTS","gcc 13.3.0","",2025-12-05T00:25:13Z
sha512,openssl,16384,8,495501,16384,"processor	: 0",750000000,0,1,"Ubuntu 24.04.3 LTS","gcc 13.3.0","",2025-12-05T00:25:13Z
sha512,openssl,16384,9,495250,16384,"processor	: 0",750000000,0,1,"Ubuntu 24.04.3 LTS","gcc 13.3.0","",2025-12-05T00:25:13Z
sha512,openssl,16384,10,495251,16384,"processor	: 0",750000000,0,1,"Ubuntu 24.04.3 LTS","gcc 13.3.0","",2025-12-05T00:25:13Z
sha512,openssl,16384,11,495251,16384,"processor	: 0",750000000,0,1,"Ubuntu 24.04.3 LTS","gcc 13.3.0","",2025-12-05T00:25:13Z
sha512,openssl,16384,12,495251,16384,"processor	: 0",750000000,0,1,"Ubuntu 24.04.3 LTS","gcc 13.3.0","",2025-12-05T00:25:13Z
sha512,openssl,16384,13,495000,16384,"processor	: 0",750000000,0,1,"Ubuntu 24.04.3 LTS","gcc 13.3.0","",2025-12-05T00:25:13Z
sha512,openssl,16384,14,495251,16384,"processor	: 0",750000000,0,1,"Ubuntu 24.04.3 LTS","gcc 13.3.0","",2025-12-05T00:25:13Z
sha512,openssl,16384,15,495251,16384,"processor	: 0",750000000,0,1,"Ubuntu 24.04.3 LTS","gcc 13.3.0","",2025-12-05T00:25:13Z
sha512,openssl,16384,16,495251,16384,"processor	: 0",750000000,0,1,"Ubuntu 24.04.3 LTS","gcc 13.3.0","",2025-12-05T00:25:13Z
sha512,openssl,16384,17,495000,16384,"processor	: 0",750000000,0,1,"Ubuntu 24.04.3 LTS","gcc 13.3.0","",2025-12-05T00:25:13Z
sha512,openssl,16384,18,495251,16384,"processor	: 0",750000000,0,1,"Ubuntu 24.04.3 LTS","gcc 13.3.0","",2025-12-05T00:25:13Z
sha512,openssl,16384,19,495001,16384,"processor	: 0",750000000,0,1,"Ubuntu 24.04.3 LTS","gcc 13.3.0","",2025-12-05T00:25:13Z
sha512,openssl,65536,0,1928002,65536,"processor	: 0",750000000,0,1,"Ubuntu 24.04.3 LTS","gcc 13.3.0","",2025-12-05T00:25:13Z
sha512,openssl,65536,1,1931503,65536,"processor	: 0",750000000,0,1,"Ubuntu 24.04.3 LTS","gcc 13.3.0","",2025-12-05T00:25:13Z
sha512,openssl,65536,2,1932003,65536,"processor	: 0",750000000,0,1,"Ubuntu 24.04.3 LTS","gcc 13.3.0","",2025-12-05T00:25:13Z
sha512,openssl,65536,3,1929753,65536,"processor	: 0",750000000,0,1,"Ubuntu 24.04.3 LTS","gcc 13.3.0","",2025-12-05T00:25:13Z
sha512,openssl,65536,4,1975253,65536,"processor	: 0",750000000,0,1,"Ubuntu 24.04.3 LTS","gcc 13.3.0","",2025-12-05T00:25:13Z
sha512,openssl,65536,5,1932253,65536,"processor	: 0",750000000,0,1,"Ubuntu 24.04.3 LTS","gcc 13.3.0","",2025-12-05T00:25:13Z
sha512,openssl,65536,6,1929753,65536,"processor	: 0",750000000,0,1,"Ubuntu 24.04.3 LTS","gcc 13.3.0","",2025-12-05T00:25:13Z
sha512,openssl,65536,7,1929502,65536,"processor	: 0",750000000,0,1,"Ubuntu 24.04.3 LTS","gcc 13.3.0","",2025-12-05T00:25:13Z
sha512,openssl,65536,8,1929753,65536,"processor	: 0",750000000,0,1,"Ubuntu 24.04.3 LTS","gcc 13.3.0","",2025-12-05T00:25:13Z
sha512,openssl,65536,9,1929753,65536,"processor	: 0",750000000,0,1,"Ubuntu 24.04.3 LTS","gcc 13.3.0","",2025-12-05T00:25:13Z
sha512,openssl,65536,10,1984753,65536,"processor	: 0",750000000,0,1,"Ubuntu 24.04.3 LTS","gcc 13.3.0","",2025-12-05T00:25:13Z
sha512,openssl,65536,11,1932253,65536,"processor	: 0",750000000,0,1,"Ubuntu 24.04.3 LTS","gcc 13.3.0","",2025-12-05T00:25:13Z
sha512,openssl,65536,12,1930003,65536,"processor	: 0",750000000,0,1,"Ubuntu 24.04.3 LTS","gcc 13.3.0","",2025-12-05T00:25:13Z
sha512,openssl,65536,13,1929502,65536,"processor	: 0",750000000,0,1,"Ubuntu 24.04.3 LTS","gcc 13.3.0","",2025-12-05T00:25:13Z
sha512,openssl,65536,14,1929752,65536,"processor	: 0",750000000,0,1,"Ubuntu 24.04.3 LTS","gcc 13.3.0","",2025-12-05T00:25:13Z
sha512,openssl,65536,15,1962253,65536,"processor	: 0",750000000,0,1,"Ubuntu 24.04.3 LTS","gcc 13.3.0","",2025-12-05T00:25:13Z
sha512,openssl,65536,16,1931753,65536,"processor	: 0",750000000,0,1,"Ubuntu 24.04.3 LTS","gcc 13.3.0","",2025-12-05T00:25:13Z
sha512,openssl,65536,17,1929753,65536,"processor	: 0",750000000,0,1,"Ubuntu 24.04.3 LTS","gcc 13.3.0","",2025-12-05T00:25:13Z
sha512,openssl,65536,18,1929503,65536,"processor	: 0",750000000,0,1,"Ubuntu 24.04.3 LTS","gcc 13.3.0","",2025-12-05T00:25:13Z
sha512,openssl,65536,19,1929503,65536,"processor	: 0",750000000,0,1,"Ubuntu 24.04.3 LTS","gcc 13.3.0","",2025-12-05T00:25:13Z
sha512,openssl,262144,0,7651511,262144,"processor	: 0",750000000,0,1,"Ubuntu 24.04.3 LTS","gcc 13.3.0","",2025-12-05T00:25:13Z
sha512,openssl,262144,1,7688261,262144,"processor	: 0",750000000,0,1,"Ubuntu 24.04.3 LTS","gcc 13.3.0","",2025-12-05T00:25:13Z
sha512,openssl,262144,2,7687511,262144,"processor	: 0",750000000,0,1,"Ubuntu 24.04.3 LTS","gcc 13.3.0","",2025-12-05T00:25:13Z
sha512,openssl,262144,3,7687511,262144,"processor	: 0",750000000,0,1,"Ubuntu 24.04.3 LTS","gcc 13.3.0","",2025-12-05T00:25:13Z
sha512,openssl,262144,4,7655011,262144,"processor	: 0",750000000,0,1,"Ubuntu 24.04.3 LTS","gcc 13.3.0","",2025-12-05T00:25:13Z
sha512,openssl,262144,5,7685262,262144,"processor	: 0",750000000,0,1,"Ubuntu 24.04.3 LTS","gcc 13.3.0","",2025-12-05T00:25:13Z
sha512,openssl,262144,6,7703511,262144,"processor	: 0",750000000,0,1,"Ubuntu 24.04.3 LTS","gcc 13.3.0","",2025-12-05T00:25:13Z
sha512,openssl,262144,7,7688011,262144,"processor	: 0",750000000,0,1,"Ubuntu 24.04.3 LTS","gcc 13.3.0","",2025-12-05T00:25:13Z
sha512,openssl,262144,8,7689761,262144,"processor	: 0",750000000,0,1,"Ubuntu 24.04.3 LTS","gcc 13.3.0","",2025-12-05T00:25:13Z
sha512,openssl,262144,9,7655011,262144,"processor	: 0",750000000,0,1,"Ubuntu 24.04.3 LTS","gcc 13.3.0","",2025-12-05T00:25:13Z
sha512,openssl,262144,10,7685512,262144,"processor	: 0",750000000,0,1,"Ubuntu 24.04.3 LTS","gcc 13.3.0","",2025-12-05T00:25:13Z
sha512,openssl,262144,11,7687761,262144,"processor	: 0",750000000,0,1,"Ubuntu 24.04.3 LTS","gcc 13.3.0","",2025-12-05T00:25:13Z
sha512,openssl,262144,12,7690511,262144,"processor	: 0",750000000,0,1,"Ubuntu 24.04.3 LTS","gcc 13.3.0","",2025-12-05T00:25:13Z
sha512,openssl,262144,13,7656261,262144,"processor	: 0",750000000,0,1,"Ubuntu 24.04.3 LTS","gcc 13.3.0","",2025-12-05T00:25:13Z
sha512,openssl,262144,14,7688511,262144,"processor	: 0",750000000,0,1,"Ubuntu 24.04.3 LTS","gcc 13.3.0","",2025-12-05T00:25:13Z
sha512,openssl,262144,15,7688011,262144,"processor	: 0",750000000,0,1,"Ubuntu 24.04.3 LTS","gcc 13.3.0","",2025-12-05T00:25:13Z
sha512,openssl,262144,16,7687511,262144,"processor	: 0",750000000,0,1,"Ubuntu 24.04.3 LTS","gcc 13.3.0","",2025-12-05T00:25:13Z
sha512,openssl,262144,17,7655011,262144,"processor	: 0",750000000,0,1,"Ubuntu 24.04.3 LTS","gcc 13.3.0","",2025-12-05T00:25:13Z
sha512,openssl,262144,18,7689011,262144,"processor	: 0",750000000,0,1,"Ubuntu 24.04.3 LTS","gcc 13.3.0","",2025-12-05T00:25:13Z
sha512,openssl,262144,19,7687761,262144,"processor	: 0",750000000,0,1,"Ubuntu 24.04.3 LTS","gcc 13.3.0","",2025-12-05T00:25:13Z
sha512,openssl,1048576,0,30945545,1048576,"processor	: 0",750000000,0,1,"Ubuntu 24.04.3 LTS","gcc 13.3.0","",2025-12-05T00:25:14Z
sha512,openssl,1048576,1,30660794,1048576,"processor	: 0",750000000,0,1,"Ubuntu 24.04.3 LTS","gcc 13.3.0","",2025-12-05T00:25:14Z
sha512,openssl,1048576,2,30668795,1048576,"processor	: 0",750000000,0,1,"Ubuntu 24.04.3 LTS","gcc 13.3.0","",2025-12-05T00:25:14Z
sha512,openssl,1048576,3,30654794,1048576,"processor	: 0",750000000,0,1,"Ubuntu 24.04.3 LTS","gcc 13.3.0","",2025-12-05T00:25:14Z
sha512,openssl,1048576,4,30646045,1048576,"processor	: 0",750000000,0,1,"Ubuntu 24.04.3 LTS","gcc 13.3.0","",2025-12-05T00:25:14Z
sha512,openssl,1048576,5,30665044,1048576,"processor	: 0",750000000,0,1,"Ubuntu 24.04.3 LTS","gcc 13.3.0","",2025-12-05T00:25:14Z
sha512,openssl,1048576,6,30649045,1048576,"processor	: 0",750000000,0,1,"Ubuntu 24.04.3 LTS","gcc 13.3.0","",2025-12-05T00:25:14Z
sha512,openssl,1048576,7,30646794,1048576,"processor	: 0",750000000,0,1,"Ubuntu 24.04.3 LTS","gcc 13.3.0","",2025-12-05T00:25:14Z
sha512,openssl,1048576,8,30700794,1048576,"processor	: 0",750000000,0,1,"Ubuntu 24.04.3 LTS","gcc 13.3.0","",2025-12-05T00:25:14Z
sha512,openssl,1048576,9,30678294,1048576,"processor	: 0",750000000,0,1,"Ubuntu 24.04.3 LTS","gcc 13.3.0","",2025-12-05T00:25:14Z
sha512,openssl,1048576,10,30663794,1048576,"processor	: 0",750000000,0,1,"Ubuntu 24.04.3 LTS","gcc 13.3.0","",2025-12-05T00:25:14Z
sha512,openssl,1048576,11,30650545,1048576,"processor	: 0",750000000,0,1,"Ubuntu 24.04.3 LTS","gcc 13.3.0","",2025-12-05T00:25:14Z
sha512,openssl,1048576,12,30654544,1048576,"processor	: 0",750000000,0,1,"Ubuntu 24.04.3 LTS","gcc 13.3.0","",2025-12-05T00:25:14Z
sha512,openssl,1048576,13,30689295,1048576,"processor	: 0",750000000,0,1,"Ubuntu 24.04.3 LTS","gcc 13.3.0","",2025-12-05T00:25:14Z
sha512,openssl,1048576,14,30644794,1048576,"processor	: 0",750000000,0,1,"Ubuntu 24.04.3 LTS","gcc 13.3.0","",2025-12-05T00:25:14Z
sha512,openssl,1048576,15,30653294,1048576,"processor	: 0",750000000,0,1,"Ubuntu 24.04.3 LTS","gcc 13.3.0","",2025-12-05T00:25:14Z
sha512,openssl,1048576,16,30651544,1048576,"processor	: 0",750000000,0,1,"Ubuntu 24.04.3 LTS","gcc 13.3.0","",2025-12-05T00:25:14Z
sha512,openssl,1048576,17,30659544,1048576,"processor	: 0",750000000,0,1,"Ubuntu 24.04.3 LTS","gcc 13.3.0","",2025-12-05T00:25:14Z
sha512,openssl,1048576,18,30641545,1048576,"processor	: 0",750000000,0,1,"Ubuntu 24.04.3 LTS","gcc 13.3.0","",2025-12-05T00:25:14Z
sha512,openssl,1048576,19,30646794,1048576,"processor	: 0",750000000,0,1,"Ubuntu 24.04.3 LTS","gcc 13.3.0","",2025-12-05T00:25:14Z
sha3-256,openssl,16,0,19500,16,"processor	: 0",750000000,0,1,"Ubuntu 24.04.3 LTS","gcc 13.3.0","",2025-12-05T00:25:14Z
sha3-256,openssl,16,1,21250,16,"processor	: 0",750000000,0,1,"Ubuntu 24.04.3 LTS","gcc 13.3.0","",2025-12-05T00:25:14Z
sha3-256,openssl,16,2,21000,16,"processor	: 0",750000000,0,1,"Ubuntu 24.04.3 LTS","gcc 13.3.0","",2025-12-05T00:25:14Z
sha3-256,openssl,16,3,21250,16,"processor	: 0",750000000,0,1,"Ubuntu 24.04.3 LTS","gcc 13.3.0","",2025-12-05T00:25:14Z
sha3-256,openssl,16,4,21250,16,"processor	: 0",750000000,0,1,"Ubuntu 24.04.3 LTS","gcc 13.3.0","",2025-12-05T00:25:14Z
sha3-256,openssl,16,5,21000,16,"processor	: 0",750000000,0,1,"Ubuntu 24.04.3 LTS","gcc 13.3.0","",2025-12-05T00:25:14Z
sha3-256,openssl,16,6,23750,16,"processor	: 0",750000000,0,1,"Ubuntu 24.04.3 LTS","gcc 13.3.0","",2025-12-05T00:25:14Z
sha3-256,openssl,16,7,21000,16,"processor	: 0",750000000,0,1,"Ubuntu 24.04.3 LTS","gcc 13.3.0","",2025-12-05T00:25:14Z
sha3-256,openssl,16,8,21000,16,"processor	: 0",750000000,0,1,"Ubuntu 24.04.3 LTS","gcc 13.3.0","",2025-12-05T00:25:14Z
sha3-256,openssl,16,9,20750,16,"processor	: 0",750000000,0,1,"Ubuntu 24.04.3 LTS","gcc 13.3.0","",2025-12-05T00:25:14Z
sha3-256,openssl,16,10,21250,16,"processor	: 0",750000000,0,1,"Ubuntu 24.04.3 LTS","gcc 13.3.0","",2025-12-05T00:25:14Z
sha3-256,openssl,16,11,20750,16,"processor	: 0",750000000,0,1,"Ubuntu 24.04.3 LTS","gcc 13.3.0","",2025-12-05T00:25:14Z
sha3-256,openssl,16,12,21000,16,"processor	: 0",750000000,0,1,"Ubuntu 24.04.3 LTS","gcc 13.3.0","",2025-12-05T00:25:14Z
sha3-256,openssl,16,13,21250,16,"processor	: 0",750000000,0,1,"Ubuntu 24.04.3 LTS","gcc 13.3.0","",2025-12-05T00:25:14Z
sha3-256,openssl,16,14,21250,16,"processor	: 0",750000000,0,1,"Ubuntu 24.04.3 LTS","gcc 13.3.0","",2025-12-05T00:25:14Z
sha3-256,openssl,16,15,21000,16,"processor	: 0",750000000,0,1,"Ubuntu 24.04.3 LTS","gcc 13.3.0","",2025-12-05T00:25:14Z
sha3-256,openssl,16,16,21000,16,"processor	: 0",750000000,0,1,"Ubuntu 24.04.3 LTS","gcc 13.3.0","",2025-12-05T00:25:14Z
sha3-256,openssl,16,17,20750,16,"processor	: 0",750000000,0,1,"Ubuntu 24.04.3 LTS","gcc 13.3.0","",2025-12-05T00:25:14Z
sha3-256,openssl,16,18,21000,16,"processor	: 0",750000000,0,1,"Ubuntu 24.04.3 LTS","gcc 13.3.0","",2025-12-05T00:25:14Z
sha3-256,openssl,16,19,21000,16,"processor	: 0",750000000,0,1,"Ubuntu 24.04.3 LTS","gcc 13.3.0","",2025-12-05T00:25:14Z
sha3-256,openssl,64,0,19250,64,"processor	: 0",750000000,0,1,"Ubuntu 24.04.3 LTS","gcc 13.3.0","",2025-12-05T00:25:14Z
sha3-256,openssl,64,1,21000,64,"processor	: 0",750000000,0,1,"Ubuntu 24.04.3 LTS","gcc 13.3.0","",2025-12-05T00:25:14Z
sha3-256,openssl,64,2,20750,64,"processor	: 0",750000000,0,1,"Ubuntu 24.04.3 LTS","gcc 13.3.0","",2025-12-05T00:25:14Z
sha3-256,openssl,64,3,20750,64,"processor	: 0",750000000,0,1,"Ubuntu 24.04.3 LTS","gcc 13.3.0","",2025-12-05T00:25:14Z
sha3-256,openssl,64,4,21000,64,"processor	: 0",750000000,0,1,"Ubuntu 24.04.3 LTS","gcc 13.3.0","",2025-12-05T00:25:14Z
sha3-256,openssl,64,5,20750,64,"processor	: 0",750000000,0,1,"Ubuntu 24.04.3 LTS","gcc 13.3.0","",2025-12-05T00:25:14Z
sha3-256,openssl,64,6,20750,64,"processor	: 0",750000000,0,1,"Ubuntu 24.04.3 LTS","gcc 13.3.0","",2025-12-05T00:25:14Z
sha3-256,openssl,64,7,21001,64,"processor	: 0",750000000,0,1,"Ubuntu 24.04.3 LTS","gcc 13.3.0","",2025-12-05T00:25:14Z
sha3-256,openssl,64,8,20750,64,"processor	: 0",750000000,0,1,"Ubuntu 24.04.3 LTS","gcc 13.3.0","",2025-12-05T00:25:14Z
sha3-256,openssl,64,9,21000,64,"processor	: 0",750000000,0,1,"Ubuntu 24.04.3 LTS","gcc 13.3.0","",2025-12-05T00:25:14Z
sha3-256,openssl,64,10,20750,64,"processor	: 0",750000000,0,1,"Ubuntu 24.04.3 LTS","gcc 13.3.0","",2025-12-05T00:25:14Z
sha3-256,openssl,64,11,21000,64,"processor	: 0",750000000,0,1,"Ubuntu 24.04.3 LTS","gcc 13.3.0","",2025-12-05T00:25:14Z
sha3-256,openssl,64,12,20750,64,"processor	: 0",750000000,0,1,"Ubuntu 24.04.3 LTS","gcc 13.3.0","",2025-12-05T00:25:14Z
sha3-256,openssl,64,13,20750,64,"processor	: 0",750000000,0,1,"Ubuntu 24.04.3 LTS","gcc 13.3.0","",2025-12-05T00:25:14Z
sha3-256,openssl,64,14,21000,64,"processor	: 0",750000000,0,1,"Ubuntu 24.04.3 LTS","gcc 13.3.0","",2025-12-05T00:25:14Z
sha3-256,openssl,64,15,20750,64,"processor	: 0",750000000,0,1,"Ubuntu 24.04.3 LTS","gcc 13.3.0","",2025-12-05T00:25:14Z
sha3-256,openssl,64,16,21000,64,"processor	: 0",750000000,0,1,"Ubuntu 24.04.3 LTS","gcc 13.3.0","",2025-12-05T00:25:14Z
sha3-256,openssl,64,17,20750,64,"processor	: 0",750000000,0,1,"Ubuntu 24.04.3 LTS","gcc 13.3.0","",2025-12-05T00:25:14Z
sha3-256,openssl,64,18,20750,64,"processor	: 0",750000000,0,1,"Ubuntu 24.04.3 LTS","gcc 13.3.0","",2025-12-05T00:25:14Z
sha3-256,openssl,64,19,20750,64,"processor	: 0",750000000,0,1,"Ubuntu 24.04.3 LTS","gcc 13.3.0","",2025-12-05T00:25:14Z
sha3-256,openssl,256,0,26250,256,"processor	: 0",750000000,0,1,"Ubuntu 24.04.3 LTS","gcc 13.3.0","",2025-12-05T00:25:14Z
sha3-256,openssl,256,1,27750,256,"processor	: 0",750000000,0,1,"Ubuntu 24.04.3 LTS","gcc 13.3.0","",2025-12-05T00:25:14Z
sha3-256,openssl,256,2,28000,256,"processor	: 0",750000000,0,1,"Ubuntu 24.04.3 LTS","gcc 13.3.0","",2025-12-05T00:25:14Z
sha3-256,openssl,256,3,28000,256,"processor	: 0",750000000,0,1,"Ubuntu 24.04.3 LTS","gcc 13.3.0","",2025-12-05T00:25:14Z
sha3-256,openssl,256,4,28000,256,"processor	: 0",750000000,0,1,"Ubuntu 24.04.3 LTS","gcc 13.3.0","",2025-12-05T00:25:14Z
sha3-256,openssl,256,5,27750,256,"processor	: 0",750000000,0,1,"Ubuntu 24.04.3 LTS","gcc 13.3.0","",2025-12-05T00:25:14Z
sha3-256,openssl,256,6,28000,256,"processor	: 0",750000000,0,1,"Ubuntu 24.04.3 LTS","gcc 13.3.0","",2025-12-05T00:25:14Z
sha3-256,openssl,256,7,28000,256,"processor	: 0",750000000,0,1,"Ubuntu 24.04.3 LTS","gcc 13.3.0","",2025-12-05T00:25:14Z
sha3-256,openssl,256,8,27750,256,"processor	: 0",750000000,0,1,"Ubuntu 24.04.3 LTS","gcc 13.3.0","",2025-12-05T00:25:14Z
sha3-256,openssl,256,9,27750,256,"processor	: 0",750000000,0,1,"Ubuntu 24.04.3 LTS","gcc 13.3.0","",2025-12-05T00:25:14Z
sha3-256,openssl,256,10,27750,256,"processor	: 0",750000000,0,1,"Ubuntu 24.04.3 LTS","gcc 13.3.0","",2025-12-05T00:25:14Z
sha3-256,openssl,256,11,27750,256,"processor	: 0",750000000,0,1,"Ubuntu 24.04.3 LTS","gcc 13.3.0","",2025-12-05T00:25:14Z
sha3-256,openssl,256,12,28000,256,"processor	: 0",750000000,0,1,"Ubuntu 24.04.3 LTS","gcc 13.3.0","",2025-12-05T00:25:14Z
sha3-256,openssl,256,13,27750,256,"processor	: 0",750000000,0,1,"Ubuntu 24.04.3 LTS","gcc 13.3.0","",2025-12-05T00:25:14Z
sha3-256,openssl,256,14,28000,256,"processor	: 0",750000000,0,1,"Ubuntu 24.04.3 LTS","gcc 13.3.0","",2025-12-05T00:25:14Z
sha3-256,openssl,256,15,27750,256,"processor	: 0",750000000,0,1,"Ubuntu 24.04.3 LTS","gcc 13.3.0","",2025-12-05T00:25:14Z
sha3-256,openssl,256,16,27750,256,"processor	: 0",750000000,0,1,"Ubuntu 24.04.3 LTS","gcc 13.3.0","",2025-12-05T00:25:14Z
sha3-256,openssl,256,17,27750,256,"processor	: 0",750000000,0,1,"Ubuntu 24.04.3 LTS","gcc 13.3.0","",2025-12-05T00:25:14Z
sha3-256,openssl,256,18,27750,256,"processor	: 0",750000000,0,1,"Ubuntu 24.04.3 LTS","gcc 13.3.0","",2025-12-05T00:25:14Z
sha3-256,openssl,256,19,27750,256,"processor	: 0",750000000,0,1,"Ubuntu 24.04.3 LTS","gcc 13.3.0","",2025-12-05T00:25:14Z
sha3-256,openssl,1024,0,67750,1024,"processor	: 0",750000000,0,1,"Ubuntu 24.04.3 LTS","gcc 13.3.0","",2025-12-05T00:25:14Z
sha3-256,openssl,1024,1,69500,1024,"processor	: 0",750000000,0,1,"Ubuntu 24.04.3 LTS","gcc 13.3.0","",2025-12-05T00:25:14Z
sha3-256,openssl,1024,2,69500,1024,"processor	: 0",750000000,0,1,"Ubuntu 24.04.3 LTS","gcc 13.3.0","",2025-12-05T00:25:14Z
sha3-256,openssl,1024,3,69500,1024,"processor	: 0",750000000,0,1,"Ubuntu 24.04.3 LTS","gcc 13.3.0","",2025-12-05T00:25:14Z
sha3-256,openssl,1024,4,69500,1024,"processor	: 0",750000000,0,1,"Ubuntu 24.04.3 LTS","gcc 13.3.0","",2025-12-05T00:25:14Z
sha3-256,openssl,1024,5,69500,1024,"processor	: 0",750000000,0,1,"Ubuntu 24.04.3 LTS","gcc 13.3.0","",2025-12-05T00:25:14Z
sha3-256,openssl,1024,6,69500,1024,"processor	: 0",750000000,0,1,"Ubuntu 24.04.3 LTS","gcc 13.3.0","",2025-12-05T00:25:14Z
sha3-256,openssl,1024,7,69500,1024,"processor	: 0",750000000,0,1,"Ubuntu 24.04.3 LTS","gcc 13.3.0","",2025-12-05T00:25:14Z
sha3-256,openssl,1024,8,69500,1024,"processor	: 0",750000000,0,1,"Ubuntu 24.04.3 LTS","gcc 13.3.0","",2025-12-05T00:25:14Z
sha3-256,openssl,1024,9,69500,1024,"processor	: 0",750000000,0,1,"Ubuntu 24.04.3 LTS","gcc 13.3.0","",2025-12-05T00:25:14Z
sha3-256,openssl,1024,10,69250,1024,"processor	: 0",750000000,0,1,"Ubuntu 24.04.3 LTS","gcc 13.3.0","",2025-12-05T00:25:14Z
sha3-256,openssl,1024,11,69250,1024,"processor	: 0",750000000,0,1,"Ubuntu 24.04.3 LTS","gcc 13.3.0","",2025-12-05T00:25:14Z
sha3-256,openssl,1024,12,69501,1024,"processor	: 0",750000000,0,1,"Ubuntu 24.04.3 LTS","gcc 13.3.0","",2025-12-05T00:25:14Z
sha3-256,openssl,1024,13,69500,1024,"processor	: 0",750000000,0,1,"Ubuntu 24.04.3 LTS","gcc 13.3.0","",2025-12-05T00:25:14Z
sha3-256,openssl,1024,14,72250,1024,"processor	: 0",750000000,0,1,"Ubuntu 24.04.3 LTS","gcc 13.3.0","",2025-12-05T00:25:14Z
sha3-256,openssl,1024,15,69250,1024,"processor	: 0",750000000,0,1,"Ubuntu 24.04.3 LTS","gcc 13.3.0","",2025-12-05T00:25:14Z
sha3-256,openssl,1024,16,69500,1024,"processor	: 0",750000000,0,1,"Ubuntu 24.04.3 LTS","gcc 13.3.0","",2025-12-05T00:25:14Z
sha3-256,openssl,1024,17,107000,1024,"processor	: 0",750000000,0,1,"Ubuntu 24.04.3 LTS","gcc 13.3.0","",2025-12-05T00:25:14Z
sha3-256,openssl,1024,18,72001,1024,"processor	: 0",750000000,0,1,"Ubuntu 24.04.3 LTS","gcc 13.3.0","",2025-12-05T00:25:14Z
sha3-256,openssl,1024,19,69500,1024,"processor	: 0",750000000,0,1,"Ubuntu 24.04.3 LTS","gcc 13.3.0","",2025-12-05T00:25:14Z
sha3-256,openssl,4096,0,226250,4096,"processor	: 0",750000000,0,1,"Ubuntu 24.04.3 LTS","gcc 13.3.0","",2025-12-05T00:25:14Z
sha3-256,openssl,4096,1,228250,4096,"processor	: 0",750000000,0,1,"Ubuntu 24.04.3 LTS","gcc 13.3.0","",2025-12-05T00:25:14Z
sha3-256,openssl,4096,2,228751,4096,"processor	: 0",750000000,0,1,"Ubuntu 24.04.3 LTS","gcc 13.3.0","",2025-12-05T00:25:14Z
sha3-256,openssl,4096,3,228500,4096,"processor	: 0",750000000,0,1,"Ubuntu 24.04.3 LTS","gcc 13.3.0","",2025-12-05T00:25:14Z
sha3-256,openssl,4096,4,228250,4096,"processor	: 0",750000000,0,1,"Ubuntu 24.04.3 LTS","gcc 13.3.0","",2025-12-05T00:25:14Z
sha3-256,openssl,4096,5,228000,4096,"processor	: 0",750000000,0,1,"Ubuntu 24.04.3 LTS","gcc 13.3.0","",2025-12-05T00:25:14Z
sha3-256,openssl,4096,6,228250,4096,"processor	: 0",750000000,0,1,"Ubuntu 24.04.3 LTS","gcc 13.3.0","",2025-12-05T00:25:14Z
sha3-256,openssl,4096,7,228251,4096,"processor	: 0",750000000,0,1,"Ubuntu 24.04.3 LTS","gcc 13.3.0","",2025-12-05T00:25:14Z
sha3-256,openssl,4096,8,228000,4096,"processor	: 0",750000000,0,1,"Ubuntu 24.04.3 LTS","gcc 13.3.0","",2025-12-05T00:25:14Z
sha3-256,openssl,4096,9,228000,4096,"processor	: 0",750000000,0,1,"Ubuntu 24.04.3 LTS","gcc 13.3.0","",2025-12-05T00:25:14Z
sha3-256,openssl,4096,10,228251,4096,"processor	: 0",750000000,0,1,"Ubuntu 24.04.3 LTS","gcc 13.3.0","",2025-12-05T00:25:14Z
sha3-256,openssl,4096,11,228000,4096,"processor	: 0",750000000,0,1,"Ubuntu 24.04.3 LTS","gcc 13.3.0","",2025-12-05T00:25:14Z
sha3-256,openssl,4096,12,228250,4096,"processor	: 0",750000000,0,1,"Ubuntu 24.04.3 LTS","gcc 13.3.0","",2025-12-05T00:25:14Z
sha3-256,openssl,4096,13,228001,4096,"processor	: 0",750000000,0,1,"Ubuntu 24.04.3 LTS","gcc 13.3.0","",2025-12-05T00:25:14Z
sha3-256,openssl,4096,14,228000,4096,"processor	: 0",750000000,0,1,"Ubuntu 24.04.3 LTS","gcc 13.3.0","",2025-12-05T00:25:14Z
sha3-256,openssl,4096,15,228001,4096,"processor	: 0",750000000,0,1,"Ubuntu 24.04.3 LTS","gcc 13.3.0","",2025-12-05T00:25:14Z
sha3-256,openssl,4096,16,228000,4096,"processor	: 0",750000000,0,1,"Ubuntu 24.04.3 LTS","gcc 13.3.0","",2025-12-05T00:25:14Z
sha3-256,openssl,4096,17,228000,4096,"processor	: 0",750000000,0,1,"Ubuntu 24.04.3 LTS","gcc 13.3.0","",2025-12-05T00:25:14Z
sha3-256,openssl,4096,18,228251,4096,"processor	: 0",750000000,0,1,"Ubuntu 24.04.3 LTS","gcc 13.3.0","",2025-12-05T00:25:14Z
sha3-256,openssl,4096,19,228250,4096,"processor	: 0",750000000,0,1,"Ubuntu 24.04.3 LTS","gcc 13.3.0","",2025-12-05T00:25:14Z
sha3-256,openssl,16384,0,846752,16384,"processor	: 0",750000000,0,1,"Ubuntu 24.04.3 LTS","gcc 13.3.0","",2025-12-05T00:25:14Z
sha3-256,openssl,16384,1,853751,16384,"processor	: 0",750000000,0,1,"Ubuntu 24.04.3 LTS","gcc 13.3.0","",2025-12-05T00:25:14Z
sha3-256,openssl,16384,2,850751,16384,"processor	: 0",750000000,0,1,"Ubuntu 24.04.3 LTS","gcc 13.3.0","",2025-12-05T00:25:14Z
sha3-256,openssl,16384,3,850751,16384,"processor	: 0",750000000,0,1,"Ubuntu 24.04.3 LTS","gcc 13.3.0","",2025-12-05T00:25:14Z
sha3-256,openssl,16384,4,850502,16384,"processor	: 0",750000000,0,1,"Ubuntu 24.04.3 LTS","gcc 13.3.0","",2025-12-05T00:25:14Z
sha3-256,openssl,16384,5,850501,16384,"processor	: 0",750000000,0,1,"Ubuntu 24.04.3 LTS","gcc 13.3.0","",2025-12-05T00:25:14Z
sha3-256,openssl,16384,6,850751,16384,"processor	: 0",750000000,0,1,"Ubuntu 24.04.3 LTS","gcc 13.3.0","",2025-12-05T00:25:14Z
sha3-256,openssl,16384,7,854252,16384,"processor	: 0",750000000,0,1,"Ubuntu 24.04.3 LTS","gcc 13.3.0","",2025-12-05T00:25:14Z
sha3-256,openssl,16384,8,850501,16384,"processor	: 0",750000000,0,1,"Ubuntu 24.04.3 LTS","gcc 13.3.0","",2025-12-05T00:25:14Z
sha3-256,openssl,16384,9,883251,16384,"processor	: 0",750000000,0,1,"Ubuntu 24.04.3 LTS","gcc 13.3.0","",2025-12-05T00:25:14Z
sha3-256,openssl,16384,10,854501,16384,"processor	: 0",750000000,0,1,"Ubuntu 24.04.3 LTS","gcc 13.3.0","",2025-12-05T00:25:14Z
sha3-256,openssl,16384,11,850751,16384,"processor	: 0",750000000,0,1,"Ubuntu 24.04.3 LTS","gcc 13.3.0","",2025-12-05T00:25:14Z
sha3-256,openssl,16384,12,850501,16384,"processor	: 0",750000000,0,1,"Ubuntu 24.04.3 LTS","gcc 13.3.0","",2025-12-05T00:25:14Z
sha3-256,openssl,16384,13,850751,16384,"processor	: 0",750000000,0,1,"Ubuntu 24.04.3 LTS","gcc 13.3.0","",2025-12-05T00:25:14Z
sha3-256,openssl,16384,14,850752,16384,"processor	: 0",750000000,0,1,"Ubuntu 24.04.3 LTS","gcc 13.3.0","",2025-12-05T00:25:14Z
sha3-256,openssl,16384,15,850751,16384,"processor	: 0",750000000,0,1,"Ubuntu 24.04.3 LTS","gcc 13.3.0","",2025-12-05T00:25:14Z
sha3-256,openssl,16384,16,850751,16384,"processor	: 0",750000000,0,1,"Ubuntu 24.04.3 LTS","gcc 13.3.0","",2025-12-05T00:25:14Z
sha3-256,openssl,16384,17,851001,16384,"processor	: 0",750000000,0,1,"Ubuntu 24.04.3 LTS","gcc 13.3.0","",2025-12-05T00:25:14Z
sha3-256,openssl,16384,18,850752,16384,"processor	: 0",750000000,0,1,"Ubuntu 24.04.3 LTS","gcc 13.3.0","",2025-12-05T00:25:14Z
sha3-256,openssl,16384,19,850751,16384,"processor	: 0",750000000,0,1,"Ubuntu 24.04.3 LTS","gcc 13.3.0","",2025-12-05T00:25:14Z
sha3-256,openssl,65536,0,3385005,65536,"processor	: 0",750000000,0,1,"Ubuntu 24.04.3 LTS","gcc 13.3.0","",2025-12-05T00:25:14Z
sha3-256,openssl,65536,1,3358005,65536,"processor	: 0",750000000,0,1,"Ubuntu 24.04.3 LTS","gcc 13.3.0","",2025-12-05T00:25:14Z
sha3-256,openssl,65536,2,3356255,65536,"processor	: 0",750000000,0,1,"Ubuntu 24.04.3 LTS","gcc 13.3.0","",2025-12-05T00:25:14Z
sha3-256,openssl,65536,3,3387004,65536,"processor	: 0",750000000,0,1,"Ubuntu 24.04.3 LTS","gcc 13.3.0","",2025-12-05T00:25:14Z
sha3-256,openssl,65536,4,3358004,65536,"processor	: 0",750000000,0,1,"Ubuntu 24.04.3 LTS","gcc 13.3.0","",2025-12-05T00:25:14Z
sha3-256,openssl,65536,5,3356505,65536,"processor	: 0",750000000,0,1,"Ubuntu 24.04.3 LTS","gcc 13.3.0","",2025-12-05T00:25:14Z
sha3-256,openssl,65536,6,3387255,65536,"processor	: 0",750000000,0,1,"Ubuntu 24.04.3 LTS","gcc 13.3.0","",2025-12-05T00:25:14Z
sha3-256,openssl,65536,7,3358005,65536,"processor	: 0",750000000,0,1,"Ubuntu 24.04.3 LTS","gcc 13.3.0","",2025-12-05T00:25:14Z
sha3-256,openssl,65536,8,3391005,65536,"processor	: 0",750000000,0,1,"Ubuntu 24.04.3 LTS","gcc 13.3.0","",2025-12-05T00:25:14Z
sha3-256,openssl,65536,9,3358005,65536,"processor	: 0",750000000,0,1,"Ubuntu 24.04.3 LTS","gcc 13.3.0","",2025-12-05T00:25:14Z
sha3-256,openssl,65536,10,3356505,65536,"processor	: 0",750000000,0,1,"Ubuntu 24.04.3 LTS","gcc 13.3.0","",2025-12-05T00:25:14Z
sha3-256,openssl,65536,11,3390255,65536,"processor	: 0",750000000,0,1,"Ubuntu 24.04.3 LTS","gcc 13.3.0","",2025-12-05T00:25:14Z
sha3-256,openssl,65536,12,3357755,65536,"processor	: 0",750000000,0,1,"Ubuntu 24.04.3 LTS","gcc 13.3.0","",2025-12-05T00:25:14Z
sha3-256,openssl,65536,13,3356255,65536,"processor	: 0",750000000,0,1,"Ubuntu 24.04.3 LTS","gcc 13.3.0","",2025-12-05T00:25:14Z
sha3-256,openssl,65536,14,3390505,65536,"processor	: 0",750000000,0,1,"Ubuntu 24.04.3 LTS","gcc 13.3.0","",2025-12-05T00:25:14Z
sha3-256,openssl,65536,15,3358005,65536,"processor	: 0",750000000,0,1,"Ubuntu 24.04.3 LTS","gcc 13.3.0","",2025-12-05T00:25:14Z
sha3-256,openssl,65536,16,3356505,65536,"processor	: 0",750000000,0,1,"Ubuntu 24.04.3 LTS","gcc 13.3.0","",2025-12-05T00:25:14Z
sha3-256,openssl,65536,17,3388254,65536,"processor	: 0",750000000,0,1,"Ubuntu 24.04.3 LTS","gcc 13.3.0","",2025-12-05T00:25:14Z
sha3-256,openssl,65536,18,3358004,65536,"processor	: 0",750000000,0,1,"Ubuntu 24.04.3 LTS","gcc 13.3.0","",2025-12-05T00:25:14Z
sha3-256,openssl,65536,19,3358005,65536,"processor	: 0",750000000,0,1,"Ubuntu 24.04.3 LTS","gcc 13.3.0","",2025-12-05T00:25:14Z
sha3-256,openssl,262144,0,13439770,262144,"processor	: 0",750000000,0,1,"Ubuntu 24.04.3 LTS","gcc 13.3.0","",2025-12-05T00:25:15Z
sha3-256,openssl,262144,1,13408769,262144,"processor	: 0",750000000,0,1,"Ubuntu 24.04.3 LTS","gcc 13.3.0","",2025-12-05T00:25:15Z
sha3-256,openssl,262144,2,13409520,262144,"processor	: 0",750000000,0,1,"Ubuntu 24.04.3 LTS","gcc 13.3.0","",2025-12-05T00:25:15Z
sha3-256,openssl,262144,3,13437019,262144,"processor	: 0",750000000,0,1,"Ubuntu 24.04.3 LTS","gcc 13.3.0","",2025-12-05T00:25:15Z
sha3-256,openssl,262144,4,13411520,262144,"processor	: 0",750000000,0,1,"Ubuntu 24.04.3 LTS","gcc 13.3.0","",2025-12-05T00:25:15Z
sha3-256,openssl,262144,5,13416769,262144,"processor	: 0",750000000,0,1,"Ubuntu 24.04.3 LTS","gcc 13.3.0","",2025-12-05T00:25:15Z
sha3-256,openssl,262144,6,13438020,262144,"processor	: 0",750000000,0,1,"Ubuntu 24.04.3 LTS","gcc 13.3.0","",2025-12-05T00:25:15Z
sha3-256,openssl,262144,7,13408269,262144,"processor	: 0",750000000,0,1,"Ubuntu 24.04.3 LTS","gcc 13.3.0","",2025-12-05T00:25:15Z
sha3-256,openssl,262144,8,13411770,262144,"processor	: 0",750000000,0,1,"Ubuntu 24.04.3 LTS","gcc 13.3.0","",2025-12-05T00:25:15Z
sha3-256,openssl,262144,9,13453769,262144,"processor	: 0",750000000,0,1,"Ubuntu 24.04.3 LTS","gcc 13.3.0","",2025-12-05T00:25:15Z
sha3-256,openssl,262144,10,13408520,262144,"processor	: 0",750000000,0,1,"Ubuntu 24.04.3 LTS","gcc 13.3.0","",2025-12-05T00:25:15Z
sha3-256,openssl,262144,11,13411769,262144,"processor	: 0",750000000,0,1,"Ubuntu 24.04.3 LTS","gcc 13.3.0","",2025-12-05T00:25:15Z
sha3-256,openssl,262144,12,13480520,262144,"processor	: 0",750000000,0,1,"Ubuntu 24.04.3 LTS","gcc 13.3.0","",2025-12-05T00:25:15Z
sha3-256,openssl,262144,13,13422769,262144,"processor	: 0",750000000,0,1,"Ubuntu 24.04.3 LTS","gcc 13.3.0","",2025-12-05T00:25:15Z
sha3-256,openssl,262144,14,13419520,262144,"processor	: 0",750000000,0,1,"Ubuntu 24.04.3 LTS","gcc 13.3.0","",2025-12-05T00:25:15Z
sha3-256,openssl,262144,15,13453519,262144,"processor	: 0",750000000,0,1,"Ubuntu 24.04.3 LTS","gcc 13.3.0","",2025-12-05T00:25:15Z
sha3-256,openssl,262144,16,13409020,262144,"processor	: 0",750000000,0,1,"Ubuntu 24.04.3 LTS","gcc 13.3.0","",2025-12-05T00:25:15Z
sha3-256,openssl,262144,17,13408519,262144,"processor	: 0",750000000,0,1,"Ubuntu 24.04.3 LTS","gcc 13.3.0","",2025-12-05T00:25:15Z
sha3-256,openssl,262144,18,13685270,262144,"processor	: 0",750000000,0,1,"Ubuntu 24.04.3 LTS","gcc 13.3.0","",2025-12-05T00:25:15Z
sha3-256,openssl,262144,19,13409519,262144,"processor	: 0",750000000,0,1,"Ubuntu 24.04.3 LTS","gcc 13.3.0","",2025-12-05T00:25:15Z
sha3-256,openssl,1048576,0,53594828,1048576,"processor	: 0",750000000,0,1,"Ubuntu 24.04.3 LTS","gcc 13.3.0","",2025-12-05T00:25:15Z
sha3-256,openssl,1048576,1,53647077,1048576,"processor	: 0",750000000,0,1,"Ubuntu 24.04.3 LTS","gcc 13.3.0","",2025-12-05T00:25:15Z
sha3-256,openssl,1048576,2,53601828,1048576,"processor	: 0",750000000,0,1,"Ubuntu 24.04.3 LTS","gcc 13.3.0","",2025-12-05T00:25:15Z
sha3-256,openssl,1048576,3,53605578,1048576,"processor	: 0",750000000,0,1,"Ubuntu 24.04.3 LTS","gcc 13.3.0","",2025-12-05T00:25:15Z
sha3-256,openssl,1048576,4,53627577,1048576,"processor	: 0",750000000,0,1,"Ubuntu 24.04.3 LTS","gcc 13.3.0","",2025-12-05T00:25:15Z
sha3-256,openssl,1048576,5,53620828,1048576,"processor	: 0",750000000,0,1,"Ubuntu 24.04.3 LTS","gcc 13.3.0","",2025-12-05T00:25:15Z
sha3-256,openssl,1048576,6,53608077,1048576,"processor	: 0",750000000,0,1,"Ubuntu 24.04.3 LTS","gcc 13.3.0","",2025-12-05T00:25:15Z
sha3-256,openssl,1048576,7,53668827,1048576,"processor	: 0",750000000,0,1,"Ubuntu 24.04.3 LTS","gcc 13.3.0","",2025-12-05T00:25:16Z
sha3-256,openssl,1048576,8,53654578,1048576,"processor	: 0",750000000,0,1,"Ubuntu 24.04.3 LTS","gcc 13.3.0","",2025-12-05T00:25:16Z
sha3-256,openssl,1048576,9,53625578,1048576,"processor	: 0",750000000,0,1,"Ubuntu 24.04.3 LTS","gcc 13.3.0","",2025-12-05T00:25:16Z
sha3-256,openssl,1048576,10,54310578,1048576,"processor	: 0",750000000,0,1,"Ubuntu 24.04.3 LTS","gcc 13.3.0","",2025-12-05T00:25:16Z
sha3-256,openssl,1048576,11,54144329,1048576,"processor	: 0",750000000,0,1,"Ubuntu 24.04.3 LTS","gcc 13.3.0","",2025-12-05T00:25:16Z
sha3-256,openssl,1048576,12,53937828,1048576,"processor	: 0",750000000,0,1,"Ubuntu 24.04.3 LTS","gcc 13.3.0","",2025-12-05T00:25:16Z
sha3-256,openssl,1048576,13,54127328,1048576,"processor	: 0",750000000,0,1,"Ubuntu 24.04.3 LTS","gcc 13.3.0","",2025-12-05T00:25:16Z
sha3-256,openssl,1048576,14,53889577,1048576,"processor	: 0",750000000,0,1,"Ubuntu 24.04.3 LTS","gcc 13.3.0","",2025-12-05T00:25:16Z
sha3-256,openssl,1048576,15,53727827,1048576,"processor	: 0",750000000,0,1,"Ubuntu 24.04.3 LTS","gcc 13.3.0","",2025-12-05T00:25:16Z
sha3-256,openssl,1048576,16,53732328,1048576,"processor	: 0",750000000,0,1,"Ubuntu 24.04.3 LTS","gcc 13.3.0","",2025-12-05T00:25:16Z
sha3-256,openssl,1048576,17,53684828,1048576,"processor	: 0",750000000,0,1,"Ubuntu 24.04.3 LTS","gcc 13.3.0","",2025-12-05T00:25:16Z
sha3-256,openssl,1048576,18,53609828,1048576,"processor	: 0",750000000,0,1,"Ubuntu 24.04.3 LTS","gcc 13.3.0","",2025-12-05T00:25:16Z
sha3-256,openssl,1048576,19,54507329,1048576,"processor	: 0",750000000,0,1,"Ubuntu 24.04.3 LTS","gcc 13.3.0","",2025-12-05T00:25:16Z
blake2b,libsodium,16,0,7500,16,"processor	: 0",750000000,0,1,"Ubuntu 24.04.3 LTS","gcc 13.3.0","",2025-12-05T00:25:16Z
blake2b,libsodium,16,1,9000,16,"processor	: 0",750000000,0,1,"Ubuntu 24.04.3 LTS","gcc 13.3.0","",2025-12-05T00:25:16Z
blake2b,libsodium,16,2,9500,16,"processor	: 0",750000000,0,1,"Ubuntu 24.04.3 LTS","gcc 13.3.0","",2025-12-05T00:25:16Z
blake2b,libsodium,16,3,8750,16,"processor	: 0",750000000,0,1,"Ubuntu 24.04.3 LTS","gcc 13.3.0","",2025-12-05T00:25:16Z
blake2b,libsodium,16,4,8750,16,"processor	: 0",750000000,0,1,"Ubuntu 24.04.3 LTS","gcc 13.3.0","",2025-12-05T00:25:16Z
blake2b,libsodium,16,5,8750,16,"processor	: 0",750000000,0,1,"Ubuntu 24.04.3 LTS","gcc 13.3.0","",2025-12-05T00:25:16Z
blake2b,libsodium,16,6,8750,16,"processor	: 0",750000000,0,1,"Ubuntu 24.04.3 LTS","gcc 13.3.0","",2025-12-05T00:25:16Z
blake2b,libsodium,16,7,8750,16,"processor	: 0",750000000,0,1,"Ubuntu 24.04.3 LTS","gcc 13.3.0","",2025-12-05T00:25:16Z
blake2b,libsodium,16,8,8750,16,"processor	: 0",750000000,0,1,"Ubuntu 24.04.3 LTS","gcc 13.3.0","",2025-12-05T00:25:16Z
blake2b,libsodium,16,9,8750,16,"processor	: 0",750000000,0,1,"Ubuntu 24.04.3 LTS","gcc 13.3.0","",2025-12-05T00:25:16Z
blake2b,libsodium,16,10,8750,16,"processor	: 0",750000000,0,1,"Ubuntu 24.04.3 LTS","gcc 13.3.0","",2025-12-05T00:25:16Z
blake2b,libsodium,16,11,8750,16,"processor	: 0",750000000,0,1,"Ubuntu 24.04.3 LTS","gcc 13.3.0","",2025-12-05T00:25:16Z
blake2b,libsodium,16,12,8750,16,"processor	: 0",750000000,0,1,"Ubuntu 24.04.3 LTS","gcc 13.3.0","",2025-12-05T00:25:16Z
blake2b,libsodium,16,13,8750,16,"processor	: 0",750000000,0,1,"Ubuntu 24.04.3 LTS","gcc 13.3.0","",2025-12-05T00:25:16Z
blake2b,libsodium,16,14,8750,16,"processor	: 0",750000000,0,1,"Ubuntu 24.04.3 LTS","gcc 13.3.0","",2025-12-05T00:25:16Z
blake2b,libsodium,16,15,8750,16,"processor	: 0",750000000,0,1,"Ubuntu 24.04.3 LTS","gcc 13.3.0","",2025-12-05T00:25:16Z
blake2b,libsodium,16,16,8500,16,"processor	: 0",750000000,0,1,"Ubuntu 24.04.3 LTS","gcc 13.3.0","",2025-12-05T00:25:16Z
blake2b,libsodium,16,17,8750,16,"processor	: 0",750000000,0,1,"Ubuntu 24.04.3 LTS","gcc 13.3.0","",2025-12-05T00:25:16Z
blake2b,libsodium,16,18,8750,16,"processor	: 0",750000000,0,1,"Ubuntu 24.04.3 LTS","gcc 13.3.0","",2025-12-05T00:25:16Z
blake2b,libsodium,16,19,8750,16,"processor	: 0",750000000,0,1,"Ubuntu 24.04.3 LTS","gcc 13.3.0","",2025-12-05T00:25:16Z
blake2b,libsodium,64,0,7250,64,"processor	: 0",750000000,0,1,"Ubuntu 24.04.3 LTS","gcc 13.3.0","",2025-12-05T00:25:16Z
blake2b,libsodium,64,1,8750,64,"processor	: 0",750000000,0,1,"Ubuntu 24.04.3 LTS","gcc 13.3.0","",2025-12-05T00:25:16Z
blake2b,libsodium,64,2,8750,64,"processor	: 0",750000000,0,1,"Ubuntu 24.04.3 LTS","gcc 13.3.0","",2025-12-05T00:25:16Z
blake2b,libsodium,64,3,11250,64,"processor	: 0",750000000,0,1,"Ubuntu 24.04.3 LTS","gcc 13.3.0","",2025-12-05T00:25:16Z
blake2b,libsodium,64,4,8750,64,"processor	: 0",750000000,0,1,"Ubuntu 24.04.3 LTS","gcc 13.3.0","",2025-12-05T00:25:16Z
blake2b,libsodium,64,5,8750,64,"processor	: 0",750000000,0,1,"Ubuntu 24.04.3 LTS","gcc 13.3.0","",2025-12-05T00:25:16Z
blake2b,libsodium,64,6,8500,64,"processor	: 0",750000000,0,1,"Ubuntu 24.04.3 LTS","gcc 13.3.0","",2025-12-05T00:25:16Z
blake2b,libsodium,64,7,8750,64,"processor	: 0",750000000,0,1,"Ubuntu 24.04.3 LTS","gcc 13.3.0","",2025-12-05T00:25:16Z
blake2b,libsodium,64,8,8500,64,"processor	: 0",750000000,0,1,"Ubuntu 24.04.3 LTS","gcc 13.3.0","",2025-12-05T00:25:16Z
blake2b,libsodium,64,9,8750,64,"processor	: 0",750000000,0,1,"Ubuntu 24.04.3 LTS","gcc 13.3.0","",2025-12-05T00:25:16Z
blake2b,libsodium,64,10,8750,64,"processor	: 0",750000000,0,1,"Ubuntu 24.04.3 LTS","gcc 13.3.0","",2025-12-05T00:25:16Z
blake2b,libsodium,64,11,9250,64,"processor	: 0",750000000,0,1,"Ubuntu 24.04.3 LTS","gcc 13.3.0","",2025-12-05T00:25:16Z
blake2b,libsodium,64,12,9000,64,"processor	: 0",750000000,0,1,"Ubuntu 24.04.3 LTS","gcc 13.3.0","",2025-12-05T00:25:16Z
blake2b,libsodium,64,13,8750,64,"processor	: 0",750000000,0,1,"Ubuntu 24.04.3 LTS","gcc 13.3.0","",2025-12-05T00:25:16Z
blake2b,libsodium,64,14,8750,64,"processor	: 0",750000000,0,1,"Ubuntu 24.04.3 LTS","gcc 13.3.0","",2025-12-05T00:25:16Z
blake2b,libsodium,64,15,8500,64,"processor	: 0",750000000,0,1,"Ubuntu 24.04.3 LTS","gcc 13.3.0","",2025-12-05T00:25:16Z
blake2b,libsodium,64,16,8750,64,"processor	: 0",750000000,0,1,"Ubuntu 24.04.3 LTS","gcc 13.3.0","",2025-12-05T00:25:16Z
blake2b,libsodium,64,17,8750,64,"processor	: 0",750000000,0,1,"Ubuntu 24.04.3 LTS","gcc 13.3.0","",2025-12-05T00:25:16Z
blake2b,libsodium,64,18,9000,64,"processor	: 0",750000000,0,1,"Ubuntu 24.04.3 LTS","gcc 13.3.0","",2025-12-05T00:25:16Z
blake2b,libsodium,64,19,8750,64,"processor	: 0",750000000,0,1,"Ubuntu 24.04.3 LTS","gcc 13.3.0","",2025-12-05T00:25:16Z
blake2b,libsodium,256,0,10500,256,"processor	: 0",750000000,0,1,"Ubuntu 24.04.3 LTS","gcc 13.3.0","",2025-12-05T00:25:16Z
blake2b,libsodium,256,1,12250,256,"processor	: 0",750000000,0,1,"Ubuntu 24.04.3 LTS","gcc 13.3.0","",2025-12-05T00:25:16Z
blake2b,libsodium,256,2,12250,256,"processor	: 0",750000000,0,1,"Ubuntu 24.04.3 LTS","gcc 13.3.0","",2025-12-05T00:25:16Z
blake2b,libsodium,256,3,12250,256,"processor	: 0",750000000,0,1,"Ubuntu 24.04.3 LTS","gcc 13.3.0","",2025-12-05T00:25:16Z
blake2b,libsodium,256,4,12250,256,"processor	: 0",750000000,0,1,"Ubuntu 24.04.3 LTS","gcc 13.3.0","",2025-12-05T00:25:16Z
blake2b,libsodium,256,5,12250,256,"processor	: 0",750000000,0,1,"Ubuntu 24.04.3 LTS","gcc 13.3.0","",2025-12-05T00:25:16Z
blake2b,libsodium,256,6,12500,256,"processor	: 0",750000000,0,1,"Ubuntu 24.04.3 LTS","gcc 13.3.0","",2025-12-05T00:25:16Z
blake2b,libsodium,256,7,12250,256,"processor	: 0",750000000,0,1,"Ubuntu 24.04.3 LTS","gcc 13.3.0","",2025-12-05T00:25:16Z
blake2b,libsodium,256,8,12250,256,"processor	: 0",750000000,0,1,"Ubuntu 24.04.3 LTS","gcc 13.3.0","",2025-12-05T00:25:16Z
blake2b,libsodium,256,9,12250,256,"processor	: 0",750000000,0,1,"Ubuntu 24.04.3 LTS","gcc 13.3.0","",2025-12-05T00:25:16Z
blake2b,libsodium,256,10,12250,256,"processor	: 0",750000000,0,1,"Ubuntu 24.04.3 LTS","gcc 13.3.0","",2025-12-05T00:25:16Z
blake2b,libsodium,256,11,12250,256,"processor	: 0",750000000,0,1,"Ubuntu 24.04.3 LTS","gcc 13.3.0","",2025-12-05T00:25:16Z
blake2b,libsodium,256,12,12250,256,"processor	: 0",750000000,0,1,"Ubuntu 24.04.3 LTS","gcc 13.3.0","",2025-12-05T00:25:16Z
blake2b,libsodium,256,13,12250,256,"processor	: 0",750000000,0,1,"Ubuntu 24.04.3 LTS","gcc 13.3.0","",2025-12-05T00:25:16Z
blake2b,libsodium,256,14,12250,256,"processor	: 0",750000000,0,1,"Ubuntu 24.04.3 LTS","gcc 13.3.0","",2025-12-05T00:25:16Z
blake2b,libsodium,256,15,12500,256,"processor	: 0",750000000,0,1,"Ubuntu 24.04.3 LTS","gcc 13.3.0","",2025-12-05T00:25:16Z
blake2b,libsodium,256,16,12250,256,"processor	: 0",750000000,0,1,"Ubuntu 24.04.3 LTS","gcc 13.3.0","",2025-12-05T00:25:16Z
blake2b,libsodium,256,17,14250,256,"processor	: 0",750000000,0,1,"Ubuntu 24.04.3 LTS","gcc 13.3.0","",2025-12-05T00:25:16Z
blake2b,libsodium,256,18,12250,256,"processor	: 0",750000000,0,1,"Ubuntu 24.04.3 LTS","gcc 13.3.0","",2025-12-05T00:25:16Z
blake2b,libsodium,256,19,12250,256,"processor	: 0",750000000,0,1,"Ubuntu 24.04.3 LTS","gcc 13.3.0","",2025-12-05T00:25:16Z
blake2b,libsodium,1024,0,31250,1024,"processor	: 0",750000000,0,1,"Ubuntu 24.04.3 LTS","gcc 13.3.0","",2025-12-05T00:25:16Z
blake2b,libsodium,1024,1,33250,1024,"processor	: 0",750000000,0,1,"Ubuntu 24.04.3 LTS","gcc 13.3.0","",2025-12-05T00:25:16Z
blake2b,libsodium,1024,2,33000,1024,"processor	: 0",750000000,0,1,"Ubuntu 24.04.3 LTS","gcc 13.3.0","",2025-12-05T00:25:16Z
blake2b,libsodium,1024,3,33000,1024,"processor	: 0",750000000,0,1,"Ubuntu 24.04.3 LTS","gcc 13.3.0","",2025-12-05T00:25:16Z
blake2b,libsodium,1024,4,33000,1024,"processor	: 0",750000000,0,1,"Ubuntu 24.04.3 LTS","gcc 13.3.0","",2025-12-05T00:25:16Z
blake2b,libsodium,1024,5,33000,1024,"processor	: 0",750000000,0,1,"Ubuntu 24.04.3 LTS","gcc 13.3.0","",2025-12-05T00:25:16Z
blake2b,libsodium,1024,6,33000,1024,"processor	: 0",750000000,0,1,"Ubuntu 24.04.3 LTS","gcc 13.3.0","",2025-12-05T00:25:16Z
blake2b,libsodium,1024,7,33000,1024,"processor	: 0",750000000,0,1,"Ubuntu 24.04.3 LTS","gcc 13.3.0","",2025-12-05T00:25:16Z
blake2b,libsodium,1024,8,33000,1024,"processor	: 0",750000000,0,1,"Ubuntu 24.04.3 LTS","gcc 13.3.0","",2025-12-05T00:25:16Z
blake2b,libsodium,1024,9,33000,1024,"processor	: 0",750000000,0,1,"Ubuntu 24.04.3 LTS","gcc 13.3.0","",2025-12-05T00:25:16Z
blake2b,libsodium,1024,10,33001,1024,"processor	: 0",750000000,0,1,"Ubuntu 24.04.3 LTS","gcc 13.3.0","",2025-12-05T00:25:16Z
blake2b,libsodium,1024,11,32750,1024,"processor	: 0",750000000,0,1,"Ubuntu 24.04.3 LTS","gcc 13.3.0","",2025-12-05T00:25:16Z
blake2b,libsodium,1024,12,33250,1024,"processor	: 0",750000000,0,1,"Ubuntu 24.04.3 LTS","gcc 13.3.0","",2025-12-05T00:25:16Z
blake2b,libsodium,1024,13,33000,1024,"processor	: 0",750000000,0,1,"Ubuntu 24.04.3 LTS","gcc 13.3.0","",2025-12-05T00:25:16Z
blake2b,libsodium,1024,14,33000,1024,"processor	: 0",750000000,0,1,"Ubuntu 24.04.3 LTS","gcc 13.3.0","",2025-12-05T00:25:16Z
blake2b,libsodium,1024,15,33000,1024,"processor	: 0",750000000,0,1,"Ubuntu 24.04.3 LTS","gcc 13.3.0","",2025-12-05T00:25:16Z
blake2b,libsodium,1024,16,33000,1024,"processor	: 0",750000000,0,1,"Ubuntu 24.04.3 LTS","gcc 13.3.0","",2025-12-05T00:25:16Z
blake2b,libsodium,1024,17,32750,1024,"processor	: 0",750000000,0,1,"Ubuntu 24.04.3 LTS","gcc 13.3.0","",2025-12-05T00:25:16Z
blake2b,libsodium,1024,18,33000,1024,"processor	: 0",750000000,0,1,"Ubuntu 24.04.3 LTS","gcc 13.3.0","",2025-12-05T00:25:16Z
blake2b,libsodium,1024,19,33000,1024,"processor	: 0",750000000,0,1,"Ubuntu 24.04.3 LTS","gcc 13.3.0","",2025-12-05T00:25:16Z
blake2b,libsodium,4096,0,113251,4096,"processor	: 0",750000000,0,1,"Ubuntu 24.04.3 LTS","gcc 13.3.0","",2025-12-05T00:25:16Z
blake2b,libsodium,4096,1,114750,4096,"processor	: 0",750000000,0,1,"Ubuntu 24.04.3 LTS","gcc 13.3.0","",2025-12-05T00:25:16Z
blake2b,libsodium,4096,2,114500,4096,"processor	: 0",750000000,0,1,"Ubuntu 24.04.3 LTS","gcc 13.3.0","",2025-12-05T00:25:16Z
blake2b,libsodium,4096,3,114750,4096,"processor	: 0",750000000,0,1,"Ubuntu 24.04.3 LTS","gcc 13.3.0","",2025-12-05T00:25:16Z
blake2b,libsodium,4096,4,114500,4096,"processor	: 0",750000000,0,1,"Ubuntu 24.04.3 LTS","gcc 13.3.0","",2025-12-05T00:25:16Z
blake2b,libsodium,4096,5,114501,4096,"processor	: 0",750000000,0,1,"Ubuntu 24.04.3 LTS","gcc 13.3.0","",2025-12-05T00:25:16Z
blake2b,libsodium,4096,6,114750,4096,"processor	: 0",750000000,0,1,"Ubuntu 24.04.3 LTS","gcc 13.3.0","",2025-12-05T00:25:16Z
blake2b,libsodium,4096,7,114750,4096,"processor	: 0",750000000,0,1,"Ubuntu 24.04.3 LTS","gcc 13.3.0","",2025-12-05T00:25:16Z
blake2b,libsodium,4096,8,114750,4096,"processor	: 0",750000000,0,1,"Ubuntu 24.04.3 LTS","gcc 13.3.0","",2025-12-05T00:25:16Z
blake2b,libsodium,4096,9,114750,4096,"processor	: 0",750000000,0,1,"Ubuntu 24.04.3 LTS","gcc 13.3.0","",2025-12-05T00:25:16Z
blake2b,libsodium,4096,10,117000,4096,"processor	: 0",750000000,0,1,"Ubuntu 24.04.3 LTS","gcc 13.3.0","",2025-12-05T00:25:16Z
blake2b,libsodium,4096,11,114500,4096,"processor	: 0",750000000,0,1,"Ubuntu 24.04.3 LTS","gcc 13.3.0","",2025-12-05T00:25:16Z
blake2b,libsodium,4096,12,114750,4096,"processor	: 0",750000000,0,1,"Ubuntu 24.04.3 LTS","gcc 13.3.0","",2025-12-05T00:25:16Z
blake2b,libsodium,4096,13,114750,4096,"processor	: 0",750000000,0,1,"Ubuntu 24.04.3 LTS","gcc 13.3.0","",2025-12-05T00:25:16Z
blake2b,libsodium,4096,14,114751,4096,"processor	: 0",750000000,0,1,"Ubuntu 24.04.3 LTS","gcc 13.3.0","",2025-12-05T00:25:16Z
blake2b,libsodium,4096,15,114750,4096,"processor	: 0",750000000,0,1,"Ubuntu 24.04.3 LTS","gcc 13.3.0","",2025-12-05T00:25:16Z
blake2b,libsodium,4096,16,114750,4096,"processor	: 0",750000000,0,1,"Ubuntu 24.04.3 LTS","gcc 13.3.0","",2025-12-05T00:25:16Z
blake2b,libsodium,4096,17,114750,4096,"processor	: 0",750000000,0,1,"Ubuntu 24.04.3 LTS","gcc 13.3.0","",2025-12-05T00:25:16Z
blake2b,libsodium,4096,18,114750,4096,"processor	: 0",750000000,0,1,"Ubuntu 24.04.3 LTS","gcc 13.3.0","",2025-12-05T00:25:16Z
blake2b,libsodium,4096,19,114751,4096,"processor	: 0",750000000,0,1,"Ubuntu 24.04.3 LTS","gcc 13.3.0","",2025-12-05T00:25:16Z
blake2b,libsodium,16384,0,440251,16384,"processor	: 0",750000000,0,1,"Ubuntu 24.04.3 LTS","gcc 13.3.0","",2025-12-05T00:25:16Z
blake2b,libsodium,16384,1,446750,16384,"processor	: 0",750000000,0,1,"Ubuntu 24.04.3 LTS","gcc 13.3.0","",2025-12-05T00:25:16Z
blake2b,libsodium,16384,2,443501,16384,"processor	: 0",750000000,0,1,"Ubuntu 24.04.3 LTS","gcc 13.3.0","",2025-12-05T00:25:16Z
blake2b,libsodium,16384,3,443501,16384,"processor	: 0",750000000,0,1,"Ubuntu 24.04.3 LTS","gcc 13.3.0","",2025-12-05T00:25:16Z
blake2b,libsodium,16384,4,443500,16384,"processor	: 0",750000000,0,1,"Ubuntu 24.04.3 LTS","gcc 13.3.0","",2025-12-05T00:25:16Z
blake2b,libsodium,16384,5,443501,16384,"processor	: 0",750000000,0,1,"Ubuntu 24.04.3 LTS","gcc 13.3.0","",2025-12-05T00:25:16Z
blake2b,libsodium,16384,6,443501,16384,"processor	: 0",750000000,0,1,"Ubuntu 24.04.3 LTS","gcc 13.3.0","",2025-12-05T00:25:16Z
blake2b,libsodium,16384,7,443250,16384,"processor	: 0",750000000,0,1,"Ubuntu 24.04.3 LTS","gcc 13.3.0","",2025-12-05T00:25:16Z
blake2b,libsodium,16384,8,443501,16384,"processor	: 0",750000000,0,1,"Ubuntu 24.04.3 LTS","gcc 13.3.0","",2025-12-05T00:25:16Z
blake2b,libsodium,16384,9,443251,16384,"processor	: 0",750000000,0,1,"Ubuntu 24.04.3 LTS","gcc 13.3.0","",2025-12-05T00:25:16Z
blake2b,libsodium,16384,10,443250,16384,"processor	: 0",750000000,0,1,"Ubuntu 24.04.3 LTS","gcc 13.3.0","",2025-12-05T00:25:16Z
blake2b,libsodium,16384,11,443500,16384,"processor	: 0",750000000,0,1,"Ubuntu 24.04.3 LTS","gcc 13.3.0","",2025-12-05T00:25:16Z
blake2b,libsodium,16384,12,443501,16384,"processor	: 0",750000000,0,1,"Ubuntu 24.04.3 LTS","gcc 13.3.0","",2025-12-05T00:25:16Z
blake2b,libsodium,16384,13,443251,16384,"processor	: 0",750000000,0,1,"Ubuntu 24.04.3 LTS","gcc 13.3.0","",2025-12-05T00:25:16Z
blake2b,libsodium,16384,14,443500,16384,"processor	: 0",750000000,0,1,"Ubuntu 24.04.3 LTS","gcc 13.3.0","",2025-12-05T00:25:16Z
blake2b,libsodium,16384,15,443501,16384,"processor	: 0",750000000,0,1,"Ubuntu 24.04.3 LTS","gcc 13.3.0","",2025-12-05T00:25:16Z
blake2b,libsodium,16384,16,476751,16384,"processor	: 0",750000000,0,1,"Ubuntu 24.04.3 LTS","gcc 13.3.0","",2025-12-05T00:25:16Z
blake2b,libsodium,16384,17,447000,16384,"processor	: 0",750000000,0,1,"Ubuntu 24.04.3 LTS","gcc 13.3.0","",2025-12-05T00:25:16Z
blake2b,libsodium,16384,18,443751,16384,"processor	: 0",750000000,0,1,"Ubuntu 24.04.3 LTS","gcc 13.3.0","",2025-12-05T00:25:16Z
blake2b,libsodium,16384,19,443501,16384,"processor	: 0",750000000,0,1,"Ubuntu 24.04.3 LTS","gcc 13.3.0","",2025-12-05T00:25:16Z
blake2b,libsodium,65536,0,1770753,65536,"processor	: 0",750000000,0,1,"Ubuntu 24.04.3 LTS","gcc 13.3.0","",2025-12-05T00:25:16Z
blake2b,libsodium,65536,1,1773752,65536,"processor	: 0",750000000,0,1,"Ubuntu 24.04.3 LTS","gcc 13.3.0","",2025-12-05T00:25:16Z
blake2b,libsodium,65536,2,1775003,65536,"processor	: 0",750000000,0,1,"Ubuntu 24.04.3 LTS","gcc 13.3.0","",2025-12-05T00:25:16Z
blake2b,libsodium,65536,3,1805503,65536,"processor	: 0",750000000,0,1,"Ubuntu 24.04.3 LTS","gcc 13.3.0","",2025-12-05T00:25:16Z
blake2b,libsodium,65536,4,1773752,65536,"processor	: 0",750000000,0,1,"Ubuntu 24.04.3 LTS","gcc 13.3.0","",2025-12-05T00:25:16Z
blake2b,libsodium,65536,5,1772753,65536,"processor	: 0",750000000,0,1,"Ubuntu 24.04.3 LTS","gcc 13.3.0","",2025-12-05T00:25:16Z
blake2b,libsodium,65536,6,1772502,65536,"processor	: 0",750000000,0,1,"Ubuntu 24.04.3 LTS","gcc 13.3.0","",2025-12-05T00:25:16Z
blake2b,libsodium,65536,7,1772753,65536,"processor	: 0",750000000,0,1,"Ubuntu 24.04.3 LTS","gcc 13.3.0","",2025-12-05T00:25:16Z
blake2b,libsodium,65536,8,1772503,65536,"processor	: 0",750000000,0,1,"Ubuntu 24.04.3 LTS","gcc 13.3.0","",2025-12-05T00:25:16Z
blake2b,libsodium,65536,9,1819752,65536,"processor	: 0",750000000,0,1,"Ubuntu 24.04.3 LTS","gcc 13.3.0","",2025-12-05T00:25:16Z
blake2b,libsodium,65536,10,1774003,65536,"processor	: 0",750000000,0,1,"Ubuntu 24.04.3 LTS","gcc 13.3.0","",2025-12-05T00:25:16Z
blake2b,libsodium,65536,11,1772503,65536,"processor	: 0",750000000,0,1,"Ubuntu 24.04.3 LTS","gcc 13.3.0","",2025-12-05T00:25:16Z
blake2b,libsodium,65536,12,1772752,65536,"processor	: 0",750000000,0,1,"Ubuntu 24.04.3 LTS","gcc 13.3.0","",2025-12-05T00:25:16Z
blake2b,libsodium,65536,13,1772503,65536,"processor	: 0",750000000,0,1,"Ubuntu 24.04.3 LTS","gcc 13.3.0","",2025-12-05T00:25:16Z
blake2b,libsodium,65536,14,1805252,65536,"processor	: 0",750000000,0,1,"Ubuntu 24.04.3 LTS","gcc 13.3.0","",2025-12-05T00:25:16Z
blake2b,libsodium,65536,15,1773502,65536,"processor	: 0",750000000,0,1,"Ubuntu 24.04.3 LTS","gcc 13.3.0","",2025-12-05T00:25:16Z
blake2b,libsodium,65536,16,1772503,65536,"processor	: 0",750000000,0,1,"Ubuntu 24.04.3 LTS","gcc 13.3.0","",2025-12-05T00:25:16Z
blake2b,libsodium,65536,17,1772752,65536,"processor	: 0",750000000,0,1,"Ubuntu 24.04.3 LTS","gcc 13.3.0","",2025-12-05T00:25:16Z
blake2b,libsodium,65536,18,1772503,65536,"processor	: 0",750000000,0,1,"Ubuntu 24.04.3 LTS","gcc 13.3.0","",2025-12-05T00:25:16Z
blake2b,libsodium,65536,19,1772503,65536,"processor	: 0",750000000,0,1,"Ubuntu 24.04.3 LTS","gcc 13.3.0","",2025-12-05T00:25:16Z
blake2b,libsodium,262144,0,7098510,262144,"processor	: 0",750000000,0,1,"Ubuntu 24.04.3 LTS","gcc 13.3.0","",2025-12-05T00:25:16Z
blake2b,libsodium,262144,1,7109760,262144,"processor	: 0",750000000,0,1,"Ubuntu 24.04.3 LTS","gcc 13.3.0","",2025-12-05T00:25:16Z
blake2b,libsodium,262144,2,7071011,262144,"processor	: 0",750000000,0,1,"Ubuntu 24.04.3 LTS","gcc 13.3.0","",2025-12-05T00:25:16Z
blake2b,libsodium,262144,3,7102260,262144,"processor	: 0",750000000,0,1,"Ubuntu 24.04.3 LTS","gcc 13.3.0","",2025-12-05T00:25:16Z
blake2b,libsodium,262144,4,7104260,262144,"processor	: 0",750000000,0,1,"Ubuntu 24.04.3 LTS","gcc 13.3.0","",2025-12-05T00:25:16Z
blake2b,libsodium,262144,5,7103511,262144,"processor	: 0",750000000,0,1,"Ubuntu 24.04.3 LTS","gcc 13.3.0","",2025-12-05T00:25:16Z
blake2b,libsodium,262144,6,7071760,262144,"processor	: 0",750000000,0,1,"Ubuntu 24.04.3 LTS","gcc 13.3.0","",2025-12-05T00:25:16Z
blake2b,libsodium,262144,7,7124510,262144,"processor	: 0",750000000,0,1,"Ubuntu 24.04.3 LTS","gcc 13.3.0","",2025-12-05T00:25:16Z
blake2b,libsodium,262144,8,7103761,262144,"processor	: 0",750000000,0,1,"Ubuntu 24.04.3 LTS","gcc 13.3.0","",2025-12-05T00:25:16Z
blake2b,libsodium,262144,9,7071260,262144,"processor	: 0",750000000,0,1,"Ubuntu 24.04.3 LTS","gcc 13.3.0","",2025-12-05T00:25:16Z
blake2b,libsodium,262144,10,7105010,262144,"processor	: 0",750000000,0,1,"Ubuntu 24.04.3 LTS","gcc 13.3.0","",2025-12-05T00:25:16Z
blake2b,libsodium,262144,11,7103261,262144,"processor	: 0",750000000,0,1,"Ubuntu 24.04.3 LTS","gcc 13.3.0","",2025-12-05T00:25:16Z
blake2b,libsodium,262144,12,7115010,262144,"processor	: 0",750000000,0,1,"Ubuntu 24.04.3 LTS","gcc 13.3.0","",2025-12-05T00:25:16Z
blake2b,libsodium,262144,13,7071260,262144,"processor	: 0",750000000,0,1,"Ubuntu 24.04.3 LTS","gcc 13.3.0","",2025-12-05T00:25:16Z
blake2b,libsodium,262144,14,7108011,262144,"processor	: 0",750000000,0,1,"Ubuntu 24.04.3 LTS","gcc 13.3.0","",2025-12-05T00:25:16Z
blake2b,libsodium,262144,15,7105760,262144,"processor	: 0",750000000,0,1,"Ubuntu 24.04.3 LTS","gcc 13.3.0","",2025-12-05T00:25:16Z
blake2b,libsodium,262144,16,7071010,262144,"processor	: 0",750000000,0,1,"Ubuntu 24.04.3 LTS","gcc 13.3.0","",2025-12-05T00:25:16Z
blake2b,libsodium,262144,17,7102011,262144,"processor	: 0",750000000,0,1,"Ubuntu 24.04.3 LTS","gcc 13.3.0","",2025-12-05T00:25:16Z
blake2b,libsodium,262144,18,7114010,262144,"processor	: 0",750000000,0,1,"Ubuntu 24.04.3 LTS","gcc 13.3.0","",2025-12-05T00:25:16Z
blake2b,libsodium,262144,19,7103510,262144,"processor	: 0",750000000,0,1,"Ubuntu 24.04.3 LTS","gcc 13.3.0","",2025-12-05T00:25:16Z
blake2b,libsodium,1048576,0,28365791,1048576,"processor	: 0",750000000,0,1,"Ubuntu 24.04.3 LTS","gcc 13.3.0","",2025-12-05T00:25:17Z
blake2b,libsodium,1048576,1,28329291,1048576,"processor	: 0",750000000,0,1,"Ubuntu 24.04.3 LTS","gcc 13.3.0","",2025-12-05T00:25:17Z
blake2b,libsodium,1048576,2,28356791,1048576,"processor	: 0",750000000,0,1,"Ubuntu 24.04.3 LTS","gcc 13.3.0","",2025-12-05T00:25:17Z
blake2b,libsodium,1048576,3,28371791,1048576,"processor	: 0",750000000,0,1,"Ubuntu 24.04.3 LTS","gcc 13.3.0","",2025-12-05T00:25:17Z
blake2b,libsodium,1048576,4,28425041,1048576,"processor	: 0",750000000,0,1,"Ubuntu 24.04.3 LTS","gcc 13.3.0","",2025-12-05T00:25:17Z
blake2b,libsodium,1048576,5,28367041,1048576,"processor	: 0",750000000,0,1,"Ubuntu 24.04.3 LTS","gcc 13.3.0","",2025-12-05T00:25:17Z
blake2b,libsodium,1048576,6,28369291,1048576,"processor	: 0",750000000,0,1,"Ubuntu 24.04.3 LTS","gcc 13.3.0","",2025-12-05T00:25:17Z
blake2b,libsodium,1048576,7,28617791,1048576,"processor	: 0",750000000,0,1,"Ubuntu 24.04.3 LTS","gcc 13.3.0","",2025-12-05T00:25:17Z
blake2b,libsodium,1048576,8,28400041,1048576,"processor	: 0",750000000,0,1,"Ubuntu 24.04.3 LTS","gcc 13.3.0","",2025-12-05T00:25:17Z
blake2b,libsodium,1048576,9,28386791,1048576,"processor	: 0",750000000,0,1,"Ubuntu 24.04.3 LTS","gcc 13.3.0","",2025-12-05T00:25:17Z
blake2b,libsodium,1048576,10,28384791,1048576,"processor	: 0",750000000,0,1,"Ubuntu 24.04.3 LTS","gcc 13.3.0","",2025-12-05T00:25:17Z
blake2b,libsodium,1048576,11,28379041,1048576,"processor	: 0",750000000,0,1,"Ubuntu 24.04.3 LTS","gcc 13.3.0","",2025-12-05T00:25:17Z
blake2b,libsodium,1048576,12,28377041,1048576,"processor	: 0",750000000,0,1,"Ubuntu 24.04.3 LTS","gcc 13.3.0","",2025-12-05T00:25:17Z
blake2b,libsodium,1048576,13,28415541,1048576,"processor	: 0",750000000,0,1,"Ubuntu 24.04.3 LTS","gcc 13.3.0","",2025-12-05T00:25:17Z
blake2b,libsodium,1048576,14,28331541,1048576,"processor	: 0",750000000,0,1,"Ubuntu 24.04.3 LTS","gcc 13.3.0","",2025-12-05T00:25:17Z
blake2b,libsodium,1048576,15,28353292,1048576,"processor	: 0",750000000,0,1,"Ubuntu 24.04.3 LTS","gcc 13.3.0","",2025-12-05T00:25:17Z
blake2b,libsodium,1048576,16,28367041,1048576,"processor	: 0",750000000,0,1,"Ubuntu 24.04.3 LTS","gcc 13.3.0","",2025-12-05T00:25:17Z
blake2b,libsodium,1048576,17,28357041,1048576,"processor	: 0",750000000,0,1,"Ubuntu 24.04.3 LTS","gcc 13.3.0","",2025-12-05T00:25:17Z
blake2b,libsodium,1048576,18,28353291,1048576,"processor	: 0",750000000,0,1,"Ubuntu 24.04.3 LTS","gcc 13.3.0","",2025-12-05T00:25:17Z
blake2b,libsodium,1048576,19,28375041,1048576,"processor	: 0",750000000,0,1,"Ubuntu 24.04.3 LTS","gcc 13.3.0","",2025-12-05T00:25:17Z
blake3,blake3_c,16,0,38750,16,"processor	: 0",750000000,0,1,"Ubuntu 24.04.3 LTS","gcc 13.3.0","",2025-12-05T00:25:17Z
blake3,blake3_c,16,1,38000,16,"processor	: 0",750000000,0,1,"Ubuntu 24.04.3 LTS","gcc 13.3.0","",2025-12-05T00:25:17Z
blake3,blake3_c,16,2,38250,16,"processor	: 0",750000000,0,1,"Ubuntu 24.04.3 LTS","gcc 13.3.0","",2025-12-05T00:25:17Z
blake3,blake3_c,16,3,38000,16,"processor	: 0",750000000,0,1,"Ubuntu 24.04.3 LTS","gcc 13.3.0","",2025-12-05T00:25:17Z
blake3,blake3_c,16,4,38000,16,"processor	: 0",750000000,0,1,"Ubuntu 24.04.3 LTS","gcc 13.3.0","",2025-12-05T00:25:17Z
blake3,blake3_c,16,5,39000,16,"processor	: 0",750000000,0,1,"Ubuntu 24.04.3 LTS","gcc 13.3.0","",2025-12-05T00:25:17Z
blake3,blake3_c,16,6,38000,16,"processor	: 0",750000000,0,1,"Ubuntu 24.04.3 LTS","gcc 13.3.0","",2025-12-05T00:25:17Z
blake3,blake3_c,16,7,38000,16,"processor	: 0",750000000,0,1,"Ubuntu 24.04.3 LTS","gcc 13.3.0","",2025-12-05T00:25:17Z
blake3,blake3_c,16,8,37750,16,"processor	: 0",750000000,0,1,"Ubuntu 24.04.3 LTS","gcc 13.3.0","",2025-12-05T00:25:17Z
blake3,blake3_c,16,9,37750,16,"processor	: 0",750000000,0,1,"Ubuntu 24.04.3 LTS","gcc 13.3.0","",2025-12-05T00:25:17Z
blake3,blake3_c,16,10,37751,16,"processor	: 0",750000000,0,1,"Ubuntu 24.04.3 LTS","gcc 13.3.0","",2025-12-05T00:25:17Z
blake3,blake3_c,16,11,37750,16,"processor	: 0",750000000,0,1,"Ubuntu 24.04.3 LTS","gcc 13.3.0","",2025-12-05T00:25:17Z
blake3,blake3_c,16,12,38250,16,"processor	: 0",750000000,0,1,"Ubuntu 24.04.3 LTS","gcc 13.3.0","",2025-12-05T00:25:17Z
blake3,blake3_c,16,13,37750,16,"processor	: 0",750000000,0,1,"Ubuntu 24.04.3 LTS","gcc 13.3.0","",2025-12-05T00:25:17Z
blake3,blake3_c,16,14,37750,16,"processor	: 0",750000000,0,1,"Ubuntu 24.04.3 LTS","gcc 13.3.0","",2025-12-05T00:25:17Z
blake3,blake3_c,16,15,37750,16,"processor	: 0",750000000,0,1,"Ubuntu 24.04.3 LTS","gcc 13.3.0","",2025-12-05T00:25:17Z
blake3,blake3_c,16,16,38000,16,"processor	: 0",750000000,0,1,"Ubuntu 24.04.3 LTS","gcc 13.3.0","",2025-12-05T00:25:17Z
blake3,blake3_c,16,17,38000,16,"processor	: 0",750000000,0,1,"Ubuntu 24.04.3 LTS","gcc 13.3.0","",2025-12-05T00:25:17Z
blake3,blake3_c,16,18,38000,16,"processor	: 0",750000000,0,1,"Ubuntu 24.04.3 LTS","gcc 13.3.0","",2025-12-05T00:25:17Z
blake3,blake3_c,16,19,37750,16,"processor	: 0",750000000,0,1,"Ubuntu 24.04.3 LTS","gcc 13.3.0","",2025-12-05T00:25:17Z
blake3,blake3_c,64,0,38000,64,"processor	: 0",750000000,0,1,"Ubuntu 24.04.3 LTS","gcc 13.3.0","",2025-12-05T00:25:17Z
blake3,blake3_c,64,1,37750,64,"processor	: 0",750000000,0,1,"Ubuntu 24.04.3 LTS","gcc 13.3.0","",2025-12-05T00:25:17Z
blake3,blake3_c,64,2,37750,64,"processor	: 0",750000000,0,1,"Ubuntu 24.04.3 LTS","gcc 13.3.0","",2025-12-05T00:25:17Z
blake3,blake3_c,64,3,37750,64,"processor	: 0",750000000,0,1,"Ubuntu 24.04.3 LTS","gcc 13.3.0","",2025-12-05T00:25:17Z
blake3,blake3_c,64,4,38000,64,"processor	: 0",750000000,0,1,"Ubuntu 24.04.3 LTS","gcc 13.3.0","",2025-12-05T00:25:17Z
blake3,blake3_c,64,5,37750,64,"processor	: 0",750000000,0,1,"Ubuntu 24.04.3 LTS","gcc 13.3.0","",2025-12-05T00:25:17Z
blake3,blake3_c,64,6,37750,64,"processor	: 0",750000000,0,1,"Ubuntu 24.04.3 LTS","gcc 13.3.0","",2025-12-05T00:25:17Z
blake3,blake3_c,64,7,37750,64,"processor	: 0",750000000,0,1,"Ubuntu 24.04.3 LTS","gcc 13.3.0","",2025-12-05T00:25:17Z
blake3,blake3_c,64,8,37750,64,"processor	: 0",750000000,0,1,"Ubuntu 24.04.3 LTS","gcc 13.3.0","",2025-12-05T00:25:17Z
blake3,blake3_c,64,9,37750,64,"processor	: 0",750000000,0,1,"Ubuntu 24.04.3 LTS","gcc 13.3.0","",2025-12-05T00:25:17Z
blake3,blake3_c,64,10,38000,64,"processor	: 0",750000000,0,1,"Ubuntu 24.04.3 LTS","gcc 13.3.0","",2025-12-05T00:25:17Z
blake3,blake3_c,64,11,38000,64,"processor	: 0",750000000,0,1,"Ubuntu 24.04.3 LTS","gcc 13.3.0","",2025-12-05T00:25:17Z
blake3,blake3_c,64,12,38000,64,"processor	: 0",750000000,0,1,"Ubuntu 24.04.3 LTS","gcc 13.3.0","",2025-12-05T00:25:17Z
blake3,blake3_c,64,13,37750,64,"processor	: 0",750000000,0,1,"Ubuntu 24.04.3 LTS","gcc 13.3.0","",2025-12-05T00:25:17Z
blake3,blake3_c,64,14,38000,64,"processor	: 0",750000000,0,1,"Ubuntu 24.04.3 LTS","gcc 13.3.0","",2025-12-05T00:25:17Z
blake3,blake3_c,64,15,38000,64,"processor	: 0",750000000,0,1,"Ubuntu 24.04.3 LTS","gcc 13.3.0","",2025-12-05T00:25:17Z
blake3,blake3_c,64,16,37750,64,"processor	: 0",750000000,0,1,"Ubuntu 24.04.3 LTS","gcc 13.3.0","",2025-12-05T00:25:17Z
blake3,blake3_c,64,17,38000,64,"processor	: 0",750000000,0,1,"Ubuntu 24.04.3 LTS","gcc 13.3.0","",2025-12-05T00:25:17Z
blake3,blake3_c,64,18,37750,64,"processor	: 0",750000000,0,1,"Ubuntu 24.04.3 LTS","gcc 13.3.0","",2025-12-05T00:25:17Z
blake3,blake3_c,64,19,38000,64,"processor	: 0",750000000,0,1,"Ubuntu 24.04.3 LTS","gcc 13.3.0","",2025-12-05T00:25:17Z
blake3,blake3_c,256,0,131000,256,"processor	: 0",750000000,0,1,"Ubuntu 24.04.3 LTS","gcc 13.3.0","",2025-12-05T00:25:17Z
blake3,blake3_c,256,1,131250,256,"processor	: 0",750000000,0,1,"Ubuntu 24.04.3 LTS","gcc 13.3.0","",2025-12-05T00:25:17Z
blake3,blake3_c,256,2,131000,256,"processor	: 0",750000000,0,1,"Ubuntu 24.04.3 LTS","gcc 13.3.0","",2025-12-05T00:25:17Z
blake3,blake3_c,256,3,130751,256,"processor	: 0",750000000,0,1,"Ubuntu 24.04.3 LTS","gcc 13.3.0","",2025-12-05T00:25:17Z
blake3,blake3_c,256,4,130750,256,"processor	: 0",750000000,0,1,"Ubuntu 24.04.3 LTS","gcc 13.3.0","",2025-12-05T00:25:17Z
blake3,blake3_c,256,5,130750,256,"processor	: 0",750000000,0,1,"Ubuntu 24.04.3 LTS","gcc 13.3.0","",2025-12-05T00:25:17Z
blake3,blake3_c,256,6,131000,256,"processor	: 0",750000000,0,1,"Ubuntu 24.04.3 LTS","gcc 13.3.0","",2025-12-05T00:25:17Z
blake3,blake3_c,256,7,130751,256,"processor	: 0",750000000,0,1,"Ubuntu 24.04.3 LTS","gcc 13.3.0","",2025-12-05T00:25:17Z
blake3,blake3_c,256,8,130750,256,"processor	: 0",750000000,0,1,"Ubuntu 24.04.3 LTS","gcc 13.3.0","",2025-12-05T00:25:17Z
blake3,blake3_c,256,9,130750,256,"processor	: 0",750000000,0,1,"Ubuntu 24.04.3 LTS","gcc 13.3.0","",2025-12-05T00:25:17Z
blake3,blake3_c,256,10,130750,256,"processor	: 0",750000000,0,1,"Ubuntu 24.04.3 LTS","gcc 13.3.0","",2025-12-05T00:25:17Z
blake3,blake3_c,256,11,131001,256,"processor	: 0",750000000,0,1,"Ubuntu 24.04.3 LTS","gcc 13.3.0","",2025-12-05T00:25:17Z
blake3,blake3_c,256,12,130750,256,"processor	: 0",750000000,0,1,"Ubuntu 24.04.3 LTS","gcc 13.3.0","",2025-12-05T00:25:17Z
blake3,blake3_c,256,13,130750,256,"processor	: 0",750000000,0,1,"Ubuntu 24.04.3 LTS","gcc 13.3.0","",2025-12-05T00:25:17Z
blake3,blake3_c,256,14,130750,256,"processor	: 0",750000000,0,1,"Ubuntu 24.04.3 LTS","gcc 13.3.0","",2025-12-05T00:25:17Z
blake3,blake3_c,256,15,130750,256,"processor	: 0",750000000,0,1,"Ubuntu 24.04.3 LTS","gcc 13.3.0","",2025-12-05T00:25:17Z
blake3,blake3_c,256,16,130500,256,"processor	: 0",750000000,0,1,"Ubuntu 24.04.3 LTS","gcc 13.3.0","",2025-12-05T00:25:17Z
blake3,blake3_c,256,17,130750,256,"processor	: 0",750000000,0,1,"Ubuntu 24.04.3 LTS","gcc 13.3.0","",2025-12-05T00:25:17Z
blake3,blake3_c,256,18,135500,256,"processor	: 0",750000000,0,1,"Ubuntu 24.04.3 LTS","gcc 13.3.0","",2025-12-05T00:25:17Z
blake3,blake3_c,256,19,131750,256,"processor	: 0",750000000,0,1,"Ubuntu 24.04.3 LTS","gcc 13.3.0","",2025-12-05T00:25:17Z
blake3,blake3_c,1024,0,500001,1024,"processor	: 0",750000000,0,1,"Ubuntu 24.04.3 LTS","gcc 13.3.0","",2025-12-05T00:25:17Z
blake3,blake3_c,1024,1,500751,1024,"processor	: 0",750000000,0,1,"Ubuntu 24.04.3 LTS","gcc 13.3.0","",2025-12-05T00:25:17Z
blake3,blake3_c,1024,2,499750,1024,"processor	: 0",750000000,0,1,"Ubuntu 24.04.3 LTS","gcc 13.3.0","",2025-12-05T00:25:17Z
blake3,blake3_c,1024,3,499750,1024,"processor	: 0",750000000,0,1,"Ubuntu 24.04.3 LTS","gcc 13.3.0","",2025-12-05T00:25:17Z
blake3,blake3_c,1024,4,500001,1024,"processor	: 0",750000000,0,1,"Ubuntu 24.04.3 LTS","gcc 13.3.0","",2025-12-05T00:25:17Z
blake3,blake3_c,1024,5,500001,1024,"processor	: 0",750000000,0,1,"Ubuntu 24.04.3 LTS","gcc 13.3.0","",2025-12-05T00:25:17Z
blake3,blake3_c,1024,6,499751,1024,"processor	: 0",750000000,0,1,"Ubuntu 24.04.3 LTS","gcc 13.3.0","",2025-12-05T00:25:17Z
blake3,blake3_c,1024,7,499750,1024,"processor	: 0",750000000,0,1,"Ubuntu 24.04.3 LTS","gcc 13.3.0","",2025-12-05T00:25:17Z
blake3,blake3_c,1024,8,499751,1024,"processor	: 0",750000000,0,1,"Ubuntu 24.04.3 LTS","gcc 13.3.0","",2025-12-05T00:25:17Z
blake3,blake3_c,1024,9,500001,1024,"processor	: 0",750000000,0,1,"Ubuntu 24.04.3 LTS","gcc 13.3.0","",2025-12-05T00:25:17Z
blake3,blake3_c,1024,10,500001,1024,"processor	: 0",750000000,0,1,"Ubuntu 24.04.3 LTS","gcc 13.3.0","",2025-12-05T00:25:17Z
blake3,blake3_c,1024,11,500000,1024,"processor	: 0",750000000,0,1,"Ubuntu 24.04.3 LTS","gcc 13.3.0","",2025-12-05T00:25:17Z
blake3,blake3_c,1024,12,500001,1024,"processor	: 0",750000000,0,1,"Ubuntu 24.04.3 LTS","gcc 13.3.0","",2025-12-05T00:25:17Z
blake3,blake3_c,1024,13,501251,1024,"processor	: 0",750000000,0,1,"Ubuntu 24.04.3 LTS","gcc 13.3.0","",2025-12-05T00:25:17Z
blake3,blake3_c,1024,14,500001,1024,"processor	: 0",750000000,0,1,"Ubuntu 24.04.3 LTS","gcc 13.3.0","",2025-12-05T00:25:17Z
blake3,blake3_c,1024,15,500000,1024,"processor	: 0",750000000,0,1,"Ubuntu 24.04.3 LTS","gcc 13.3.0","",2025-12-05T00:25:17Z
blake3,blake3_c,1024,16,500000,1024,"processor	: 0",750000000,0,1,"Ubuntu 24.04.3 LTS","gcc 13.3.0","",2025-12-05T00:25:17Z
blake3,blake3_c,1024,17,531251,1024,"processor	: 0",750000000,0,1,"Ubuntu 24.04.3 LTS","gcc 13.3.0","",2025-12-05T00:25:17Z
blake3,blake3_c,1024,18,500501,1024,"processor	: 0",750000000,0,1,"Ubuntu 24.04.3 LTS","gcc 13.3.0","",2025-12-05T00:25:17Z
blake3,blake3_c,1024,19,500001,1024,"processor	: 0",750000000,0,1,"Ubuntu 24.04.3 LTS","gcc 13.3.0","",2025-12-05T00:25:17Z
blake3,blake3_c,4096,0,2076253,4096,"processor	: 0",750000000,0,1,"Ubuntu 24.04.3 LTS","gcc 13.3.0","",2025-12-05T00:25:17Z
blake3,blake3_c,4096,1,2075503,4096,"processor	: 0",750000000,0,1,"Ubuntu 24.04.3 LTS","gcc 13.3.0","",2025-12-05T00:25:17Z
blake3,blake3_c,4096,2,2079003,4096,"processor	: 0",750000000,0,1,"Ubuntu 24.04.3 LTS","gcc 13.3.0","",2025-12-05T00:25:17Z
blake3,blake3_c,4096,3,2107253,4096,"processor	: 0",750000000,0,1,"Ubuntu 24.04.3 LTS","gcc 13.3.0","",2025-12-05T00:25:17Z
blake3,blake3_c,4096,4,2075753,4096,"processor	: 0",750000000,0,1,"Ubuntu 24.04.3 LTS","gcc 13.3.0","",2025-12-05T00:25:17Z
blake3,blake3_c,4096,5,2074253,4096,"processor	: 0",750000000,0,1,"Ubuntu 24.04.3 LTS","gcc 13.3.0","",2025-12-05T00:25:17Z
blake3,blake3_c,4096,6,2074503,4096,"processor	: 0",750000000,0,1,"Ubuntu 24.04.3 LTS","gcc 13.3.0","",2025-12-05T00:25:17Z
blake3,blake3_c,4096,7,2074503,4096,"processor	: 0",750000000,0,1,"Ubuntu 24.04.3 LTS","gcc 13.3.0","",2025-12-05T00:25:17Z
blake3,blake3_c,4096,8,2121253,4096,"processor	: 0",750000000,0,1,"Ubuntu 24.04.3 LTS","gcc 13.3.0","",2025-12-05T00:25:17Z
blake3,blake3_c,4096,9,2075503,4096,"processor	: 0",750000000,0,1,"Ubuntu 24.04.3 LTS","gcc 13.3.0","",2025-12-05T00:25:17Z
blake3,blake3_c,4096,10,2074753,4096,"processor	: 0",750000000,0,1,"Ubuntu 24.04.3 LTS","gcc 13.3.0","",2025-12-05T00:25:17Z
blake3,blake3_c,4096,11,2074253,4096,"processor	: 0",750000000,0,1,"Ubuntu 24.04.3 LTS","gcc 13.3.0","",2025-12-05T00:25:17Z
blake3,blake3_c,4096,12,2074503,4096,"processor	: 0",750000000,0,1,"Ubuntu 24.04.3 LTS","gcc 13.3.0","",2025-12-05T00:25:17Z
blake3,blake3_c,4096,13,2106503,4096,"processor	: 0",750000000,0,1,"Ubuntu 24.04.3 LTS","gcc 13.3.0","",2025-12-05T00:25:17Z
blake3,blake3_c,4096,14,2075753,4096,"processor	: 0",750000000,0,1,"Ubuntu 24.04.3 LTS","gcc 13.3.0","",2025-12-05T00:25:17Z
blake3,blake3_c,4096,15,2074253,4096,"processor	: 0",750000000,0,1,"Ubuntu 24.04.3 LTS","gcc 13.3.0","",2025-12-05T00:25:17Z
blake3,blake3_c,4096,16,2074253,4096,"processor	: 0",750000000,0,1,"Ubuntu 24.04.3 LTS","gcc 13.3.0","",2025-12-05T00:25:17Z
blake3,blake3_c,4096,17,2074503,4096,"processor	: 0",750000000,0,1,"Ubuntu 24.04.3 LTS","gcc 13.3.0","",2025-12-05T00:25:17Z
blake3,blake3_c,4096,18,2105503,4096,"processor	: 0",750000000,0,1,"Ubuntu 24.04.3 LTS","gcc 13.3.0","",2025-12-05T00:25:17Z
blake3,blake3_c,4096,19,2075503,4096,"processor	: 0",750000000,0,1,"Ubuntu 24.04.3 LTS","gcc 13.3.0","",2025-12-05T00:25:17Z
blake3,blake3_c,16384,0,8403012,16384,"processor	: 0",750000000,0,1,"Ubuntu 24.04.3 LTS","gcc 13.3.0","",2025-12-05T00:25:17Z
blake3,blake3_c,16384,1,8407513,16384,"processor	: 0",750000000,0,1,"Ubuntu 24.04.3 LTS","gcc 13.3.0","",2025-12-05T00:25:17Z
blake3,blake3_c,16384,2,8404762,16384,"processor	: 0",750000000,0,1,"Ubuntu 24.04.3 LTS","gcc 13.3.0","",2025-12-05T00:25:17Z
blake3,blake3_c,16384,3,8417512,16384,"processor	: 0",750000000,0,1,"Ubuntu 24.04.3 LTS","gcc 13.3.0","",2025-12-05T00:25:17Z
blake3,blake3_c,16384,4,8373512,16384,"processor	: 0",750000000,0,1,"Ubuntu 24.04.3 LTS","gcc 13.3.0","",2025-12-05T00:25:17Z
blake3,blake3_c,16384,5,8404262,16384,"processor	: 0",750000000,0,1,"Ubuntu 24.04.3 LTS","gcc 13.3.0","",2025-12-05T00:25:17Z
blake3,blake3_c,16384,6,8406512,16384,"processor	: 0",750000000,0,1,"Ubuntu 24.04.3 LTS","gcc 13.3.0","",2025-12-05T00:25:17Z
blake3,blake3_c,16384,7,8834263,16384,"processor	: 0",750000000,0,1,"Ubuntu 24.04.3 LTS","gcc 13.3.0","",2025-12-05T00:25:17Z
blake3,blake3_c,16384,8,8405262,16384,"processor	: 0",750000000,0,1,"Ubuntu 24.04.3 LTS","gcc 13.3.0","",2025-12-05T00:25:17Z
blake3,blake3_c,16384,9,8412762,16384,"processor	: 0",750000000,0,1,"Ubuntu 24.04.3 LTS","gcc 13.3.0","",2025-12-05T00:25:17Z
blake3,blake3_c,16384,10,8407762,16384,"processor	: 0",750000000,0,1,"Ubuntu 24.04.3 LTS","gcc 13.3.0","",2025-12-05T00:25:17Z
blake3,blake3_c,16384,11,8373512,16384,"processor	: 0",750000000,0,1,"Ubuntu 24.04.3 LTS","gcc 13.3.0","",2025-12-05T00:25:17Z
blake3,blake3_c,16384,12,8420262,16384,"processor	: 0",750000000,0,1,"Ubuntu 24.04.3 LTS","gcc 13.3.0","",2025-12-05T00:25:17Z
blake3,blake3_c,16384,13,8406012,16384,"processor	: 0",750000000,0,1,"Ubuntu 24.04.3 LTS","gcc 13.3.0","",2025-12-05T00:25:17Z
blake3,blake3_c,16384,14,8405012,16384,"processor	: 0",750000000,0,1,"Ubuntu 24.04.3 LTS","gcc 13.3.0","",2025-12-05T00:25:17Z
blake3,blake3_c,16384,15,8409262,16384,"processor	: 0",750000000,0,1,"Ubuntu 24.04.3 LTS","gcc 13.3.0","",2025-12-05T00:25:17Z
blake3,blake3_c,16384,16,8404763,16384,"processor	: 0",750000000,0,1,"Ubuntu 24.04.3 LTS","gcc 13.3.0","",2025-12-05T00:25:17Z
blake3,blake3_c,16384,17,8373012,16384,"processor	: 0",750000000,0,1,"Ubuntu 24.04.3 LTS","gcc 13.3.0","",2025-12-05T00:25:17Z
blake3,blake3_c,16384,18,8412762,16384,"processor	: 0",750000000,0,1,"Ubuntu 24.04.3 LTS","gcc 13.3.0","",2025-12-05T00:25:17Z
blake3,blake3_c,16384,19,8404512,16384,"processor	: 0",750000000,0,1,"Ubuntu 24.04.3 LTS","gcc 13.3.0","",2025-12-05T00:25:17Z
blake3,blake3_c,65536,0,33681049,65536,"processor	: 0",750000000,0,1,"Ubuntu 24.04.3 LTS","gcc 13.3.0","",2025-12-05T00:25:18Z
blake3,blake3_c,65536,1,33666299,65536,"processor	: 0",750000000,0,1,"Ubuntu 24.04.3 LTS","gcc 13.3.0","",2025-12-05T00:25:18Z
blake3,blake3_c,65536,2,33658299,65536,"processor	: 0",750000000,0,1,"Ubuntu 24.04.3 LTS","gcc 13.3.0","",2025-12-05T00:25:18Z
blake3,blake3_c,65536,3,33699549,65536,"processor	: 0",750000000,0,1,"Ubuntu 24.04.3 LTS","gcc 13.3.0","",2025-12-05T00:25:18Z
blake3,blake3_c,65536,4,33708048,65536,"processor	: 0",750000000,0,1,"Ubuntu 24.04.3 LTS","gcc 13.3.0","",2025-12-05T00:25:18Z
blake3,blake3_c,65536,5,33697549,65536,"processor	: 0",750000000,0,1,"Ubuntu 24.04.3 LTS","gcc 13.3.0","",2025-12-05T00:25:18Z
blake3,blake3_c,65536,6,34518800,65536,"processor	: 0",750000000,0,1,"Ubuntu 24.04.3 LTS","gcc 13.3.0","",2025-12-05T00:25:18Z
blake3,blake3_c,65536,7,34497300,65536,"processor	: 0",750000000,0,1,"Ubuntu 24.04.3 LTS","gcc 13.3.0","",2025-12-05T00:25:18Z
blake3,blake3_c,65536,8,33706049,65536,"processor	: 0",750000000,0,1,"Ubuntu 24.04.3 LTS","gcc 13.3.0","",2025-12-05T00:25:18Z
blake3,blake3_c,65536,9,33702549,65536,"processor	: 0",750000000,0,1,"Ubuntu 24.04.3 LTS","gcc 13.3.0","",2025-12-05T00:25:18Z
blake3,blake3_c,65536,10,33719299,65536,"processor	: 0",750000000,0,1,"Ubuntu 24.04.3 LTS","gcc 13.3.0","",2025-12-05T00:25:18Z
blake3,blake3_c,65536,11,33676799,65536,"processor	: 0",750000000,0,1,"Ubuntu 24.04.3 LTS","gcc 13.3.0","",2025-12-05T00:25:18Z
blake3,blake3_c,65536,12,33663298,65536,"processor	: 0",750000000,0,1,"Ubuntu 24.04.3 LTS","gcc 13.3.0","",2025-12-05T00:25:18Z
blake3,blake3_c,65536,13,33728299,65536,"processor	: 0",750000000,0,1,"Ubuntu 24.04.3 LTS","gcc 13.3.0","",2025-12-05T00:25:18Z
blake3,blake3_c,65536,14,33661299,65536,"processor	: 0",750000000,0,1,"Ubuntu 24.04.3 LTS","gcc 13.3.0","",2025-12-05T00:25:18Z
blake3,blake3_c,65536,15,33665799,65536,"processor	: 0",750000000,0,1,"Ubuntu 24.04.3 LTS","gcc 13.3.0","",2025-12-05T00:25:18Z
blake3,blake3_c,65536,16,33691799,65536,"processor	: 0",750000000,0,1,"Ubuntu 24.04.3 LTS","gcc 13.3.0","",2025-12-05T00:25:18Z
blake3,blake3_c,65536,17,33658048,65536,"processor	: 0",750000000,0,1,"Ubuntu 24.04.3 LTS","gcc 13.3.0","",2025-12-05T00:25:18Z
blake3,blake3_c,65536,18,33719548,65536,"processor	: 0",750000000,0,1,"Ubuntu 24.04.3 LTS","gcc 13.3.0","",2025-12-05T00:25:18Z
blake3,blake3_c,65536,19,33670299,65536,"processor	: 0",750000000,0,1,"Ubuntu 24.04.3 LTS","gcc 13.3.0","",2025-12-05T00:25:18Z
blake3,blake3_c,262144,0,134789195,262144,"processor	: 0",750000000,0,1,"Ubuntu 24.04.3 LTS","gcc 13.3.0","",2025-12-05T00:25:19Z
blake3,blake3_c,262144,1,134798195,262144,"processor	: 0",750000000,0,1,"Ubuntu 24.04.3 LTS","gcc 13.3.0","",2025-12-05T00:25:19Z
blake3,blake3_c,262144,2,134774445,262144,"processor	: 0",750000000,0,1,"Ubuntu 24.04.3 LTS","gcc 13.3.0","",2025-12-05T00:25:19Z
blake3,blake3_c,262144,3,109490659,262144,"processor	: 0",750000000,0,1,"Ubuntu 24.04.3 LTS","gcc 13.3.0","",2025-12-05T00:25:20Z
blake3,blake3_c,262144,4,67277097,262144,"processor	: 0",750000000,0,1,"Ubuntu 24.04.3 LTS","gcc 13.3.0","",2025-12-05T00:25:20Z
blake3,blake3_c,262144,5,67276098,262144,"processor	: 0",750000000,0,1,"Ubuntu 24.04.3 LTS","gcc 13.3.0","",2025-12-05T00:25:20Z
blake3,blake3_c,262144,6,67250597,262144,"processor	: 0",750000000,0,1,"Ubuntu 24.04.3 LTS","gcc 13.3.0","",2025-12-05T00:25:20Z
blake3,blake3_c,262144,7,67288597,262144,"processor	: 0",750000000,0,1,"Ubuntu 24.04.3 LTS","gcc 13.3.0","",2025-12-05T00:25:20Z
blake3,blake3_c,262144,8,67281598,262144,"processor	: 0",750000000,0,1,"Ubuntu 24.04.3 LTS","gcc 13.3.0","",2025-12-05T00:25:20Z
blake3,blake3_c,262144,9,67295597,262144,"processor	: 0",750000000,0,1,"Ubuntu 24.04.3 LTS","gcc 13.3.0","",2025-12-05T00:25:20Z
blake3,blake3_c,262144,10,67457598,262144,"processor	: 0",750000000,0,1,"Ubuntu 24.04.3 LTS","gcc 13.3.0","",2025-12-05T00:25:20Z
blake3,blake3_c,262144,11,67279097,262144,"processor	: 0",750000000,0,1,"Ubuntu 24.04.3 LTS","gcc 13.3.0","",2025-12-05T00:25:20Z
blake3,blake3_c,262144,12,67276097,262144,"processor	: 0",750000000,0,1,"Ubuntu 24.04.3 LTS","gcc 13.3.0","",2025-12-05T00:25:20Z
blake3,blake3_c,262144,13,67261098,262144,"processor	: 0",750000000,0,1,"Ubuntu 24.04.3 LTS","gcc 13.3.0","",2025-12-05T00:25:20Z
blake3,blake3_c,262144,14,67280597,262144,"processor	: 0",750000000,0,1,"Ubuntu 24.04.3 LTS","gcc 13.3.0","",2025-12-05T00:25:20Z
blake3,blake3_c,262144,15,67274598,262144,"processor	: 0",750000000,0,1,"Ubuntu 24.04.3 LTS","gcc 13.3.0","",2025-12-05T00:25:20Z
blake3,blake3_c,262144,16,67273847,262144,"processor	: 0",750000000,0,1,"Ubuntu 24.04.3 LTS","gcc 13.3.0","",2025-12-05T00:25:20Z
blake3,blake3_c,262144,17,67274847,262144,"processor	: 0",750000000,0,1,"Ubuntu 24.04.3 LTS","gcc 13.3.0","",2025-12-05T00:25:20Z
blake3,blake3_c,262144,18,67271848,262144,"processor	: 0",750000000,0,1,"Ubuntu 24.04.3 LTS","gcc 13.3.0","",2025-12-05T00:25:21Z
blake3,blake3_c,262144,19,67284847,262144,"processor	: 0",750000000,0,1,"Ubuntu 24.04.3 LTS","gcc 13.3.0","",2025-12-05T00:25:21Z
blake3,blake3_c,1048576,0,269340139,1048576,"processor	: 0",750000000,0,1,"Ubuntu 24.04.3 LTS","gcc 13.3.0","",2025-12-05T00:25:22Z
blake3,blake3_c,1048576,1,269729141,1048576,"processor	: 0",750000000,0,1,"Ubuntu 24.04.3 LTS","gcc 13.3.0","",2025-12-05T00:25:23Z
blake3,blake3_c,1048576,2,269197139,1048576,"processor	: 0",750000000,0,1,"Ubuntu 24.04.3 LTS","gcc 13.3.0","",2025-12-05T00:25:23Z
blake3,blake3_c,1048576,3,269248640,1048576,"processor	: 0",750000000,0,1,"Ubuntu 24.04.3 LTS","gcc 13.3.0","",2025-12-05T00:25:23Z
blake3,blake3_c,1048576,4,269312389,1048576,"processor	: 0",750000000,0,1,"Ubuntu 24.04.3 LTS","gcc 13.3.0","",2025-12-05T00:25:23Z
blake3,blake3_c,1048576,5,269472140,1048576,"processor	: 0",750000000,0,1,"Ubuntu 24.04.3 LTS","gcc 13.3.0","",2025-12-05T00:25:24Z
blake3,blake3_c,1048576,6,269156390,1048576,"processor	: 0",750000000,0,1,"Ubuntu 24.04.3 LTS","gcc 13.3.0","",2025-12-05T00:25:24Z
blake3,blake3_c,1048576,7,269772140,1048576,"processor	: 0",750000000,0,1,"Ubuntu 24.04.3 LTS","gcc 13.3.0","",2025-12-05T00:25:24Z
blake3,blake3_c,1048576,8,269995891,1048576,"processor	: 0",750000000,0,1,"Ubuntu 24.04.3 LTS","gcc 13.3.0","",2025-12-05T00:25:24Z
blake3,blake3_c,1048576,9,269453890,1048576,"processor	: 0",750000000,0,1,"Ubuntu 24.04.3 LTS","gcc 13.3.0","",2025-12-05T00:25:25Z
blake3,blake3_c,1048576,10,269429390,1048576,"processor	: 0",750000000,0,1,"Ubuntu 24.04.3 LTS","gcc 13.3.0","",2025-12-05T00:25:25Z
blake3,blake3_c,1048576,11,269738390,1048576,"processor	: 0",750000000,0,1,"Ubuntu 24.04.3 LTS","gcc 13.3.0","",2025-12-05T00:25:25Z
blake3,blake3_c,1048576,12,269296640,1048576,"processor	: 0",750000000,0,1,"Ubuntu 24.04.3 LTS","gcc 13.3.0","",2025-12-05T00:25:25Z
blake3,blake3_c,1048576,13,269145389,1048576,"processor	: 0",750000000,0,1,"Ubuntu 24.04.3 LTS","gcc 13.3.0","",2025-12-05T00:25:26Z
blake3,blake3_c,1048576,14,270018641,1048576,"processor	: 0",750000000,0,1,"Ubuntu 24.04.3 LTS","gcc 13.3.0","",2025-12-05T00:25:26Z
blake3,blake3_c,1048576,15,271758143,1048576,"processor	: 0",750000000,0,1,"Ubuntu 24.04.3 LTS","gcc 13.3.0","",2025-12-05T00:25:26Z
blake3,blake3_c,1048576,16,269306640,1048576,"processor	: 0",750000000,0,1,"Ubuntu 24.04.3 LTS","gcc 13.3.0","",2025-12-05T00:25:27Z
blake3,blake3_c,1048576,17,269215889,1048576,"processor	: 0",750000000,0,1,"Ubuntu 24.04.3 LTS","gcc 13.3.0","",2025-12-05T00:25:27Z
blake3,blake3_c,1048576,18,269256639,1048576,"processor	: 0",750000000,0,1,"Ubuntu 24.04.3 LTS","gcc 13.3.0","",2025-12-05T00:25:27Z
blake3,blake3_c,1048576,19,269324640,1048576,"processor	: 0",750000000,0,1,"Ubuntu 24.04.3 LTS","gcc 13.3.0","",2025-12-05T00:25:27Z
