Copyright 1986-2022 Xilinx, Inc. All Rights Reserved. Copyright 2022-2025 Advanced Micro Devices, Inc. All Rights Reserved.
------------------------------------------------------------------------------------------------------------------------------------------------------------------------------------------------------------------------------------------------------------------------------
| Tool Version : Vivado v.2025.2 (lin64) Build 6299465 Fri Nov 14 12:34:56 MST 2025
| Date         : Mon Dec  8 05:04:26 2025
| Host         : ckpai running 64-bit Ubuntu 24.04.3 LTS
| Command      : report_timing_summary -max_paths 10 -routable_nets -report_unconstrained -file poseidon_block_wrapper_timing_summary_routed.rpt -pb poseidon_block_wrapper_timing_summary_routed.pb -rpx poseidon_block_wrapper_timing_summary_routed.rpx -warn_on_violation
| Design       : poseidon_block_wrapper
| Device       : 7z020-clg400
| Speed File   : -1  PRODUCTION 1.12 2019-11-22
| Design State : Routed
------------------------------------------------------------------------------------------------------------------------------------------------------------------------------------------------------------------------------------------------------------------------------

Timing Summary Report

------------------------------------------------------------------------------------------------
| Timer Settings
| --------------
------------------------------------------------------------------------------------------------

  Enable Multi Corner Analysis               :  Yes
  Enable Pessimism Removal                   :  Yes
  Pessimism Removal Resolution               :  Nearest Common Node
  Enable Input Delay Default Clock           :  No
  Enable Preset / Clear Arcs                 :  No
  Disable Flight Delays                      :  No
  Ignore I/O Paths                           :  No
  Timing Early Launch at Borrowing Latches   :  No
  Borrow Time for Max Delay Exceptions       :  Yes
  Merge Timing Exceptions                    :  Yes
  Inter-SLR Compensation                     :  Conservative

  Corner  Analyze    Analyze    
  Name    Max Paths  Min Paths  
  ------  ---------  ---------  
  Slow    Yes        Yes        
  Fast    Yes        Yes        


------------------------------------------------------------------------------------------------
| Report Methodology
| ------------------
------------------------------------------------------------------------------------------------

Rule       Severity  Description                    Violations  
---------  --------  -----------------------------  ----------  
TIMING-16  Warning   Large setup violation          192         
TIMING-18  Warning   Missing input or output delay  10          

Note: This report is based on the most recent report_methodology run and may not be up-to-date. Run report_methodology on the current design for the latest report.



check_timing report

Table of Contents
-----------------
1. checking no_clock (0)
2. checking constant_clock (0)
3. checking pulse_width_clock (0)
4. checking unconstrained_internal_endpoints (0)
5. checking no_input_delay (6)
6. checking no_output_delay (4)
7. checking multiple_clock (0)
8. checking generated_clocks (0)
9. checking loops (0)
10. checking partial_input_delay (0)
11. checking partial_output_delay (0)
12. checking latch_loops (0)

1. checking no_clock (0)
------------------------
 There are 0 register/latch pins with no clock.


2. checking constant_clock (0)
------------------------------
 There are 0 register/latch pins with constant_clock.


3. checking pulse_width_clock (0)
---------------------------------
 There are 0 register/latch pins which need pulse_width check


4. checking unconstrained_internal_endpoints (0)
------------------------------------------------
 There are 0 pins that are not constrained for maximum delay.

 There are 0 pins that are not constrained for maximum delay due to constant clock.


5. checking no_input_delay (6)
------------------------------
 There are 6 input ports with no input delay specified. (HIGH)

 There are 0 input ports with no input delay but user has a false path constraint.


6. checking no_output_delay (4)
-------------------------------
 There are 4 ports with no output delay specified. (HIGH)

 There are 0 ports with no output delay but user has a false path constraint

 There are 0 ports with no output delay but with a timing clock defined on it or propagating through it


7. checking multiple_clock (0)
------------------------------
 There are 0 register/latch pins with multiple clocks.


8. checking generated_clocks (0)
--------------------------------
 There are 0 generated clocks that are not connected to a clock source.


9. checking loops (0)
---------------------
 There are 0 combinational loops in the design.


10. checking partial_input_delay (0)
------------------------------------
 There are 0 input ports with partial input delay specified.


11. checking partial_output_delay (0)
-------------------------------------
 There are 0 ports with partial output delay specified.


12. checking latch_loops (0)
----------------------------
 There are 0 combinational latch loops in the design through latch input



------------------------------------------------------------------------------------------------
| Design Timing Summary
| ---------------------
------------------------------------------------------------------------------------------------

    WNS(ns)      TNS(ns)  TNS Failing Endpoints  TNS Total Endpoints      WHS(ns)      THS(ns)  THS Failing Endpoints  THS Total Endpoints     WPWS(ns)     TPWS(ns)  TPWS Failing Endpoints  TPWS Total Endpoints  
    -------      -------  ---------------------  -------------------      -------      -------  ---------------------  -------------------     --------     --------  ----------------------  --------------------  
    -17.932    -2862.490                    192                22068        0.012        0.000                      0                22068        3.750        0.000                       0                  7403  


Timing constraints are not met.


------------------------------------------------------------------------------------------------
| Clock Summary
| -------------
------------------------------------------------------------------------------------------------

Clock       Waveform(ns)       Period(ns)      Frequency(MHz)
-----       ------------       ----------      --------------
clk_fpga_0  {0.000 5.000}      10.000          100.000         


------------------------------------------------------------------------------------------------
| Intra Clock Table
| -----------------
------------------------------------------------------------------------------------------------

Clock             WNS(ns)      TNS(ns)  TNS Failing Endpoints  TNS Total Endpoints      WHS(ns)      THS(ns)  THS Failing Endpoints  THS Total Endpoints     WPWS(ns)     TPWS(ns)  TPWS Failing Endpoints  TPWS Total Endpoints  
-----             -------      -------  ---------------------  -------------------      -------      -------  ---------------------  -------------------     --------     --------  ----------------------  --------------------  
clk_fpga_0        -17.932    -2862.490                    192                22068        0.012        0.000                      0                22068        3.750        0.000                       0                  7403  


------------------------------------------------------------------------------------------------
| Inter Clock Table
| -----------------
------------------------------------------------------------------------------------------------

From Clock    To Clock          WNS(ns)      TNS(ns)  TNS Failing Endpoints  TNS Total Endpoints      WHS(ns)      THS(ns)  THS Failing Endpoints  THS Total Endpoints  
----------    --------          -------      -------  ---------------------  -------------------      -------      -------  ---------------------  -------------------  


------------------------------------------------------------------------------------------------
| Other Path Groups Table
| -----------------------
------------------------------------------------------------------------------------------------

Path Group    From Clock    To Clock          WNS(ns)      TNS(ns)  TNS Failing Endpoints  TNS Total Endpoints      WHS(ns)      THS(ns)  THS Failing Endpoints  THS Total Endpoints  
----------    ----------    --------          -------      -------  ---------------------  -------------------      -------      -------  ---------------------  -------------------  


------------------------------------------------------------------------------------------------
| User Ignored Path Table
| -----------------------
------------------------------------------------------------------------------------------------

Path Group    From Clock    To Clock    
----------    ----------    --------    
(none)                      clk_fpga_0    
(none)        clk_fpga_0    clk_fpga_0    


------------------------------------------------------------------------------------------------
| Unconstrained Path Table
| ------------------------
------------------------------------------------------------------------------------------------

Path Group    From Clock    To Clock    
----------    ----------    --------    
(none)        clk_fpga_0                  
(none)                      clk_fpga_0    


------------------------------------------------------------------------------------------------
| Timing Details
| --------------
------------------------------------------------------------------------------------------------


---------------------------------------------------------------------------------------------------
From Clock:  clk_fpga_0
  To Clock:  clk_fpga_0

Setup :          192  Failing Endpoints,  Worst Slack      -17.932ns,  Total Violation    -2862.490ns
Hold  :            0  Failing Endpoints,  Worst Slack        0.012ns,  Total Violation        0.000ns
PW    :            0  Failing Endpoints,  Worst Slack        3.750ns,  Total Violation        0.000ns
---------------------------------------------------------------------------------------------------


Max Delay Paths
--------------------------------------------------------------------------------------
Slack (VIOLATED) :        -17.932ns  (required time - arrival time)
  Source:                 poseidon_block_i/poseidon_accel_axi_l_0/inst/u_poseidon_core/st0_reg[5]/C
                            (rising edge-triggered cell FDRE clocked by clk_fpga_0  {rise@0.000ns fall@5.000ns period=10.000ns})
  Destination:            poseidon_block_i/poseidon_accel_axi_l_0/inst/u_poseidon_core/st2_reg[30]/D
                            (rising edge-triggered cell FDRE clocked by clk_fpga_0  {rise@0.000ns fall@5.000ns period=10.000ns})
  Path Group:             clk_fpga_0
  Path Type:              Setup (Max at Slow Process Corner)
  Requirement:            10.000ns  (clk_fpga_0 rise@10.000ns - clk_fpga_0 rise@0.000ns)
  Data Path Delay:        27.736ns  (logic 19.410ns (69.982%)  route 8.326ns (30.018%))
  Logic Levels:           23  (CARRY4=12 DSP48E1=4 LUT2=3 LUT4=1 LUT5=1 LUT6=2)
  Clock Path Skew:        -0.073ns (DCD - SCD + CPR)
    Destination Clock Delay (DCD):    2.947ns = ( 12.947 - 10.000 ) 
    Source Clock Delay      (SCD):    3.267ns
    Clock Pessimism Removal (CPR):    0.247ns
  Clock Uncertainty:      0.154ns  ((TSJ^2 + TIJ^2)^1/2 + DJ) / 2 + PE
    Total System Jitter     (TSJ):    0.071ns
    Total Input Jitter      (TIJ):    0.300ns
    Discrete Jitter          (DJ):    0.000ns
    Phase Error              (PE):    0.000ns

    Location             Delay type                Incr(ns)  Path(ns)    Netlist Resource(s)
  -------------------------------------------------------------------    -------------------
                         (clock clk_fpga_0 rise edge)
                                                      0.000     0.000 r  
    PS7_X0Y0             PS7                          0.000     0.000 r  poseidon_block_i/processing_system7/inst/PS7_i/FCLKCLK[0]
                         net (fo=1, routed)           1.193     1.193    poseidon_block_i/processing_system7/inst/FCLK_CLK_unbuffered[0]
    BUFGCTRL_X0Y16       BUFG (Prop_bufg_I_O)         0.101     1.294 r  poseidon_block_i/processing_system7/inst/buffer_fclk_clk_0.FCLK_CLK_0_BUFG/O
                         net (fo=7403, routed)        1.973     3.267    poseidon_block_i/poseidon_accel_axi_l_0/inst/u_poseidon_core/s_axi_aclk
    SLICE_X96Y111        FDRE                                         r  poseidon_block_i/poseidon_accel_axi_l_0/inst/u_poseidon_core/st0_reg[5]/C
  -------------------------------------------------------------------    -------------------
    SLICE_X96Y111        FDRE (Prop_fdre_C_Q)         0.518     3.785 r  poseidon_block_i/poseidon_accel_axi_l_0/inst/u_poseidon_core/st0_reg[5]/Q
                         net (fo=2, routed)           0.944     4.729    poseidon_block_i/poseidon_accel_axi_l_0/inst/u_poseidon_core/st0[5]
    SLICE_X94Y111        LUT5 (Prop_lut5_I0_O)        0.124     4.853 r  poseidon_block_i/poseidon_accel_axi_l_0/inst/u_poseidon_core/sbox_return2_carry__0_i_3/O
                         net (fo=1, routed)           0.000     4.853    poseidon_block_i/poseidon_accel_axi_l_0/inst/u_poseidon_core/sbox_return2_carry__0_i_3_n_0
    SLICE_X94Y111        CARRY4 (Prop_carry4_S[1]_CO[3])
                                                      0.533     5.386 r  poseidon_block_i/poseidon_accel_axi_l_0/inst/u_poseidon_core/sbox_return2_carry__0/CO[3]
                         net (fo=1, routed)           0.000     5.386    poseidon_block_i/poseidon_accel_axi_l_0/inst/u_poseidon_core/sbox_return2_carry__0_n_0
    SLICE_X94Y112        CARRY4 (Prop_carry4_CI_CO[3])
                                                      0.117     5.503 r  poseidon_block_i/poseidon_accel_axi_l_0/inst/u_poseidon_core/sbox_return2_carry__1/CO[3]
                         net (fo=1, routed)           0.000     5.503    poseidon_block_i/poseidon_accel_axi_l_0/inst/u_poseidon_core/sbox_return2_carry__1_n_0
    SLICE_X94Y113        CARRY4 (Prop_carry4_CI_O[2])
                                                      0.239     5.742 r  poseidon_block_i/poseidon_accel_axi_l_0/inst/u_poseidon_core/sbox_return2_carry__2/O[2]
                         net (fo=27, routed)          0.648     6.390    poseidon_block_i/poseidon_accel_axi_l_0/inst/u_poseidon_core/x1_out[14]
    DSP48_X3Y45          DSP48E1 (Prop_dsp48e1_A[14]_PCOUT[47])
                                                      4.213    10.603 r  poseidon_block_i/poseidon_accel_axi_l_0/inst/u_poseidon_core/sbox_return1__0/PCOUT[47]
                         net (fo=1, routed)           0.002    10.605    poseidon_block_i/poseidon_accel_axi_l_0/inst/u_poseidon_core/sbox_return1__0_n_106
    DSP48_X3Y46          DSP48E1 (Prop_dsp48e1_PCIN[47]_P[1])
                                                      1.518    12.123 r  poseidon_block_i/poseidon_accel_axi_l_0/inst/u_poseidon_core/sbox_return1__1/P[1]
                         net (fo=2, routed)           0.955    13.078    poseidon_block_i/poseidon_accel_axi_l_0/inst/u_poseidon_core/sbox_return1__1_n_104
    SLICE_X96Y114        LUT2 (Prop_lut2_I0_O)        0.124    13.202 r  poseidon_block_i/poseidon_accel_axi_l_0/inst/u_poseidon_core/sbox_return0_i_18/O
                         net (fo=1, routed)           0.000    13.202    poseidon_block_i/poseidon_accel_axi_l_0/inst/u_poseidon_core/sbox_return0_i_18_n_0
    SLICE_X96Y114        CARRY4 (Prop_carry4_S[2]_CO[3])
                                                      0.380    13.582 r  poseidon_block_i/poseidon_accel_axi_l_0/inst/u_poseidon_core/sbox_return0_i_4/CO[3]
                         net (fo=1, routed)           0.000    13.582    poseidon_block_i/poseidon_accel_axi_l_0/inst/u_poseidon_core/sbox_return0_i_4_n_0
    SLICE_X96Y115        CARRY4 (Prop_carry4_CI_CO[3])
                                                      0.117    13.699 r  poseidon_block_i/poseidon_accel_axi_l_0/inst/u_poseidon_core/sbox_return0_i_3/CO[3]
                         net (fo=1, routed)           0.000    13.699    poseidon_block_i/poseidon_accel_axi_l_0/inst/u_poseidon_core/sbox_return0_i_3_n_0
    SLICE_X96Y116        CARRY4 (Prop_carry4_CI_CO[3])
                                                      0.117    13.816 r  poseidon_block_i/poseidon_accel_axi_l_0/inst/u_poseidon_core/sbox_return0_i_2/CO[3]
                         net (fo=1, routed)           0.000    13.816    poseidon_block_i/poseidon_accel_axi_l_0/inst/u_poseidon_core/sbox_return0_i_2_n_0
    SLICE_X96Y117        CARRY4 (Prop_carry4_CI_O[3])
                                                      0.315    14.131 r  poseidon_block_i/poseidon_accel_axi_l_0/inst/u_poseidon_core/sbox_return0_i_1/O[3]
                         net (fo=2, routed)           0.777    14.908    poseidon_block_i/poseidon_accel_axi_l_0/inst/u_poseidon_core/sbox_return1__8[31]
    DSP48_X4Y44          DSP48E1 (Prop_dsp48e1_B[14]_P[3])
                                                      3.839    18.747 r  poseidon_block_i/poseidon_accel_axi_l_0/inst/u_poseidon_core/sbox_return0__1/P[3]
                         net (fo=2, routed)           1.099    19.846    poseidon_block_i/poseidon_accel_axi_l_0/inst/u_poseidon_core/sbox_return0__1_n_102
    SLICE_X93Y115        LUT2 (Prop_lut2_I0_O)        0.124    19.970 r  poseidon_block_i/poseidon_accel_axi_l_0/inst/u_poseidon_core/sbox_return_i_16/O
                         net (fo=1, routed)           0.000    19.970    poseidon_block_i/poseidon_accel_axi_l_0/inst/u_poseidon_core/sbox_return_i_16_n_0
    SLICE_X93Y115        CARRY4 (Prop_carry4_S[0]_CO[3])
                                                      0.532    20.502 r  poseidon_block_i/poseidon_accel_axi_l_0/inst/u_poseidon_core/sbox_return_i_3/CO[3]
                         net (fo=1, routed)           0.000    20.502    poseidon_block_i/poseidon_accel_axi_l_0/inst/u_poseidon_core/sbox_return_i_3_n_0
    SLICE_X93Y116        CARRY4 (Prop_carry4_CI_O[3])
                                                      0.313    20.815 r  poseidon_block_i/poseidon_accel_axi_l_0/inst/u_poseidon_core/sbox_return_i_2/O[3]
                         net (fo=1, routed)           0.916    21.731    poseidon_block_i/poseidon_accel_axi_l_0/inst/u_poseidon_core/sbox_return_i_2_n_4
    DSP48_X3Y48          DSP48E1 (Prop_dsp48e1_A[10]_P[4])
                                                      4.023    25.754 r  poseidon_block_i/poseidon_accel_axi_l_0/inst/u_poseidon_core/sbox_return/P[4]
                         net (fo=1, routed)           0.879    26.633    poseidon_block_i/poseidon_accel_axi_l_0/inst/u_poseidon_core/sbox_return_n_101
    SLICE_X93Y119        LUT2 (Prop_lut2_I1_O)        0.124    26.757 r  poseidon_block_i/poseidon_accel_axi_l_0/inst/u_poseidon_core/sbox_return_carry__0_i_3/O
                         net (fo=1, routed)           0.000    26.757    poseidon_block_i/poseidon_accel_axi_l_0/inst/u_poseidon_core/sbox_return_carry__0_i_3_n_0
    SLICE_X93Y119        CARRY4 (Prop_carry4_S[1]_O[3])
                                                      0.640    27.397 r  poseidon_block_i/poseidon_accel_axi_l_0/inst/u_poseidon_core/sbox_return_carry__0/O[3]
                         net (fo=6, routed)           0.827    28.224    poseidon_block_i/poseidon_accel_axi_l_0/inst/u_poseidon_core/sbox_return__8[23]
    SLICE_X90Y115        LUT6 (Prop_lut6_I5_O)        0.306    28.530 r  poseidon_block_i/poseidon_accel_axi_l_0/inst/u_poseidon_core/st20__1_carry__5_i_4/O
                         net (fo=2, routed)           0.834    29.364    poseidon_block_i/poseidon_accel_axi_l_0/inst/u_poseidon_core/st20__1_carry__5_i_4_n_0
    SLICE_X92Y117        LUT6 (Prop_lut6_I0_O)        0.124    29.488 r  poseidon_block_i/poseidon_accel_axi_l_0/inst/u_poseidon_core/st20__1_carry__5_i_8/O
                         net (fo=1, routed)           0.000    29.488    poseidon_block_i/poseidon_accel_axi_l_0/inst/u_poseidon_core/st20__1_carry__5_i_8_n_0
    SLICE_X92Y117        CARRY4 (Prop_carry4_S[0]_CO[3])
                                                      0.513    30.001 r  poseidon_block_i/poseidon_accel_axi_l_0/inst/u_poseidon_core/st20__1_carry__5/CO[3]
                         net (fo=1, routed)           0.000    30.001    poseidon_block_i/poseidon_accel_axi_l_0/inst/u_poseidon_core/st20__1_carry__5_n_0
    SLICE_X92Y118        CARRY4 (Prop_carry4_CI_O[2])
                                                      0.256    30.257 r  poseidon_block_i/poseidon_accel_axi_l_0/inst/u_poseidon_core/st20__1_carry__6/O[2]
                         net (fo=2, routed)           0.444    30.702    poseidon_block_i/poseidon_accel_axi_l_0/inst/u_poseidon_core/m2[30]
    SLICE_X91Y120        LUT4 (Prop_lut4_I3_O)        0.301    31.003 r  poseidon_block_i/poseidon_accel_axi_l_0/inst/u_poseidon_core/st2[30]_i_1/O
                         net (fo=1, routed)           0.000    31.003    poseidon_block_i/poseidon_accel_axi_l_0/inst/u_poseidon_core/st2[30]_i_1_n_0
    SLICE_X91Y120        FDRE                                         r  poseidon_block_i/poseidon_accel_axi_l_0/inst/u_poseidon_core/st2_reg[30]/D
  -------------------------------------------------------------------    -------------------

                         (clock clk_fpga_0 rise edge)
                                                     10.000    10.000 r  
    PS7_X0Y0             PS7                          0.000    10.000 r  poseidon_block_i/processing_system7/inst/PS7_i/FCLKCLK[0]
                         net (fo=1, routed)           1.088    11.088    poseidon_block_i/processing_system7/inst/FCLK_CLK_unbuffered[0]
    BUFGCTRL_X0Y16       BUFG (Prop_bufg_I_O)         0.091    11.179 r  poseidon_block_i/processing_system7/inst/buffer_fclk_clk_0.FCLK_CLK_0_BUFG/O
                         net (fo=7403, routed)        1.768    12.947    poseidon_block_i/poseidon_accel_axi_l_0/inst/u_poseidon_core/s_axi_aclk
    SLICE_X91Y120        FDRE                                         r  poseidon_block_i/poseidon_accel_axi_l_0/inst/u_poseidon_core/st2_reg[30]/C
                         clock pessimism              0.247    13.194    
                         clock uncertainty           -0.154    13.040    
    SLICE_X91Y120        FDRE (Setup_fdre_C_D)        0.031    13.071    poseidon_block_i/poseidon_accel_axi_l_0/inst/u_poseidon_core/st2_reg[30]
  -------------------------------------------------------------------
                         required time                         13.071    
                         arrival time                         -31.003    
  -------------------------------------------------------------------
                         slack                                -17.932    

Slack (VIOLATED) :        -17.855ns  (required time - arrival time)
  Source:                 poseidon_block_i/poseidon_accel_axi_l_0/inst/u_poseidon_core/st2_reg[5]/C
                            (rising edge-triggered cell FDRE clocked by clk_fpga_0  {rise@0.000ns fall@5.000ns period=10.000ns})
  Destination:            poseidon_block_i/poseidon_accel_axi_l_0/inst/u_poseidon_core/st1_reg[29]/D
                            (rising edge-triggered cell FDRE clocked by clk_fpga_0  {rise@0.000ns fall@5.000ns period=10.000ns})
  Path Group:             clk_fpga_0
  Path Type:              Setup (Max at Slow Process Corner)
  Requirement:            10.000ns  (clk_fpga_0 rise@10.000ns - clk_fpga_0 rise@0.000ns)
  Data Path Delay:        27.661ns  (logic 19.760ns (71.437%)  route 7.901ns (28.563%))
  Logic Levels:           25  (CARRY4=14 DSP48E1=4 LUT2=3 LUT4=1 LUT5=1 LUT6=2)
  Clock Path Skew:        -0.069ns (DCD - SCD + CPR)
    Destination Clock Delay (DCD):    2.951ns = ( 12.951 - 10.000 ) 
    Source Clock Delay      (SCD):    3.267ns
    Clock Pessimism Removal (CPR):    0.247ns
  Clock Uncertainty:      0.154ns  ((TSJ^2 + TIJ^2)^1/2 + DJ) / 2 + PE
    Total System Jitter     (TSJ):    0.071ns
    Total Input Jitter      (TIJ):    0.300ns
    Discrete Jitter          (DJ):    0.000ns
    Phase Error              (PE):    0.000ns

    Location             Delay type                Incr(ns)  Path(ns)    Netlist Resource(s)
  -------------------------------------------------------------------    -------------------
                         (clock clk_fpga_0 rise edge)
                                                      0.000     0.000 r  
    PS7_X0Y0             PS7                          0.000     0.000 r  poseidon_block_i/processing_system7/inst/PS7_i/FCLKCLK[0]
                         net (fo=1, routed)           1.193     1.193    poseidon_block_i/processing_system7/inst/FCLK_CLK_unbuffered[0]
    BUFGCTRL_X0Y16       BUFG (Prop_bufg_I_O)         0.101     1.294 r  poseidon_block_i/processing_system7/inst/buffer_fclk_clk_0.FCLK_CLK_0_BUFG/O
                         net (fo=7403, routed)        1.973     3.267    poseidon_block_i/poseidon_accel_axi_l_0/inst/u_poseidon_core/s_axi_aclk
    SLICE_X105Y112       FDRE                                         r  poseidon_block_i/poseidon_accel_axi_l_0/inst/u_poseidon_core/st2_reg[5]/C
  -------------------------------------------------------------------    -------------------
    SLICE_X105Y112       FDRE (Prop_fdre_C_Q)         0.456     3.723 r  poseidon_block_i/poseidon_accel_axi_l_0/inst/u_poseidon_core/st2_reg[5]/Q
                         net (fo=2, routed)           0.955     4.678    poseidon_block_i/poseidon_accel_axi_l_0/inst/u_poseidon_core/st2[5]
    SLICE_X102Y114       LUT5 (Prop_lut5_I0_O)        0.124     4.802 r  poseidon_block_i/poseidon_accel_axi_l_0/inst/u_poseidon_core/i__carry__0_i_3/O
                         net (fo=1, routed)           0.000     4.802    poseidon_block_i/poseidon_accel_axi_l_0/inst/u_poseidon_core/i__carry__0_i_3_n_0
    SLICE_X102Y114       CARRY4 (Prop_carry4_S[1]_CO[3])
                                                      0.533     5.335 r  poseidon_block_i/poseidon_accel_axi_l_0/inst/u_poseidon_core/sbox_return2_inferred__0/i__carry__0/CO[3]
                         net (fo=1, routed)           0.000     5.335    poseidon_block_i/poseidon_accel_axi_l_0/inst/u_poseidon_core/sbox_return2_inferred__0/i__carry__0_n_0
    SLICE_X102Y115       CARRY4 (Prop_carry4_CI_CO[3])
                                                      0.117     5.452 r  poseidon_block_i/poseidon_accel_axi_l_0/inst/u_poseidon_core/sbox_return2_inferred__0/i__carry__1/CO[3]
                         net (fo=1, routed)           0.000     5.452    poseidon_block_i/poseidon_accel_axi_l_0/inst/u_poseidon_core/sbox_return2_inferred__0/i__carry__1_n_0
    SLICE_X102Y116       CARRY4 (Prop_carry4_CI_O[2])
                                                      0.239     5.691 r  poseidon_block_i/poseidon_accel_axi_l_0/inst/u_poseidon_core/sbox_return2_inferred__0/i__carry__2/O[2]
                         net (fo=28, routed)          0.747     6.438    poseidon_block_i/poseidon_accel_axi_l_0/inst/u_poseidon_core/x[14]
    DSP48_X4Y47          DSP48E1 (Prop_dsp48e1_A[14]_PCOUT[47])
                                                      4.213    10.651 r  poseidon_block_i/poseidon_accel_axi_l_0/inst/u_poseidon_core/sbox_return1__3/PCOUT[47]
                         net (fo=1, routed)           0.002    10.653    poseidon_block_i/poseidon_accel_axi_l_0/inst/u_poseidon_core/sbox_return1__3_n_106
    DSP48_X4Y48          DSP48E1 (Prop_dsp48e1_PCIN[47]_P[3])
                                                      1.518    12.171 r  poseidon_block_i/poseidon_accel_axi_l_0/inst/u_poseidon_core/sbox_return1__4/P[3]
                         net (fo=2, routed)           0.764    12.935    poseidon_block_i/poseidon_accel_axi_l_0/inst/u_poseidon_core/sbox_return1__4_n_102
    SLICE_X102Y122       LUT2 (Prop_lut2_I0_O)        0.124    13.059 r  poseidon_block_i/poseidon_accel_axi_l_0/inst/u_poseidon_core/sbox_return0__2_i_16/O
                         net (fo=1, routed)           0.000    13.059    poseidon_block_i/poseidon_accel_axi_l_0/inst/u_poseidon_core/sbox_return0__2_i_16_n_0
    SLICE_X102Y122       CARRY4 (Prop_carry4_S[0]_CO[3])
                                                      0.513    13.572 r  poseidon_block_i/poseidon_accel_axi_l_0/inst/u_poseidon_core/sbox_return0__2_i_3/CO[3]
                         net (fo=1, routed)           0.000    13.572    poseidon_block_i/poseidon_accel_axi_l_0/inst/u_poseidon_core/sbox_return0__2_i_3_n_0
    SLICE_X102Y123       CARRY4 (Prop_carry4_CI_CO[3])
                                                      0.117    13.689 r  poseidon_block_i/poseidon_accel_axi_l_0/inst/u_poseidon_core/sbox_return0__2_i_2/CO[3]
                         net (fo=1, routed)           0.000    13.689    poseidon_block_i/poseidon_accel_axi_l_0/inst/u_poseidon_core/sbox_return0__2_i_2_n_0
    SLICE_X102Y124       CARRY4 (Prop_carry4_CI_O[1])
                                                      0.323    14.012 r  poseidon_block_i/poseidon_accel_axi_l_0/inst/u_poseidon_core/sbox_return0__2_i_1/O[1]
                         net (fo=2, routed)           0.737    14.749    poseidon_block_i/poseidon_accel_axi_l_0/inst/u_poseidon_core/sbox_return0__2_i_1_n_6
    DSP48_X4Y51          DSP48E1 (Prop_dsp48e1_B[12]_P[0])
                                                      3.838    18.587 r  poseidon_block_i/poseidon_accel_axi_l_0/inst/u_poseidon_core/sbox_return0__4/P[0]
                         net (fo=2, routed)           0.837    19.424    poseidon_block_i/poseidon_accel_axi_l_0/inst/u_poseidon_core/sbox_return0__4_n_105
    SLICE_X100Y124       LUT2 (Prop_lut2_I0_O)        0.124    19.548 r  poseidon_block_i/poseidon_accel_axi_l_0/inst/u_poseidon_core/sbox_return__2_i_19/O
                         net (fo=1, routed)           0.000    19.548    poseidon_block_i/poseidon_accel_axi_l_0/inst/u_poseidon_core/sbox_return__2_i_19_n_0
    SLICE_X100Y124       CARRY4 (Prop_carry4_S[1]_CO[3])
                                                      0.533    20.081 r  poseidon_block_i/poseidon_accel_axi_l_0/inst/u_poseidon_core/sbox_return__2_i_4/CO[3]
                         net (fo=1, routed)           0.009    20.090    poseidon_block_i/poseidon_accel_axi_l_0/inst/u_poseidon_core/sbox_return__2_i_4_n_0
    SLICE_X100Y125       CARRY4 (Prop_carry4_CI_CO[3])
                                                      0.117    20.207 r  poseidon_block_i/poseidon_accel_axi_l_0/inst/u_poseidon_core/sbox_return__2_i_3/CO[3]
                         net (fo=1, routed)           0.000    20.207    poseidon_block_i/poseidon_accel_axi_l_0/inst/u_poseidon_core/sbox_return__2_i_3_n_0
    SLICE_X100Y126       CARRY4 (Prop_carry4_CI_CO[3])
                                                      0.117    20.324 r  poseidon_block_i/poseidon_accel_axi_l_0/inst/u_poseidon_core/sbox_return__2_i_2/CO[3]
                         net (fo=1, routed)           0.000    20.324    poseidon_block_i/poseidon_accel_axi_l_0/inst/u_poseidon_core/sbox_return__2_i_2_n_0
    SLICE_X100Y127       CARRY4 (Prop_carry4_CI_O[3])
                                                      0.315    20.639 r  poseidon_block_i/poseidon_accel_axi_l_0/inst/u_poseidon_core/sbox_return__2_i_1/O[3]
                         net (fo=1, routed)           0.705    21.344    poseidon_block_i/poseidon_accel_axi_l_0/inst/u_poseidon_core/sbox_return__2_i_1_n_4
    DSP48_X3Y50          DSP48E1 (Prop_dsp48e1_B[14]_P[0])
                                                      3.839    25.183 r  poseidon_block_i/poseidon_accel_axi_l_0/inst/u_poseidon_core/sbox_return__2/P[0]
                         net (fo=1, routed)           0.808    25.991    poseidon_block_i/poseidon_accel_axi_l_0/inst/u_poseidon_core/sbox_return__2_n_105
    SLICE_X93Y124        LUT2 (Prop_lut2_I1_O)        0.124    26.115 r  poseidon_block_i/poseidon_accel_axi_l_0/inst/u_poseidon_core/i__carry_i_3__0/O
                         net (fo=1, routed)           0.000    26.115    poseidon_block_i/poseidon_accel_axi_l_0/inst/u_poseidon_core/i__carry_i_3__0_n_0
    SLICE_X93Y124        CARRY4 (Prop_carry4_S[1]_CO[3])
                                                      0.550    26.665 r  poseidon_block_i/poseidon_accel_axi_l_0/inst/u_poseidon_core/sbox_return_inferred__0/i__carry/CO[3]
                         net (fo=1, routed)           0.009    26.674    poseidon_block_i/poseidon_accel_axi_l_0/inst/u_poseidon_core/sbox_return_inferred__0/i__carry_n_0
    SLICE_X93Y125        CARRY4 (Prop_carry4_CI_O[3])
                                                      0.313    26.987 r  poseidon_block_i/poseidon_accel_axi_l_0/inst/u_poseidon_core/sbox_return_inferred__0/i__carry__0/O[3]
                         net (fo=4, routed)           1.239    28.225    poseidon_block_i/poseidon_accel_axi_l_0/inst/u_poseidon_core/sbox_return__9[23]
    SLICE_X99Y115        LUT6 (Prop_lut6_I2_O)        0.306    28.531 r  poseidon_block_i/poseidon_accel_axi_l_0/inst/u_poseidon_core/st10__1_carry__5_i_4/O
                         net (fo=2, routed)           0.799    29.330    poseidon_block_i/poseidon_accel_axi_l_0/inst/u_poseidon_core/st10__1_carry__5_i_4_n_0
    SLICE_X95Y117        LUT6 (Prop_lut6_I0_O)        0.124    29.454 r  poseidon_block_i/poseidon_accel_axi_l_0/inst/u_poseidon_core/st10__1_carry__5_i_8/O
                         net (fo=1, routed)           0.000    29.454    poseidon_block_i/poseidon_accel_axi_l_0/inst/u_poseidon_core/st10__1_carry__5_i_8_n_0
    SLICE_X95Y117        CARRY4 (Prop_carry4_S[0]_CO[3])
                                                      0.532    29.986 r  poseidon_block_i/poseidon_accel_axi_l_0/inst/u_poseidon_core/st10__1_carry__5/CO[3]
                         net (fo=1, routed)           0.000    29.986    poseidon_block_i/poseidon_accel_axi_l_0/inst/u_poseidon_core/st10__1_carry__5_n_0
    SLICE_X95Y118        CARRY4 (Prop_carry4_CI_O[1])
                                                      0.348    30.334 r  poseidon_block_i/poseidon_accel_axi_l_0/inst/u_poseidon_core/st10__1_carry__6/O[1]
                         net (fo=2, routed)           0.291    30.625    poseidon_block_i/poseidon_accel_axi_l_0/inst/u_poseidon_core/m1[29]
    SLICE_X97Y118        LUT4 (Prop_lut4_I3_O)        0.303    30.928 r  poseidon_block_i/poseidon_accel_axi_l_0/inst/u_poseidon_core/st1[29]_i_1/O
                         net (fo=1, routed)           0.000    30.928    poseidon_block_i/poseidon_accel_axi_l_0/inst/u_poseidon_core/st1[29]_i_1_n_0
    SLICE_X97Y118        FDRE                                         r  poseidon_block_i/poseidon_accel_axi_l_0/inst/u_poseidon_core/st1_reg[29]/D
  -------------------------------------------------------------------    -------------------

                         (clock clk_fpga_0 rise edge)
                                                     10.000    10.000 r  
    PS7_X0Y0             PS7                          0.000    10.000 r  poseidon_block_i/processing_system7/inst/PS7_i/FCLKCLK[0]
                         net (fo=1, routed)           1.088    11.088    poseidon_block_i/processing_system7/inst/FCLK_CLK_unbuffered[0]
    BUFGCTRL_X0Y16       BUFG (Prop_bufg_I_O)         0.091    11.179 r  poseidon_block_i/processing_system7/inst/buffer_fclk_clk_0.FCLK_CLK_0_BUFG/O
                         net (fo=7403, routed)        1.772    12.951    poseidon_block_i/poseidon_accel_axi_l_0/inst/u_poseidon_core/s_axi_aclk
    SLICE_X97Y118        FDRE                                         r  poseidon_block_i/poseidon_accel_axi_l_0/inst/u_poseidon_core/st1_reg[29]/C
                         clock pessimism              0.247    13.198    
                         clock uncertainty           -0.154    13.044    
    SLICE_X97Y118        FDRE (Setup_fdre_C_D)        0.029    13.073    poseidon_block_i/poseidon_accel_axi_l_0/inst/u_poseidon_core/st1_reg[29]
  -------------------------------------------------------------------
                         required time                         13.073    
                         arrival time                         -30.928    
  -------------------------------------------------------------------
                         slack                                -17.855    

Slack (VIOLATED) :        -17.833ns  (required time - arrival time)
  Source:                 poseidon_block_i/poseidon_accel_axi_l_0/inst/u_poseidon_core/st2_reg[5]/C
                            (rising edge-triggered cell FDRE clocked by clk_fpga_0  {rise@0.000ns fall@5.000ns period=10.000ns})
  Destination:            poseidon_block_i/poseidon_accel_axi_l_0/inst/u_poseidon_core/st1_reg[31]/D
                            (rising edge-triggered cell FDRE clocked by clk_fpga_0  {rise@0.000ns fall@5.000ns period=10.000ns})
  Path Group:             clk_fpga_0
  Path Type:              Setup (Max at Slow Process Corner)
  Requirement:            10.000ns  (clk_fpga_0 rise@10.000ns - clk_fpga_0 rise@0.000ns)
  Data Path Delay:        27.641ns  (logic 19.744ns (71.431%)  route 7.897ns (28.569%))
  Logic Levels:           25  (CARRY4=14 DSP48E1=4 LUT2=3 LUT4=1 LUT5=1 LUT6=2)
  Clock Path Skew:        -0.069ns (DCD - SCD + CPR)
    Destination Clock Delay (DCD):    2.951ns = ( 12.951 - 10.000 ) 
    Source Clock Delay      (SCD):    3.267ns
    Clock Pessimism Removal (CPR):    0.247ns
  Clock Uncertainty:      0.154ns  ((TSJ^2 + TIJ^2)^1/2 + DJ) / 2 + PE
    Total System Jitter     (TSJ):    0.071ns
    Total Input Jitter      (TIJ):    0.300ns
    Discrete Jitter          (DJ):    0.000ns
    Phase Error              (PE):    0.000ns

    Location             Delay type                Incr(ns)  Path(ns)    Netlist Resource(s)
  -------------------------------------------------------------------    -------------------
                         (clock clk_fpga_0 rise edge)
                                                      0.000     0.000 r  
    PS7_X0Y0             PS7                          0.000     0.000 r  poseidon_block_i/processing_system7/inst/PS7_i/FCLKCLK[0]
                         net (fo=1, routed)           1.193     1.193    poseidon_block_i/processing_system7/inst/FCLK_CLK_unbuffered[0]
    BUFGCTRL_X0Y16       BUFG (Prop_bufg_I_O)         0.101     1.294 r  poseidon_block_i/processing_system7/inst/buffer_fclk_clk_0.FCLK_CLK_0_BUFG/O
                         net (fo=7403, routed)        1.973     3.267    poseidon_block_i/poseidon_accel_axi_l_0/inst/u_poseidon_core/s_axi_aclk
    SLICE_X105Y112       FDRE                                         r  poseidon_block_i/poseidon_accel_axi_l_0/inst/u_poseidon_core/st2_reg[5]/C
  -------------------------------------------------------------------    -------------------
    SLICE_X105Y112       FDRE (Prop_fdre_C_Q)         0.456     3.723 r  poseidon_block_i/poseidon_accel_axi_l_0/inst/u_poseidon_core/st2_reg[5]/Q
                         net (fo=2, routed)           0.955     4.678    poseidon_block_i/poseidon_accel_axi_l_0/inst/u_poseidon_core/st2[5]
    SLICE_X102Y114       LUT5 (Prop_lut5_I0_O)        0.124     4.802 r  poseidon_block_i/poseidon_accel_axi_l_0/inst/u_poseidon_core/i__carry__0_i_3/O
                         net (fo=1, routed)           0.000     4.802    poseidon_block_i/poseidon_accel_axi_l_0/inst/u_poseidon_core/i__carry__0_i_3_n_0
    SLICE_X102Y114       CARRY4 (Prop_carry4_S[1]_CO[3])
                                                      0.533     5.335 r  poseidon_block_i/poseidon_accel_axi_l_0/inst/u_poseidon_core/sbox_return2_inferred__0/i__carry__0/CO[3]
                         net (fo=1, routed)           0.000     5.335    poseidon_block_i/poseidon_accel_axi_l_0/inst/u_poseidon_core/sbox_return2_inferred__0/i__carry__0_n_0
    SLICE_X102Y115       CARRY4 (Prop_carry4_CI_CO[3])
                                                      0.117     5.452 r  poseidon_block_i/poseidon_accel_axi_l_0/inst/u_poseidon_core/sbox_return2_inferred__0/i__carry__1/CO[3]
                         net (fo=1, routed)           0.000     5.452    poseidon_block_i/poseidon_accel_axi_l_0/inst/u_poseidon_core/sbox_return2_inferred__0/i__carry__1_n_0
    SLICE_X102Y116       CARRY4 (Prop_carry4_CI_O[2])
                                                      0.239     5.691 r  poseidon_block_i/poseidon_accel_axi_l_0/inst/u_poseidon_core/sbox_return2_inferred__0/i__carry__2/O[2]
                         net (fo=28, routed)          0.747     6.438    poseidon_block_i/poseidon_accel_axi_l_0/inst/u_poseidon_core/x[14]
    DSP48_X4Y47          DSP48E1 (Prop_dsp48e1_A[14]_PCOUT[47])
                                                      4.213    10.651 r  poseidon_block_i/poseidon_accel_axi_l_0/inst/u_poseidon_core/sbox_return1__3/PCOUT[47]
                         net (fo=1, routed)           0.002    10.653    poseidon_block_i/poseidon_accel_axi_l_0/inst/u_poseidon_core/sbox_return1__3_n_106
    DSP48_X4Y48          DSP48E1 (Prop_dsp48e1_PCIN[47]_P[3])
                                                      1.518    12.171 r  poseidon_block_i/poseidon_accel_axi_l_0/inst/u_poseidon_core/sbox_return1__4/P[3]
                         net (fo=2, routed)           0.764    12.935    poseidon_block_i/poseidon_accel_axi_l_0/inst/u_poseidon_core/sbox_return1__4_n_102
    SLICE_X102Y122       LUT2 (Prop_lut2_I0_O)        0.124    13.059 r  poseidon_block_i/poseidon_accel_axi_l_0/inst/u_poseidon_core/sbox_return0__2_i_16/O
                         net (fo=1, routed)           0.000    13.059    poseidon_block_i/poseidon_accel_axi_l_0/inst/u_poseidon_core/sbox_return0__2_i_16_n_0
    SLICE_X102Y122       CARRY4 (Prop_carry4_S[0]_CO[3])
                                                      0.513    13.572 r  poseidon_block_i/poseidon_accel_axi_l_0/inst/u_poseidon_core/sbox_return0__2_i_3/CO[3]
                         net (fo=1, routed)           0.000    13.572    poseidon_block_i/poseidon_accel_axi_l_0/inst/u_poseidon_core/sbox_return0__2_i_3_n_0
    SLICE_X102Y123       CARRY4 (Prop_carry4_CI_CO[3])
                                                      0.117    13.689 r  poseidon_block_i/poseidon_accel_axi_l_0/inst/u_poseidon_core/sbox_return0__2_i_2/CO[3]
                         net (fo=1, routed)           0.000    13.689    poseidon_block_i/poseidon_accel_axi_l_0/inst/u_poseidon_core/sbox_return0__2_i_2_n_0
    SLICE_X102Y124       CARRY4 (Prop_carry4_CI_O[1])
                                                      0.323    14.012 r  poseidon_block_i/poseidon_accel_axi_l_0/inst/u_poseidon_core/sbox_return0__2_i_1/O[1]
                         net (fo=2, routed)           0.737    14.749    poseidon_block_i/poseidon_accel_axi_l_0/inst/u_poseidon_core/sbox_return0__2_i_1_n_6
    DSP48_X4Y51          DSP48E1 (Prop_dsp48e1_B[12]_P[0])
                                                      3.838    18.587 r  poseidon_block_i/poseidon_accel_axi_l_0/inst/u_poseidon_core/sbox_return0__4/P[0]
                         net (fo=2, routed)           0.837    19.424    poseidon_block_i/poseidon_accel_axi_l_0/inst/u_poseidon_core/sbox_return0__4_n_105
    SLICE_X100Y124       LUT2 (Prop_lut2_I0_O)        0.124    19.548 r  poseidon_block_i/poseidon_accel_axi_l_0/inst/u_poseidon_core/sbox_return__2_i_19/O
                         net (fo=1, routed)           0.000    19.548    poseidon_block_i/poseidon_accel_axi_l_0/inst/u_poseidon_core/sbox_return__2_i_19_n_0
    SLICE_X100Y124       CARRY4 (Prop_carry4_S[1]_CO[3])
                                                      0.533    20.081 r  poseidon_block_i/poseidon_accel_axi_l_0/inst/u_poseidon_core/sbox_return__2_i_4/CO[3]
                         net (fo=1, routed)           0.009    20.090    poseidon_block_i/poseidon_accel_axi_l_0/inst/u_poseidon_core/sbox_return__2_i_4_n_0
    SLICE_X100Y125       CARRY4 (Prop_carry4_CI_CO[3])
                                                      0.117    20.207 r  poseidon_block_i/poseidon_accel_axi_l_0/inst/u_poseidon_core/sbox_return__2_i_3/CO[3]
                         net (fo=1, routed)           0.000    20.207    poseidon_block_i/poseidon_accel_axi_l_0/inst/u_poseidon_core/sbox_return__2_i_3_n_0
    SLICE_X100Y126       CARRY4 (Prop_carry4_CI_CO[3])
                                                      0.117    20.324 r  poseidon_block_i/poseidon_accel_axi_l_0/inst/u_poseidon_core/sbox_return__2_i_2/CO[3]
                         net (fo=1, routed)           0.000    20.324    poseidon_block_i/poseidon_accel_axi_l_0/inst/u_poseidon_core/sbox_return__2_i_2_n_0
    SLICE_X100Y127       CARRY4 (Prop_carry4_CI_O[3])
                                                      0.315    20.639 r  poseidon_block_i/poseidon_accel_axi_l_0/inst/u_poseidon_core/sbox_return__2_i_1/O[3]
                         net (fo=1, routed)           0.705    21.344    poseidon_block_i/poseidon_accel_axi_l_0/inst/u_poseidon_core/sbox_return__2_i_1_n_4
    DSP48_X3Y50          DSP48E1 (Prop_dsp48e1_B[14]_P[0])
                                                      3.839    25.183 r  poseidon_block_i/poseidon_accel_axi_l_0/inst/u_poseidon_core/sbox_return__2/P[0]
                         net (fo=1, routed)           0.808    25.991    poseidon_block_i/poseidon_accel_axi_l_0/inst/u_poseidon_core/sbox_return__2_n_105
    SLICE_X93Y124        LUT2 (Prop_lut2_I1_O)        0.124    26.115 r  poseidon_block_i/poseidon_accel_axi_l_0/inst/u_poseidon_core/i__carry_i_3__0/O
                         net (fo=1, routed)           0.000    26.115    poseidon_block_i/poseidon_accel_axi_l_0/inst/u_poseidon_core/i__carry_i_3__0_n_0
    SLICE_X93Y124        CARRY4 (Prop_carry4_S[1]_CO[3])
                                                      0.550    26.665 r  poseidon_block_i/poseidon_accel_axi_l_0/inst/u_poseidon_core/sbox_return_inferred__0/i__carry/CO[3]
                         net (fo=1, routed)           0.009    26.674    poseidon_block_i/poseidon_accel_axi_l_0/inst/u_poseidon_core/sbox_return_inferred__0/i__carry_n_0
    SLICE_X93Y125        CARRY4 (Prop_carry4_CI_O[3])
                                                      0.313    26.987 r  poseidon_block_i/poseidon_accel_axi_l_0/inst/u_poseidon_core/sbox_return_inferred__0/i__carry__0/O[3]
                         net (fo=4, routed)           1.239    28.225    poseidon_block_i/poseidon_accel_axi_l_0/inst/u_poseidon_core/sbox_return__9[23]
    SLICE_X99Y115        LUT6 (Prop_lut6_I2_O)        0.306    28.531 r  poseidon_block_i/poseidon_accel_axi_l_0/inst/u_poseidon_core/st10__1_carry__5_i_4/O
                         net (fo=2, routed)           0.799    29.330    poseidon_block_i/poseidon_accel_axi_l_0/inst/u_poseidon_core/st10__1_carry__5_i_4_n_0
    SLICE_X95Y117        LUT6 (Prop_lut6_I0_O)        0.124    29.454 r  poseidon_block_i/poseidon_accel_axi_l_0/inst/u_poseidon_core/st10__1_carry__5_i_8/O
                         net (fo=1, routed)           0.000    29.454    poseidon_block_i/poseidon_accel_axi_l_0/inst/u_poseidon_core/st10__1_carry__5_i_8_n_0
    SLICE_X95Y117        CARRY4 (Prop_carry4_S[0]_CO[3])
                                                      0.532    29.986 r  poseidon_block_i/poseidon_accel_axi_l_0/inst/u_poseidon_core/st10__1_carry__5/CO[3]
                         net (fo=1, routed)           0.000    29.986    poseidon_block_i/poseidon_accel_axi_l_0/inst/u_poseidon_core/st10__1_carry__5_n_0
    SLICE_X95Y118        CARRY4 (Prop_carry4_CI_O[3])
                                                      0.329    30.315 r  poseidon_block_i/poseidon_accel_axi_l_0/inst/u_poseidon_core/st10__1_carry__6/O[3]
                         net (fo=2, routed)           0.287    30.602    poseidon_block_i/poseidon_accel_axi_l_0/inst/u_poseidon_core/m1[31]
    SLICE_X97Y118        LUT4 (Prop_lut4_I3_O)        0.306    30.908 r  poseidon_block_i/poseidon_accel_axi_l_0/inst/u_poseidon_core/st1[31]_i_1/O
                         net (fo=1, routed)           0.000    30.908    poseidon_block_i/poseidon_accel_axi_l_0/inst/u_poseidon_core/st1[31]_i_1_n_0
    SLICE_X97Y118        FDRE                                         r  poseidon_block_i/poseidon_accel_axi_l_0/inst/u_poseidon_core/st1_reg[31]/D
  -------------------------------------------------------------------    -------------------

                         (clock clk_fpga_0 rise edge)
                                                     10.000    10.000 r  
    PS7_X0Y0             PS7                          0.000    10.000 r  poseidon_block_i/processing_system7/inst/PS7_i/FCLKCLK[0]
                         net (fo=1, routed)           1.088    11.088    poseidon_block_i/processing_system7/inst/FCLK_CLK_unbuffered[0]
    BUFGCTRL_X0Y16       BUFG (Prop_bufg_I_O)         0.091    11.179 r  poseidon_block_i/processing_system7/inst/buffer_fclk_clk_0.FCLK_CLK_0_BUFG/O
                         net (fo=7403, routed)        1.772    12.951    poseidon_block_i/poseidon_accel_axi_l_0/inst/u_poseidon_core/s_axi_aclk
    SLICE_X97Y118        FDRE                                         r  poseidon_block_i/poseidon_accel_axi_l_0/inst/u_poseidon_core/st1_reg[31]/C
                         clock pessimism              0.247    13.198    
                         clock uncertainty           -0.154    13.044    
    SLICE_X97Y118        FDRE (Setup_fdre_C_D)        0.031    13.075    poseidon_block_i/poseidon_accel_axi_l_0/inst/u_poseidon_core/st1_reg[31]
  -------------------------------------------------------------------
                         required time                         13.075    
                         arrival time                         -30.908    
  -------------------------------------------------------------------
                         slack                                -17.833    

Slack (VIOLATED) :        -17.830ns  (required time - arrival time)
  Source:                 poseidon_block_i/poseidon_accel_axi_l_0/inst/u_poseidon_core/st0_reg[5]/C
                            (rising edge-triggered cell FDRE clocked by clk_fpga_0  {rise@0.000ns fall@5.000ns period=10.000ns})
  Destination:            poseidon_block_i/poseidon_accel_axi_l_0/inst/u_poseidon_core/st2_reg[29]/D
                            (rising edge-triggered cell FDRE clocked by clk_fpga_0  {rise@0.000ns fall@5.000ns period=10.000ns})
  Path Group:             clk_fpga_0
  Path Type:              Setup (Max at Slow Process Corner)
  Requirement:            10.000ns  (clk_fpga_0 rise@10.000ns - clk_fpga_0 rise@0.000ns)
  Data Path Delay:        27.685ns  (logic 19.496ns (70.422%)  route 8.189ns (29.578%))
  Logic Levels:           23  (CARRY4=12 DSP48E1=4 LUT2=3 LUT4=1 LUT5=1 LUT6=2)
  Clock Path Skew:        -0.072ns (DCD - SCD + CPR)
    Destination Clock Delay (DCD):    2.948ns = ( 12.948 - 10.000 ) 
    Source Clock Delay      (SCD):    3.267ns
    Clock Pessimism Removal (CPR):    0.247ns
  Clock Uncertainty:      0.154ns  ((TSJ^2 + TIJ^2)^1/2 + DJ) / 2 + PE
    Total System Jitter     (TSJ):    0.071ns
    Total Input Jitter      (TIJ):    0.300ns
    Discrete Jitter          (DJ):    0.000ns
    Phase Error              (PE):    0.000ns

    Location             Delay type                Incr(ns)  Path(ns)    Netlist Resource(s)
  -------------------------------------------------------------------    -------------------
                         (clock clk_fpga_0 rise edge)
                                                      0.000     0.000 r  
    PS7_X0Y0             PS7                          0.000     0.000 r  poseidon_block_i/processing_system7/inst/PS7_i/FCLKCLK[0]
                         net (fo=1, routed)           1.193     1.193    poseidon_block_i/processing_system7/inst/FCLK_CLK_unbuffered[0]
    BUFGCTRL_X0Y16       BUFG (Prop_bufg_I_O)         0.101     1.294 r  poseidon_block_i/processing_system7/inst/buffer_fclk_clk_0.FCLK_CLK_0_BUFG/O
                         net (fo=7403, routed)        1.973     3.267    poseidon_block_i/poseidon_accel_axi_l_0/inst/u_poseidon_core/s_axi_aclk
    SLICE_X96Y111        FDRE                                         r  poseidon_block_i/poseidon_accel_axi_l_0/inst/u_poseidon_core/st0_reg[5]/C
  -------------------------------------------------------------------    -------------------
    SLICE_X96Y111        FDRE (Prop_fdre_C_Q)         0.518     3.785 r  poseidon_block_i/poseidon_accel_axi_l_0/inst/u_poseidon_core/st0_reg[5]/Q
                         net (fo=2, routed)           0.944     4.729    poseidon_block_i/poseidon_accel_axi_l_0/inst/u_poseidon_core/st0[5]
    SLICE_X94Y111        LUT5 (Prop_lut5_I0_O)        0.124     4.853 r  poseidon_block_i/poseidon_accel_axi_l_0/inst/u_poseidon_core/sbox_return2_carry__0_i_3/O
                         net (fo=1, routed)           0.000     4.853    poseidon_block_i/poseidon_accel_axi_l_0/inst/u_poseidon_core/sbox_return2_carry__0_i_3_n_0
    SLICE_X94Y111        CARRY4 (Prop_carry4_S[1]_CO[3])
                                                      0.533     5.386 r  poseidon_block_i/poseidon_accel_axi_l_0/inst/u_poseidon_core/sbox_return2_carry__0/CO[3]
                         net (fo=1, routed)           0.000     5.386    poseidon_block_i/poseidon_accel_axi_l_0/inst/u_poseidon_core/sbox_return2_carry__0_n_0
    SLICE_X94Y112        CARRY4 (Prop_carry4_CI_CO[3])
                                                      0.117     5.503 r  poseidon_block_i/poseidon_accel_axi_l_0/inst/u_poseidon_core/sbox_return2_carry__1/CO[3]
                         net (fo=1, routed)           0.000     5.503    poseidon_block_i/poseidon_accel_axi_l_0/inst/u_poseidon_core/sbox_return2_carry__1_n_0
    SLICE_X94Y113        CARRY4 (Prop_carry4_CI_O[2])
                                                      0.239     5.742 r  poseidon_block_i/poseidon_accel_axi_l_0/inst/u_poseidon_core/sbox_return2_carry__2/O[2]
                         net (fo=27, routed)          0.648     6.390    poseidon_block_i/poseidon_accel_axi_l_0/inst/u_poseidon_core/x1_out[14]
    DSP48_X3Y45          DSP48E1 (Prop_dsp48e1_A[14]_PCOUT[47])
                                                      4.213    10.603 r  poseidon_block_i/poseidon_accel_axi_l_0/inst/u_poseidon_core/sbox_return1__0/PCOUT[47]
                         net (fo=1, routed)           0.002    10.605    poseidon_block_i/poseidon_accel_axi_l_0/inst/u_poseidon_core/sbox_return1__0_n_106
    DSP48_X3Y46          DSP48E1 (Prop_dsp48e1_PCIN[47]_P[1])
                                                      1.518    12.123 r  poseidon_block_i/poseidon_accel_axi_l_0/inst/u_poseidon_core/sbox_return1__1/P[1]
                         net (fo=2, routed)           0.955    13.078    poseidon_block_i/poseidon_accel_axi_l_0/inst/u_poseidon_core/sbox_return1__1_n_104
    SLICE_X96Y114        LUT2 (Prop_lut2_I0_O)        0.124    13.202 r  poseidon_block_i/poseidon_accel_axi_l_0/inst/u_poseidon_core/sbox_return0_i_18/O
                         net (fo=1, routed)           0.000    13.202    poseidon_block_i/poseidon_accel_axi_l_0/inst/u_poseidon_core/sbox_return0_i_18_n_0
    SLICE_X96Y114        CARRY4 (Prop_carry4_S[2]_CO[3])
                                                      0.380    13.582 r  poseidon_block_i/poseidon_accel_axi_l_0/inst/u_poseidon_core/sbox_return0_i_4/CO[3]
                         net (fo=1, routed)           0.000    13.582    poseidon_block_i/poseidon_accel_axi_l_0/inst/u_poseidon_core/sbox_return0_i_4_n_0
    SLICE_X96Y115        CARRY4 (Prop_carry4_CI_CO[3])
                                                      0.117    13.699 r  poseidon_block_i/poseidon_accel_axi_l_0/inst/u_poseidon_core/sbox_return0_i_3/CO[3]
                         net (fo=1, routed)           0.000    13.699    poseidon_block_i/poseidon_accel_axi_l_0/inst/u_poseidon_core/sbox_return0_i_3_n_0
    SLICE_X96Y116        CARRY4 (Prop_carry4_CI_CO[3])
                                                      0.117    13.816 r  poseidon_block_i/poseidon_accel_axi_l_0/inst/u_poseidon_core/sbox_return0_i_2/CO[3]
                         net (fo=1, routed)           0.000    13.816    poseidon_block_i/poseidon_accel_axi_l_0/inst/u_poseidon_core/sbox_return0_i_2_n_0
    SLICE_X96Y117        CARRY4 (Prop_carry4_CI_O[3])
                                                      0.315    14.131 r  poseidon_block_i/poseidon_accel_axi_l_0/inst/u_poseidon_core/sbox_return0_i_1/O[3]
                         net (fo=2, routed)           0.777    14.908    poseidon_block_i/poseidon_accel_axi_l_0/inst/u_poseidon_core/sbox_return1__8[31]
    DSP48_X4Y44          DSP48E1 (Prop_dsp48e1_B[14]_P[3])
                                                      3.839    18.747 r  poseidon_block_i/poseidon_accel_axi_l_0/inst/u_poseidon_core/sbox_return0__1/P[3]
                         net (fo=2, routed)           1.099    19.846    poseidon_block_i/poseidon_accel_axi_l_0/inst/u_poseidon_core/sbox_return0__1_n_102
    SLICE_X93Y115        LUT2 (Prop_lut2_I0_O)        0.124    19.970 r  poseidon_block_i/poseidon_accel_axi_l_0/inst/u_poseidon_core/sbox_return_i_16/O
                         net (fo=1, routed)           0.000    19.970    poseidon_block_i/poseidon_accel_axi_l_0/inst/u_poseidon_core/sbox_return_i_16_n_0
    SLICE_X93Y115        CARRY4 (Prop_carry4_S[0]_CO[3])
                                                      0.532    20.502 r  poseidon_block_i/poseidon_accel_axi_l_0/inst/u_poseidon_core/sbox_return_i_3/CO[3]
                         net (fo=1, routed)           0.000    20.502    poseidon_block_i/poseidon_accel_axi_l_0/inst/u_poseidon_core/sbox_return_i_3_n_0
    SLICE_X93Y116        CARRY4 (Prop_carry4_CI_O[3])
                                                      0.313    20.815 r  poseidon_block_i/poseidon_accel_axi_l_0/inst/u_poseidon_core/sbox_return_i_2/O[3]
                         net (fo=1, routed)           0.916    21.731    poseidon_block_i/poseidon_accel_axi_l_0/inst/u_poseidon_core/sbox_return_i_2_n_4
    DSP48_X3Y48          DSP48E1 (Prop_dsp48e1_A[10]_P[4])
                                                      4.023    25.754 r  poseidon_block_i/poseidon_accel_axi_l_0/inst/u_poseidon_core/sbox_return/P[4]
                         net (fo=1, routed)           0.879    26.633    poseidon_block_i/poseidon_accel_axi_l_0/inst/u_poseidon_core/sbox_return_n_101
    SLICE_X93Y119        LUT2 (Prop_lut2_I1_O)        0.124    26.757 r  poseidon_block_i/poseidon_accel_axi_l_0/inst/u_poseidon_core/sbox_return_carry__0_i_3/O
                         net (fo=1, routed)           0.000    26.757    poseidon_block_i/poseidon_accel_axi_l_0/inst/u_poseidon_core/sbox_return_carry__0_i_3_n_0
    SLICE_X93Y119        CARRY4 (Prop_carry4_S[1]_O[3])
                                                      0.640    27.397 r  poseidon_block_i/poseidon_accel_axi_l_0/inst/u_poseidon_core/sbox_return_carry__0/O[3]
                         net (fo=6, routed)           0.827    28.224    poseidon_block_i/poseidon_accel_axi_l_0/inst/u_poseidon_core/sbox_return__8[23]
    SLICE_X90Y115        LUT6 (Prop_lut6_I5_O)        0.306    28.530 r  poseidon_block_i/poseidon_accel_axi_l_0/inst/u_poseidon_core/st20__1_carry__5_i_4/O
                         net (fo=2, routed)           0.834    29.364    poseidon_block_i/poseidon_accel_axi_l_0/inst/u_poseidon_core/st20__1_carry__5_i_4_n_0
    SLICE_X92Y117        LUT6 (Prop_lut6_I0_O)        0.124    29.488 r  poseidon_block_i/poseidon_accel_axi_l_0/inst/u_poseidon_core/st20__1_carry__5_i_8/O
                         net (fo=1, routed)           0.000    29.488    poseidon_block_i/poseidon_accel_axi_l_0/inst/u_poseidon_core/st20__1_carry__5_i_8_n_0
    SLICE_X92Y117        CARRY4 (Prop_carry4_S[0]_CO[3])
                                                      0.513    30.001 r  poseidon_block_i/poseidon_accel_axi_l_0/inst/u_poseidon_core/st20__1_carry__5/CO[3]
                         net (fo=1, routed)           0.000    30.001    poseidon_block_i/poseidon_accel_axi_l_0/inst/u_poseidon_core/st20__1_carry__5_n_0
    SLICE_X92Y118        CARRY4 (Prop_carry4_CI_O[1])
                                                      0.337    30.338 r  poseidon_block_i/poseidon_accel_axi_l_0/inst/u_poseidon_core/st20__1_carry__6/O[1]
                         net (fo=2, routed)           0.307    30.646    poseidon_block_i/poseidon_accel_axi_l_0/inst/u_poseidon_core/m2[29]
    SLICE_X92Y119        LUT4 (Prop_lut4_I3_O)        0.306    30.952 r  poseidon_block_i/poseidon_accel_axi_l_0/inst/u_poseidon_core/st2[29]_i_1/O
                         net (fo=1, routed)           0.000    30.952    poseidon_block_i/poseidon_accel_axi_l_0/inst/u_poseidon_core/st2[29]_i_1_n_0
    SLICE_X92Y119        FDRE                                         r  poseidon_block_i/poseidon_accel_axi_l_0/inst/u_poseidon_core/st2_reg[29]/D
  -------------------------------------------------------------------    -------------------

                         (clock clk_fpga_0 rise edge)
                                                     10.000    10.000 r  
    PS7_X0Y0             PS7                          0.000    10.000 r  poseidon_block_i/processing_system7/inst/PS7_i/FCLKCLK[0]
                         net (fo=1, routed)           1.088    11.088    poseidon_block_i/processing_system7/inst/FCLK_CLK_unbuffered[0]
    BUFGCTRL_X0Y16       BUFG (Prop_bufg_I_O)         0.091    11.179 r  poseidon_block_i/processing_system7/inst/buffer_fclk_clk_0.FCLK_CLK_0_BUFG/O
                         net (fo=7403, routed)        1.769    12.948    poseidon_block_i/poseidon_accel_axi_l_0/inst/u_poseidon_core/s_axi_aclk
    SLICE_X92Y119        FDRE                                         r  poseidon_block_i/poseidon_accel_axi_l_0/inst/u_poseidon_core/st2_reg[29]/C
                         clock pessimism              0.247    13.195    
                         clock uncertainty           -0.154    13.041    
    SLICE_X92Y119        FDRE (Setup_fdre_C_D)        0.081    13.122    poseidon_block_i/poseidon_accel_axi_l_0/inst/u_poseidon_core/st2_reg[29]
  -------------------------------------------------------------------
                         required time                         13.122    
                         arrival time                         -30.952    
  -------------------------------------------------------------------
                         slack                                -17.830    

Slack (VIOLATED) :        -17.826ns  (required time - arrival time)
  Source:                 poseidon_block_i/poseidon_accel_axi_l_0/inst/u_poseidon_core/st0_reg[5]/C
                            (rising edge-triggered cell FDRE clocked by clk_fpga_0  {rise@0.000ns fall@5.000ns period=10.000ns})
  Destination:            poseidon_block_i/poseidon_accel_axi_l_0/inst/u_poseidon_core/st2_reg[31]/D
                            (rising edge-triggered cell FDRE clocked by clk_fpga_0  {rise@0.000ns fall@5.000ns period=10.000ns})
  Path Group:             clk_fpga_0
  Path Type:              Setup (Max at Slow Process Corner)
  Requirement:            10.000ns  (clk_fpga_0 rise@10.000ns - clk_fpga_0 rise@0.000ns)
  Data Path Delay:        27.679ns  (logic 19.491ns (70.417%)  route 8.188ns (29.583%))
  Logic Levels:           23  (CARRY4=12 DSP48E1=4 LUT2=3 LUT4=1 LUT5=1 LUT6=2)
  Clock Path Skew:        -0.072ns (DCD - SCD + CPR)
    Destination Clock Delay (DCD):    2.948ns = ( 12.948 - 10.000 ) 
    Source Clock Delay      (SCD):    3.267ns
    Clock Pessimism Removal (CPR):    0.247ns
  Clock Uncertainty:      0.154ns  ((TSJ^2 + TIJ^2)^1/2 + DJ) / 2 + PE
    Total System Jitter     (TSJ):    0.071ns
    Total Input Jitter      (TIJ):    0.300ns
    Discrete Jitter          (DJ):    0.000ns
    Phase Error              (PE):    0.000ns

    Location             Delay type                Incr(ns)  Path(ns)    Netlist Resource(s)
  -------------------------------------------------------------------    -------------------
                         (clock clk_fpga_0 rise edge)
                                                      0.000     0.000 r  
    PS7_X0Y0             PS7                          0.000     0.000 r  poseidon_block_i/processing_system7/inst/PS7_i/FCLKCLK[0]
                         net (fo=1, routed)           1.193     1.193    poseidon_block_i/processing_system7/inst/FCLK_CLK_unbuffered[0]
    BUFGCTRL_X0Y16       BUFG (Prop_bufg_I_O)         0.101     1.294 r  poseidon_block_i/processing_system7/inst/buffer_fclk_clk_0.FCLK_CLK_0_BUFG/O
                         net (fo=7403, routed)        1.973     3.267    poseidon_block_i/poseidon_accel_axi_l_0/inst/u_poseidon_core/s_axi_aclk
    SLICE_X96Y111        FDRE                                         r  poseidon_block_i/poseidon_accel_axi_l_0/inst/u_poseidon_core/st0_reg[5]/C
  -------------------------------------------------------------------    -------------------
    SLICE_X96Y111        FDRE (Prop_fdre_C_Q)         0.518     3.785 r  poseidon_block_i/poseidon_accel_axi_l_0/inst/u_poseidon_core/st0_reg[5]/Q
                         net (fo=2, routed)           0.944     4.729    poseidon_block_i/poseidon_accel_axi_l_0/inst/u_poseidon_core/st0[5]
    SLICE_X94Y111        LUT5 (Prop_lut5_I0_O)        0.124     4.853 r  poseidon_block_i/poseidon_accel_axi_l_0/inst/u_poseidon_core/sbox_return2_carry__0_i_3/O
                         net (fo=1, routed)           0.000     4.853    poseidon_block_i/poseidon_accel_axi_l_0/inst/u_poseidon_core/sbox_return2_carry__0_i_3_n_0
    SLICE_X94Y111        CARRY4 (Prop_carry4_S[1]_CO[3])
                                                      0.533     5.386 r  poseidon_block_i/poseidon_accel_axi_l_0/inst/u_poseidon_core/sbox_return2_carry__0/CO[3]
                         net (fo=1, routed)           0.000     5.386    poseidon_block_i/poseidon_accel_axi_l_0/inst/u_poseidon_core/sbox_return2_carry__0_n_0
    SLICE_X94Y112        CARRY4 (Prop_carry4_CI_CO[3])
                                                      0.117     5.503 r  poseidon_block_i/poseidon_accel_axi_l_0/inst/u_poseidon_core/sbox_return2_carry__1/CO[3]
                         net (fo=1, routed)           0.000     5.503    poseidon_block_i/poseidon_accel_axi_l_0/inst/u_poseidon_core/sbox_return2_carry__1_n_0
    SLICE_X94Y113        CARRY4 (Prop_carry4_CI_O[2])
                                                      0.239     5.742 r  poseidon_block_i/poseidon_accel_axi_l_0/inst/u_poseidon_core/sbox_return2_carry__2/O[2]
                         net (fo=27, routed)          0.648     6.390    poseidon_block_i/poseidon_accel_axi_l_0/inst/u_poseidon_core/x1_out[14]
    DSP48_X3Y45          DSP48E1 (Prop_dsp48e1_A[14]_PCOUT[47])
                                                      4.213    10.603 r  poseidon_block_i/poseidon_accel_axi_l_0/inst/u_poseidon_core/sbox_return1__0/PCOUT[47]
                         net (fo=1, routed)           0.002    10.605    poseidon_block_i/poseidon_accel_axi_l_0/inst/u_poseidon_core/sbox_return1__0_n_106
    DSP48_X3Y46          DSP48E1 (Prop_dsp48e1_PCIN[47]_P[1])
                                                      1.518    12.123 r  poseidon_block_i/poseidon_accel_axi_l_0/inst/u_poseidon_core/sbox_return1__1/P[1]
                         net (fo=2, routed)           0.955    13.078    poseidon_block_i/poseidon_accel_axi_l_0/inst/u_poseidon_core/sbox_return1__1_n_104
    SLICE_X96Y114        LUT2 (Prop_lut2_I0_O)        0.124    13.202 r  poseidon_block_i/poseidon_accel_axi_l_0/inst/u_poseidon_core/sbox_return0_i_18/O
                         net (fo=1, routed)           0.000    13.202    poseidon_block_i/poseidon_accel_axi_l_0/inst/u_poseidon_core/sbox_return0_i_18_n_0
    SLICE_X96Y114        CARRY4 (Prop_carry4_S[2]_CO[3])
                                                      0.380    13.582 r  poseidon_block_i/poseidon_accel_axi_l_0/inst/u_poseidon_core/sbox_return0_i_4/CO[3]
                         net (fo=1, routed)           0.000    13.582    poseidon_block_i/poseidon_accel_axi_l_0/inst/u_poseidon_core/sbox_return0_i_4_n_0
    SLICE_X96Y115        CARRY4 (Prop_carry4_CI_CO[3])
                                                      0.117    13.699 r  poseidon_block_i/poseidon_accel_axi_l_0/inst/u_poseidon_core/sbox_return0_i_3/CO[3]
                         net (fo=1, routed)           0.000    13.699    poseidon_block_i/poseidon_accel_axi_l_0/inst/u_poseidon_core/sbox_return0_i_3_n_0
    SLICE_X96Y116        CARRY4 (Prop_carry4_CI_CO[3])
                                                      0.117    13.816 r  poseidon_block_i/poseidon_accel_axi_l_0/inst/u_poseidon_core/sbox_return0_i_2/CO[3]
                         net (fo=1, routed)           0.000    13.816    poseidon_block_i/poseidon_accel_axi_l_0/inst/u_poseidon_core/sbox_return0_i_2_n_0
    SLICE_X96Y117        CARRY4 (Prop_carry4_CI_O[3])
                                                      0.315    14.131 r  poseidon_block_i/poseidon_accel_axi_l_0/inst/u_poseidon_core/sbox_return0_i_1/O[3]
                         net (fo=2, routed)           0.777    14.908    poseidon_block_i/poseidon_accel_axi_l_0/inst/u_poseidon_core/sbox_return1__8[31]
    DSP48_X4Y44          DSP48E1 (Prop_dsp48e1_B[14]_P[3])
                                                      3.839    18.747 r  poseidon_block_i/poseidon_accel_axi_l_0/inst/u_poseidon_core/sbox_return0__1/P[3]
                         net (fo=2, routed)           1.099    19.846    poseidon_block_i/poseidon_accel_axi_l_0/inst/u_poseidon_core/sbox_return0__1_n_102
    SLICE_X93Y115        LUT2 (Prop_lut2_I0_O)        0.124    19.970 r  poseidon_block_i/poseidon_accel_axi_l_0/inst/u_poseidon_core/sbox_return_i_16/O
                         net (fo=1, routed)           0.000    19.970    poseidon_block_i/poseidon_accel_axi_l_0/inst/u_poseidon_core/sbox_return_i_16_n_0
    SLICE_X93Y115        CARRY4 (Prop_carry4_S[0]_CO[3])
                                                      0.532    20.502 r  poseidon_block_i/poseidon_accel_axi_l_0/inst/u_poseidon_core/sbox_return_i_3/CO[3]
                         net (fo=1, routed)           0.000    20.502    poseidon_block_i/poseidon_accel_axi_l_0/inst/u_poseidon_core/sbox_return_i_3_n_0
    SLICE_X93Y116        CARRY4 (Prop_carry4_CI_O[3])
                                                      0.313    20.815 r  poseidon_block_i/poseidon_accel_axi_l_0/inst/u_poseidon_core/sbox_return_i_2/O[3]
                         net (fo=1, routed)           0.916    21.731    poseidon_block_i/poseidon_accel_axi_l_0/inst/u_poseidon_core/sbox_return_i_2_n_4
    DSP48_X3Y48          DSP48E1 (Prop_dsp48e1_A[10]_P[4])
                                                      4.023    25.754 r  poseidon_block_i/poseidon_accel_axi_l_0/inst/u_poseidon_core/sbox_return/P[4]
                         net (fo=1, routed)           0.879    26.633    poseidon_block_i/poseidon_accel_axi_l_0/inst/u_poseidon_core/sbox_return_n_101
    SLICE_X93Y119        LUT2 (Prop_lut2_I1_O)        0.124    26.757 r  poseidon_block_i/poseidon_accel_axi_l_0/inst/u_poseidon_core/sbox_return_carry__0_i_3/O
                         net (fo=1, routed)           0.000    26.757    poseidon_block_i/poseidon_accel_axi_l_0/inst/u_poseidon_core/sbox_return_carry__0_i_3_n_0
    SLICE_X93Y119        CARRY4 (Prop_carry4_S[1]_O[3])
                                                      0.640    27.397 r  poseidon_block_i/poseidon_accel_axi_l_0/inst/u_poseidon_core/sbox_return_carry__0/O[3]
                         net (fo=6, routed)           0.827    28.224    poseidon_block_i/poseidon_accel_axi_l_0/inst/u_poseidon_core/sbox_return__8[23]
    SLICE_X90Y115        LUT6 (Prop_lut6_I5_O)        0.306    28.530 r  poseidon_block_i/poseidon_accel_axi_l_0/inst/u_poseidon_core/st20__1_carry__5_i_4/O
                         net (fo=2, routed)           0.834    29.364    poseidon_block_i/poseidon_accel_axi_l_0/inst/u_poseidon_core/st20__1_carry__5_i_4_n_0
    SLICE_X92Y117        LUT6 (Prop_lut6_I0_O)        0.124    29.488 r  poseidon_block_i/poseidon_accel_axi_l_0/inst/u_poseidon_core/st20__1_carry__5_i_8/O
                         net (fo=1, routed)           0.000    29.488    poseidon_block_i/poseidon_accel_axi_l_0/inst/u_poseidon_core/st20__1_carry__5_i_8_n_0
    SLICE_X92Y117        CARRY4 (Prop_carry4_S[0]_CO[3])
                                                      0.513    30.001 r  poseidon_block_i/poseidon_accel_axi_l_0/inst/u_poseidon_core/st20__1_carry__5/CO[3]
                         net (fo=1, routed)           0.000    30.001    poseidon_block_i/poseidon_accel_axi_l_0/inst/u_poseidon_core/st20__1_carry__5_n_0
    SLICE_X92Y118        CARRY4 (Prop_carry4_CI_O[3])
                                                      0.331    30.332 r  poseidon_block_i/poseidon_accel_axi_l_0/inst/u_poseidon_core/st20__1_carry__6/O[3]
                         net (fo=2, routed)           0.307    30.639    poseidon_block_i/poseidon_accel_axi_l_0/inst/u_poseidon_core/m2[31]
    SLICE_X92Y119        LUT4 (Prop_lut4_I3_O)        0.307    30.946 r  poseidon_block_i/poseidon_accel_axi_l_0/inst/u_poseidon_core/st2[31]_i_1/O
                         net (fo=1, routed)           0.000    30.946    poseidon_block_i/poseidon_accel_axi_l_0/inst/u_poseidon_core/st2[31]_i_1_n_0
    SLICE_X92Y119        FDRE                                         r  poseidon_block_i/poseidon_accel_axi_l_0/inst/u_poseidon_core/st2_reg[31]/D
  -------------------------------------------------------------------    -------------------

                         (clock clk_fpga_0 rise edge)
                                                     10.000    10.000 r  
    PS7_X0Y0             PS7                          0.000    10.000 r  poseidon_block_i/processing_system7/inst/PS7_i/FCLKCLK[0]
                         net (fo=1, routed)           1.088    11.088    poseidon_block_i/processing_system7/inst/FCLK_CLK_unbuffered[0]
    BUFGCTRL_X0Y16       BUFG (Prop_bufg_I_O)         0.091    11.179 r  poseidon_block_i/processing_system7/inst/buffer_fclk_clk_0.FCLK_CLK_0_BUFG/O
                         net (fo=7403, routed)        1.769    12.948    poseidon_block_i/poseidon_accel_axi_l_0/inst/u_poseidon_core/s_axi_aclk
    SLICE_X92Y119        FDRE                                         r  poseidon_block_i/poseidon_accel_axi_l_0/inst/u_poseidon_core/st2_reg[31]/C
                         clock pessimism              0.247    13.195    
                         clock uncertainty           -0.154    13.041    
    SLICE_X92Y119        FDRE (Setup_fdre_C_D)        0.079    13.120    poseidon_block_i/poseidon_accel_axi_l_0/inst/u_poseidon_core/st2_reg[31]
  -------------------------------------------------------------------
                         required time                         13.120    
                         arrival time                         -30.946    
  -------------------------------------------------------------------
                         slack                                -17.826    

Slack (VIOLATED) :        -17.757ns  (required time - arrival time)
  Source:                 poseidon_block_i/poseidon_accel_axi_l_0/inst/u_poseidon_core/st2_reg[5]/C
                            (rising edge-triggered cell FDRE clocked by clk_fpga_0  {rise@0.000ns fall@5.000ns period=10.000ns})
  Destination:            poseidon_block_i/poseidon_accel_axi_l_0/inst/u_poseidon_core/st0_reg[31]/D
                            (rising edge-triggered cell FDRE clocked by clk_fpga_0  {rise@0.000ns fall@5.000ns period=10.000ns})
  Path Group:             clk_fpga_0
  Path Type:              Setup (Max at Slow Process Corner)
  Requirement:            10.000ns  (clk_fpga_0 rise@10.000ns - clk_fpga_0 rise@0.000ns)
  Data Path Delay:        27.562ns  (logic 19.744ns (71.636%)  route 7.818ns (28.364%))
  Logic Levels:           25  (CARRY4=14 DSP48E1=4 LUT2=3 LUT4=1 LUT5=1 LUT6=2)
  Clock Path Skew:        -0.073ns (DCD - SCD + CPR)
    Destination Clock Delay (DCD):    2.947ns = ( 12.947 - 10.000 ) 
    Source Clock Delay      (SCD):    3.267ns
    Clock Pessimism Removal (CPR):    0.247ns
  Clock Uncertainty:      0.154ns  ((TSJ^2 + TIJ^2)^1/2 + DJ) / 2 + PE
    Total System Jitter     (TSJ):    0.071ns
    Total Input Jitter      (TIJ):    0.300ns
    Discrete Jitter          (DJ):    0.000ns
    Phase Error              (PE):    0.000ns

    Location             Delay type                Incr(ns)  Path(ns)    Netlist Resource(s)
  -------------------------------------------------------------------    -------------------
                         (clock clk_fpga_0 rise edge)
                                                      0.000     0.000 r  
    PS7_X0Y0             PS7                          0.000     0.000 r  poseidon_block_i/processing_system7/inst/PS7_i/FCLKCLK[0]
                         net (fo=1, routed)           1.193     1.193    poseidon_block_i/processing_system7/inst/FCLK_CLK_unbuffered[0]
    BUFGCTRL_X0Y16       BUFG (Prop_bufg_I_O)         0.101     1.294 r  poseidon_block_i/processing_system7/inst/buffer_fclk_clk_0.FCLK_CLK_0_BUFG/O
                         net (fo=7403, routed)        1.973     3.267    poseidon_block_i/poseidon_accel_axi_l_0/inst/u_poseidon_core/s_axi_aclk
    SLICE_X105Y112       FDRE                                         r  poseidon_block_i/poseidon_accel_axi_l_0/inst/u_poseidon_core/st2_reg[5]/C
  -------------------------------------------------------------------    -------------------
    SLICE_X105Y112       FDRE (Prop_fdre_C_Q)         0.456     3.723 r  poseidon_block_i/poseidon_accel_axi_l_0/inst/u_poseidon_core/st2_reg[5]/Q
                         net (fo=2, routed)           0.955     4.678    poseidon_block_i/poseidon_accel_axi_l_0/inst/u_poseidon_core/st2[5]
    SLICE_X102Y114       LUT5 (Prop_lut5_I0_O)        0.124     4.802 r  poseidon_block_i/poseidon_accel_axi_l_0/inst/u_poseidon_core/i__carry__0_i_3/O
                         net (fo=1, routed)           0.000     4.802    poseidon_block_i/poseidon_accel_axi_l_0/inst/u_poseidon_core/i__carry__0_i_3_n_0
    SLICE_X102Y114       CARRY4 (Prop_carry4_S[1]_CO[3])
                                                      0.533     5.335 r  poseidon_block_i/poseidon_accel_axi_l_0/inst/u_poseidon_core/sbox_return2_inferred__0/i__carry__0/CO[3]
                         net (fo=1, routed)           0.000     5.335    poseidon_block_i/poseidon_accel_axi_l_0/inst/u_poseidon_core/sbox_return2_inferred__0/i__carry__0_n_0
    SLICE_X102Y115       CARRY4 (Prop_carry4_CI_CO[3])
                                                      0.117     5.452 r  poseidon_block_i/poseidon_accel_axi_l_0/inst/u_poseidon_core/sbox_return2_inferred__0/i__carry__1/CO[3]
                         net (fo=1, routed)           0.000     5.452    poseidon_block_i/poseidon_accel_axi_l_0/inst/u_poseidon_core/sbox_return2_inferred__0/i__carry__1_n_0
    SLICE_X102Y116       CARRY4 (Prop_carry4_CI_O[2])
                                                      0.239     5.691 r  poseidon_block_i/poseidon_accel_axi_l_0/inst/u_poseidon_core/sbox_return2_inferred__0/i__carry__2/O[2]
                         net (fo=28, routed)          0.747     6.438    poseidon_block_i/poseidon_accel_axi_l_0/inst/u_poseidon_core/x[14]
    DSP48_X4Y47          DSP48E1 (Prop_dsp48e1_A[14]_PCOUT[47])
                                                      4.213    10.651 r  poseidon_block_i/poseidon_accel_axi_l_0/inst/u_poseidon_core/sbox_return1__3/PCOUT[47]
                         net (fo=1, routed)           0.002    10.653    poseidon_block_i/poseidon_accel_axi_l_0/inst/u_poseidon_core/sbox_return1__3_n_106
    DSP48_X4Y48          DSP48E1 (Prop_dsp48e1_PCIN[47]_P[3])
                                                      1.518    12.171 r  poseidon_block_i/poseidon_accel_axi_l_0/inst/u_poseidon_core/sbox_return1__4/P[3]
                         net (fo=2, routed)           0.764    12.935    poseidon_block_i/poseidon_accel_axi_l_0/inst/u_poseidon_core/sbox_return1__4_n_102
    SLICE_X102Y122       LUT2 (Prop_lut2_I0_O)        0.124    13.059 r  poseidon_block_i/poseidon_accel_axi_l_0/inst/u_poseidon_core/sbox_return0__2_i_16/O
                         net (fo=1, routed)           0.000    13.059    poseidon_block_i/poseidon_accel_axi_l_0/inst/u_poseidon_core/sbox_return0__2_i_16_n_0
    SLICE_X102Y122       CARRY4 (Prop_carry4_S[0]_CO[3])
                                                      0.513    13.572 r  poseidon_block_i/poseidon_accel_axi_l_0/inst/u_poseidon_core/sbox_return0__2_i_3/CO[3]
                         net (fo=1, routed)           0.000    13.572    poseidon_block_i/poseidon_accel_axi_l_0/inst/u_poseidon_core/sbox_return0__2_i_3_n_0
    SLICE_X102Y123       CARRY4 (Prop_carry4_CI_CO[3])
                                                      0.117    13.689 r  poseidon_block_i/poseidon_accel_axi_l_0/inst/u_poseidon_core/sbox_return0__2_i_2/CO[3]
                         net (fo=1, routed)           0.000    13.689    poseidon_block_i/poseidon_accel_axi_l_0/inst/u_poseidon_core/sbox_return0__2_i_2_n_0
    SLICE_X102Y124       CARRY4 (Prop_carry4_CI_O[1])
                                                      0.323    14.012 r  poseidon_block_i/poseidon_accel_axi_l_0/inst/u_poseidon_core/sbox_return0__2_i_1/O[1]
                         net (fo=2, routed)           0.737    14.749    poseidon_block_i/poseidon_accel_axi_l_0/inst/u_poseidon_core/sbox_return0__2_i_1_n_6
    DSP48_X4Y51          DSP48E1 (Prop_dsp48e1_B[12]_P[0])
                                                      3.838    18.587 r  poseidon_block_i/poseidon_accel_axi_l_0/inst/u_poseidon_core/sbox_return0__4/P[0]
                         net (fo=2, routed)           0.837    19.424    poseidon_block_i/poseidon_accel_axi_l_0/inst/u_poseidon_core/sbox_return0__4_n_105
    SLICE_X100Y124       LUT2 (Prop_lut2_I0_O)        0.124    19.548 r  poseidon_block_i/poseidon_accel_axi_l_0/inst/u_poseidon_core/sbox_return__2_i_19/O
                         net (fo=1, routed)           0.000    19.548    poseidon_block_i/poseidon_accel_axi_l_0/inst/u_poseidon_core/sbox_return__2_i_19_n_0
    SLICE_X100Y124       CARRY4 (Prop_carry4_S[1]_CO[3])
                                                      0.533    20.081 r  poseidon_block_i/poseidon_accel_axi_l_0/inst/u_poseidon_core/sbox_return__2_i_4/CO[3]
                         net (fo=1, routed)           0.009    20.090    poseidon_block_i/poseidon_accel_axi_l_0/inst/u_poseidon_core/sbox_return__2_i_4_n_0
    SLICE_X100Y125       CARRY4 (Prop_carry4_CI_CO[3])
                                                      0.117    20.207 r  poseidon_block_i/poseidon_accel_axi_l_0/inst/u_poseidon_core/sbox_return__2_i_3/CO[3]
                         net (fo=1, routed)           0.000    20.207    poseidon_block_i/poseidon_accel_axi_l_0/inst/u_poseidon_core/sbox_return__2_i_3_n_0
    SLICE_X100Y126       CARRY4 (Prop_carry4_CI_CO[3])
                                                      0.117    20.324 r  poseidon_block_i/poseidon_accel_axi_l_0/inst/u_poseidon_core/sbox_return__2_i_2/CO[3]
                         net (fo=1, routed)           0.000    20.324    poseidon_block_i/poseidon_accel_axi_l_0/inst/u_poseidon_core/sbox_return__2_i_2_n_0
    SLICE_X100Y127       CARRY4 (Prop_carry4_CI_O[3])
                                                      0.315    20.639 r  poseidon_block_i/poseidon_accel_axi_l_0/inst/u_poseidon_core/sbox_return__2_i_1/O[3]
                         net (fo=1, routed)           0.705    21.344    poseidon_block_i/poseidon_accel_axi_l_0/inst/u_poseidon_core/sbox_return__2_i_1_n_4
    DSP48_X3Y50          DSP48E1 (Prop_dsp48e1_B[14]_P[0])
                                                      3.839    25.183 r  poseidon_block_i/poseidon_accel_axi_l_0/inst/u_poseidon_core/sbox_return__2/P[0]
                         net (fo=1, routed)           0.808    25.991    poseidon_block_i/poseidon_accel_axi_l_0/inst/u_poseidon_core/sbox_return__2_n_105
    SLICE_X93Y124        LUT2 (Prop_lut2_I1_O)        0.124    26.115 r  poseidon_block_i/poseidon_accel_axi_l_0/inst/u_poseidon_core/i__carry_i_3__0/O
                         net (fo=1, routed)           0.000    26.115    poseidon_block_i/poseidon_accel_axi_l_0/inst/u_poseidon_core/i__carry_i_3__0_n_0
    SLICE_X93Y124        CARRY4 (Prop_carry4_S[1]_CO[3])
                                                      0.550    26.665 r  poseidon_block_i/poseidon_accel_axi_l_0/inst/u_poseidon_core/sbox_return_inferred__0/i__carry/CO[3]
                         net (fo=1, routed)           0.009    26.674    poseidon_block_i/poseidon_accel_axi_l_0/inst/u_poseidon_core/sbox_return_inferred__0/i__carry_n_0
    SLICE_X93Y125        CARRY4 (Prop_carry4_CI_O[3])
                                                      0.313    26.987 r  poseidon_block_i/poseidon_accel_axi_l_0/inst/u_poseidon_core/sbox_return_inferred__0/i__carry__0/O[3]
                         net (fo=4, routed)           1.162    28.148    poseidon_block_i/poseidon_accel_axi_l_0/inst/u_poseidon_core/sbox_return__9[23]
    SLICE_X90Y115        LUT6 (Prop_lut6_I2_O)        0.306    28.454 r  poseidon_block_i/poseidon_accel_axi_l_0/inst/u_poseidon_core/st00__1_carry__5_i_4/O
                         net (fo=2, routed)           0.784    29.238    poseidon_block_i/poseidon_accel_axi_l_0/inst/u_poseidon_core/st00__1_carry__5_i_4_n_0
    SLICE_X91Y117        LUT6 (Prop_lut6_I0_O)        0.124    29.362 r  poseidon_block_i/poseidon_accel_axi_l_0/inst/u_poseidon_core/st00__1_carry__5_i_8/O
                         net (fo=1, routed)           0.000    29.362    poseidon_block_i/poseidon_accel_axi_l_0/inst/u_poseidon_core/st00__1_carry__5_i_8_n_0
    SLICE_X91Y117        CARRY4 (Prop_carry4_S[0]_CO[3])
                                                      0.532    29.894 r  poseidon_block_i/poseidon_accel_axi_l_0/inst/u_poseidon_core/st00__1_carry__5/CO[3]
                         net (fo=1, routed)           0.000    29.894    poseidon_block_i/poseidon_accel_axi_l_0/inst/u_poseidon_core/st00__1_carry__5_n_0
    SLICE_X91Y118        CARRY4 (Prop_carry4_CI_O[3])
                                                      0.329    30.223 r  poseidon_block_i/poseidon_accel_axi_l_0/inst/u_poseidon_core/st00__1_carry__6/O[3]
                         net (fo=2, routed)           0.300    30.523    poseidon_block_i/poseidon_accel_axi_l_0/inst/u_poseidon_core/m0[31]
    SLICE_X91Y119        LUT4 (Prop_lut4_I3_O)        0.306    30.829 r  poseidon_block_i/poseidon_accel_axi_l_0/inst/u_poseidon_core/st0[31]_i_2/O
                         net (fo=1, routed)           0.000    30.829    poseidon_block_i/poseidon_accel_axi_l_0/inst/u_poseidon_core/st0[31]_i_2_n_0
    SLICE_X91Y119        FDRE                                         r  poseidon_block_i/poseidon_accel_axi_l_0/inst/u_poseidon_core/st0_reg[31]/D
  -------------------------------------------------------------------    -------------------

                         (clock clk_fpga_0 rise edge)
                                                     10.000    10.000 r  
    PS7_X0Y0             PS7                          0.000    10.000 r  poseidon_block_i/processing_system7/inst/PS7_i/FCLKCLK[0]
                         net (fo=1, routed)           1.088    11.088    poseidon_block_i/processing_system7/inst/FCLK_CLK_unbuffered[0]
    BUFGCTRL_X0Y16       BUFG (Prop_bufg_I_O)         0.091    11.179 r  poseidon_block_i/processing_system7/inst/buffer_fclk_clk_0.FCLK_CLK_0_BUFG/O
                         net (fo=7403, routed)        1.768    12.947    poseidon_block_i/poseidon_accel_axi_l_0/inst/u_poseidon_core/s_axi_aclk
    SLICE_X91Y119        FDRE                                         r  poseidon_block_i/poseidon_accel_axi_l_0/inst/u_poseidon_core/st0_reg[31]/C
                         clock pessimism              0.247    13.194    
                         clock uncertainty           -0.154    13.040    
    SLICE_X91Y119        FDRE (Setup_fdre_C_D)        0.032    13.072    poseidon_block_i/poseidon_accel_axi_l_0/inst/u_poseidon_core/st0_reg[31]
  -------------------------------------------------------------------
                         required time                         13.072    
                         arrival time                         -30.829    
  -------------------------------------------------------------------
                         slack                                -17.757    

Slack (VIOLATED) :        -17.732ns  (required time - arrival time)
  Source:                 poseidon_block_i/poseidon_accel_axi_l_0/inst/u_poseidon_core/st2_reg[5]/C
                            (rising edge-triggered cell FDRE clocked by clk_fpga_0  {rise@0.000ns fall@5.000ns period=10.000ns})
  Destination:            poseidon_block_i/poseidon_accel_axi_l_0/inst/u_poseidon_core/st1_reg[28]/D
                            (rising edge-triggered cell FDRE clocked by clk_fpga_0  {rise@0.000ns fall@5.000ns period=10.000ns})
  Path Group:             clk_fpga_0
  Path Type:              Setup (Max at Slow Process Corner)
  Requirement:            10.000ns  (clk_fpga_0 rise@10.000ns - clk_fpga_0 rise@0.000ns)
  Data Path Delay:        27.540ns  (logic 19.643ns (71.326%)  route 7.897ns (28.674%))
  Logic Levels:           25  (CARRY4=14 DSP48E1=4 LUT2=3 LUT4=1 LUT5=1 LUT6=2)
  Clock Path Skew:        -0.069ns (DCD - SCD + CPR)
    Destination Clock Delay (DCD):    2.951ns = ( 12.951 - 10.000 ) 
    Source Clock Delay      (SCD):    3.267ns
    Clock Pessimism Removal (CPR):    0.247ns
  Clock Uncertainty:      0.154ns  ((TSJ^2 + TIJ^2)^1/2 + DJ) / 2 + PE
    Total System Jitter     (TSJ):    0.071ns
    Total Input Jitter      (TIJ):    0.300ns
    Discrete Jitter          (DJ):    0.000ns
    Phase Error              (PE):    0.000ns

    Location             Delay type                Incr(ns)  Path(ns)    Netlist Resource(s)
  -------------------------------------------------------------------    -------------------
                         (clock clk_fpga_0 rise edge)
                                                      0.000     0.000 r  
    PS7_X0Y0             PS7                          0.000     0.000 r  poseidon_block_i/processing_system7/inst/PS7_i/FCLKCLK[0]
                         net (fo=1, routed)           1.193     1.193    poseidon_block_i/processing_system7/inst/FCLK_CLK_unbuffered[0]
    BUFGCTRL_X0Y16       BUFG (Prop_bufg_I_O)         0.101     1.294 r  poseidon_block_i/processing_system7/inst/buffer_fclk_clk_0.FCLK_CLK_0_BUFG/O
                         net (fo=7403, routed)        1.973     3.267    poseidon_block_i/poseidon_accel_axi_l_0/inst/u_poseidon_core/s_axi_aclk
    SLICE_X105Y112       FDRE                                         r  poseidon_block_i/poseidon_accel_axi_l_0/inst/u_poseidon_core/st2_reg[5]/C
  -------------------------------------------------------------------    -------------------
    SLICE_X105Y112       FDRE (Prop_fdre_C_Q)         0.456     3.723 r  poseidon_block_i/poseidon_accel_axi_l_0/inst/u_poseidon_core/st2_reg[5]/Q
                         net (fo=2, routed)           0.955     4.678    poseidon_block_i/poseidon_accel_axi_l_0/inst/u_poseidon_core/st2[5]
    SLICE_X102Y114       LUT5 (Prop_lut5_I0_O)        0.124     4.802 r  poseidon_block_i/poseidon_accel_axi_l_0/inst/u_poseidon_core/i__carry__0_i_3/O
                         net (fo=1, routed)           0.000     4.802    poseidon_block_i/poseidon_accel_axi_l_0/inst/u_poseidon_core/i__carry__0_i_3_n_0
    SLICE_X102Y114       CARRY4 (Prop_carry4_S[1]_CO[3])
                                                      0.533     5.335 r  poseidon_block_i/poseidon_accel_axi_l_0/inst/u_poseidon_core/sbox_return2_inferred__0/i__carry__0/CO[3]
                         net (fo=1, routed)           0.000     5.335    poseidon_block_i/poseidon_accel_axi_l_0/inst/u_poseidon_core/sbox_return2_inferred__0/i__carry__0_n_0
    SLICE_X102Y115       CARRY4 (Prop_carry4_CI_CO[3])
                                                      0.117     5.452 r  poseidon_block_i/poseidon_accel_axi_l_0/inst/u_poseidon_core/sbox_return2_inferred__0/i__carry__1/CO[3]
                         net (fo=1, routed)           0.000     5.452    poseidon_block_i/poseidon_accel_axi_l_0/inst/u_poseidon_core/sbox_return2_inferred__0/i__carry__1_n_0
    SLICE_X102Y116       CARRY4 (Prop_carry4_CI_O[2])
                                                      0.239     5.691 r  poseidon_block_i/poseidon_accel_axi_l_0/inst/u_poseidon_core/sbox_return2_inferred__0/i__carry__2/O[2]
                         net (fo=28, routed)          0.747     6.438    poseidon_block_i/poseidon_accel_axi_l_0/inst/u_poseidon_core/x[14]
    DSP48_X4Y47          DSP48E1 (Prop_dsp48e1_A[14]_PCOUT[47])
                                                      4.213    10.651 r  poseidon_block_i/poseidon_accel_axi_l_0/inst/u_poseidon_core/sbox_return1__3/PCOUT[47]
                         net (fo=1, routed)           0.002    10.653    poseidon_block_i/poseidon_accel_axi_l_0/inst/u_poseidon_core/sbox_return1__3_n_106
    DSP48_X4Y48          DSP48E1 (Prop_dsp48e1_PCIN[47]_P[3])
                                                      1.518    12.171 r  poseidon_block_i/poseidon_accel_axi_l_0/inst/u_poseidon_core/sbox_return1__4/P[3]
                         net (fo=2, routed)           0.764    12.935    poseidon_block_i/poseidon_accel_axi_l_0/inst/u_poseidon_core/sbox_return1__4_n_102
    SLICE_X102Y122       LUT2 (Prop_lut2_I0_O)        0.124    13.059 r  poseidon_block_i/poseidon_accel_axi_l_0/inst/u_poseidon_core/sbox_return0__2_i_16/O
                         net (fo=1, routed)           0.000    13.059    poseidon_block_i/poseidon_accel_axi_l_0/inst/u_poseidon_core/sbox_return0__2_i_16_n_0
    SLICE_X102Y122       CARRY4 (Prop_carry4_S[0]_CO[3])
                                                      0.513    13.572 r  poseidon_block_i/poseidon_accel_axi_l_0/inst/u_poseidon_core/sbox_return0__2_i_3/CO[3]
                         net (fo=1, routed)           0.000    13.572    poseidon_block_i/poseidon_accel_axi_l_0/inst/u_poseidon_core/sbox_return0__2_i_3_n_0
    SLICE_X102Y123       CARRY4 (Prop_carry4_CI_CO[3])
                                                      0.117    13.689 r  poseidon_block_i/poseidon_accel_axi_l_0/inst/u_poseidon_core/sbox_return0__2_i_2/CO[3]
                         net (fo=1, routed)           0.000    13.689    poseidon_block_i/poseidon_accel_axi_l_0/inst/u_poseidon_core/sbox_return0__2_i_2_n_0
    SLICE_X102Y124       CARRY4 (Prop_carry4_CI_O[1])
                                                      0.323    14.012 r  poseidon_block_i/poseidon_accel_axi_l_0/inst/u_poseidon_core/sbox_return0__2_i_1/O[1]
                         net (fo=2, routed)           0.737    14.749    poseidon_block_i/poseidon_accel_axi_l_0/inst/u_poseidon_core/sbox_return0__2_i_1_n_6
    DSP48_X4Y51          DSP48E1 (Prop_dsp48e1_B[12]_P[0])
                                                      3.838    18.587 r  poseidon_block_i/poseidon_accel_axi_l_0/inst/u_poseidon_core/sbox_return0__4/P[0]
                         net (fo=2, routed)           0.837    19.424    poseidon_block_i/poseidon_accel_axi_l_0/inst/u_poseidon_core/sbox_return0__4_n_105
    SLICE_X100Y124       LUT2 (Prop_lut2_I0_O)        0.124    19.548 r  poseidon_block_i/poseidon_accel_axi_l_0/inst/u_poseidon_core/sbox_return__2_i_19/O
                         net (fo=1, routed)           0.000    19.548    poseidon_block_i/poseidon_accel_axi_l_0/inst/u_poseidon_core/sbox_return__2_i_19_n_0
    SLICE_X100Y124       CARRY4 (Prop_carry4_S[1]_CO[3])
                                                      0.533    20.081 r  poseidon_block_i/poseidon_accel_axi_l_0/inst/u_poseidon_core/sbox_return__2_i_4/CO[3]
                         net (fo=1, routed)           0.009    20.090    poseidon_block_i/poseidon_accel_axi_l_0/inst/u_poseidon_core/sbox_return__2_i_4_n_0
    SLICE_X100Y125       CARRY4 (Prop_carry4_CI_CO[3])
                                                      0.117    20.207 r  poseidon_block_i/poseidon_accel_axi_l_0/inst/u_poseidon_core/sbox_return__2_i_3/CO[3]
                         net (fo=1, routed)           0.000    20.207    poseidon_block_i/poseidon_accel_axi_l_0/inst/u_poseidon_core/sbox_return__2_i_3_n_0
    SLICE_X100Y126       CARRY4 (Prop_carry4_CI_CO[3])
                                                      0.117    20.324 r  poseidon_block_i/poseidon_accel_axi_l_0/inst/u_poseidon_core/sbox_return__2_i_2/CO[3]
                         net (fo=1, routed)           0.000    20.324    poseidon_block_i/poseidon_accel_axi_l_0/inst/u_poseidon_core/sbox_return__2_i_2_n_0
    SLICE_X100Y127       CARRY4 (Prop_carry4_CI_O[3])
                                                      0.315    20.639 r  poseidon_block_i/poseidon_accel_axi_l_0/inst/u_poseidon_core/sbox_return__2_i_1/O[3]
                         net (fo=1, routed)           0.705    21.344    poseidon_block_i/poseidon_accel_axi_l_0/inst/u_poseidon_core/sbox_return__2_i_1_n_4
    DSP48_X3Y50          DSP48E1 (Prop_dsp48e1_B[14]_P[0])
                                                      3.839    25.183 r  poseidon_block_i/poseidon_accel_axi_l_0/inst/u_poseidon_core/sbox_return__2/P[0]
                         net (fo=1, routed)           0.808    25.991    poseidon_block_i/poseidon_accel_axi_l_0/inst/u_poseidon_core/sbox_return__2_n_105
    SLICE_X93Y124        LUT2 (Prop_lut2_I1_O)        0.124    26.115 r  poseidon_block_i/poseidon_accel_axi_l_0/inst/u_poseidon_core/i__carry_i_3__0/O
                         net (fo=1, routed)           0.000    26.115    poseidon_block_i/poseidon_accel_axi_l_0/inst/u_poseidon_core/i__carry_i_3__0_n_0
    SLICE_X93Y124        CARRY4 (Prop_carry4_S[1]_CO[3])
                                                      0.550    26.665 r  poseidon_block_i/poseidon_accel_axi_l_0/inst/u_poseidon_core/sbox_return_inferred__0/i__carry/CO[3]
                         net (fo=1, routed)           0.009    26.674    poseidon_block_i/poseidon_accel_axi_l_0/inst/u_poseidon_core/sbox_return_inferred__0/i__carry_n_0
    SLICE_X93Y125        CARRY4 (Prop_carry4_CI_O[3])
                                                      0.313    26.987 r  poseidon_block_i/poseidon_accel_axi_l_0/inst/u_poseidon_core/sbox_return_inferred__0/i__carry__0/O[3]
                         net (fo=4, routed)           1.239    28.225    poseidon_block_i/poseidon_accel_axi_l_0/inst/u_poseidon_core/sbox_return__9[23]
    SLICE_X99Y115        LUT6 (Prop_lut6_I2_O)        0.306    28.531 r  poseidon_block_i/poseidon_accel_axi_l_0/inst/u_poseidon_core/st10__1_carry__5_i_4/O
                         net (fo=2, routed)           0.799    29.330    poseidon_block_i/poseidon_accel_axi_l_0/inst/u_poseidon_core/st10__1_carry__5_i_4_n_0
    SLICE_X95Y117        LUT6 (Prop_lut6_I0_O)        0.124    29.454 r  poseidon_block_i/poseidon_accel_axi_l_0/inst/u_poseidon_core/st10__1_carry__5_i_8/O
                         net (fo=1, routed)           0.000    29.454    poseidon_block_i/poseidon_accel_axi_l_0/inst/u_poseidon_core/st10__1_carry__5_i_8_n_0
    SLICE_X95Y117        CARRY4 (Prop_carry4_S[0]_CO[3])
                                                      0.532    29.986 r  poseidon_block_i/poseidon_accel_axi_l_0/inst/u_poseidon_core/st10__1_carry__5/CO[3]
                         net (fo=1, routed)           0.000    29.986    poseidon_block_i/poseidon_accel_axi_l_0/inst/u_poseidon_core/st10__1_carry__5_n_0
    SLICE_X95Y118        CARRY4 (Prop_carry4_CI_O[0])
                                                      0.235    30.221 r  poseidon_block_i/poseidon_accel_axi_l_0/inst/u_poseidon_core/st10__1_carry__6/O[0]
                         net (fo=2, routed)           0.287    30.508    poseidon_block_i/poseidon_accel_axi_l_0/inst/u_poseidon_core/m1[28]
    SLICE_X97Y118        LUT4 (Prop_lut4_I3_O)        0.299    30.807 r  poseidon_block_i/poseidon_accel_axi_l_0/inst/u_poseidon_core/st1[28]_i_1/O
                         net (fo=1, routed)           0.000    30.807    poseidon_block_i/poseidon_accel_axi_l_0/inst/u_poseidon_core/st1[28]_i_1_n_0
    SLICE_X97Y118        FDRE                                         r  poseidon_block_i/poseidon_accel_axi_l_0/inst/u_poseidon_core/st1_reg[28]/D
  -------------------------------------------------------------------    -------------------

                         (clock clk_fpga_0 rise edge)
                                                     10.000    10.000 r  
    PS7_X0Y0             PS7                          0.000    10.000 r  poseidon_block_i/processing_system7/inst/PS7_i/FCLKCLK[0]
                         net (fo=1, routed)           1.088    11.088    poseidon_block_i/processing_system7/inst/FCLK_CLK_unbuffered[0]
    BUFGCTRL_X0Y16       BUFG (Prop_bufg_I_O)         0.091    11.179 r  poseidon_block_i/processing_system7/inst/buffer_fclk_clk_0.FCLK_CLK_0_BUFG/O
                         net (fo=7403, routed)        1.772    12.951    poseidon_block_i/poseidon_accel_axi_l_0/inst/u_poseidon_core/s_axi_aclk
    SLICE_X97Y118        FDRE                                         r  poseidon_block_i/poseidon_accel_axi_l_0/inst/u_poseidon_core/st1_reg[28]/C
                         clock pessimism              0.247    13.198    
                         clock uncertainty           -0.154    13.044    
    SLICE_X97Y118        FDRE (Setup_fdre_C_D)        0.031    13.075    poseidon_block_i/poseidon_accel_axi_l_0/inst/u_poseidon_core/st1_reg[28]
  -------------------------------------------------------------------
                         required time                         13.075    
                         arrival time                         -30.807    
  -------------------------------------------------------------------
                         slack                                -17.732    

Slack (VIOLATED) :        -17.731ns  (required time - arrival time)
  Source:                 poseidon_block_i/poseidon_accel_axi_l_0/inst/u_poseidon_core/st2_reg[5]/C
                            (rising edge-triggered cell FDRE clocked by clk_fpga_0  {rise@0.000ns fall@5.000ns period=10.000ns})
  Destination:            poseidon_block_i/poseidon_accel_axi_l_0/inst/u_poseidon_core/st0_reg[29]/D
                            (rising edge-triggered cell FDRE clocked by clk_fpga_0  {rise@0.000ns fall@5.000ns period=10.000ns})
  Path Group:             clk_fpga_0
  Path Type:              Setup (Max at Slow Process Corner)
  Requirement:            10.000ns  (clk_fpga_0 rise@10.000ns - clk_fpga_0 rise@0.000ns)
  Data Path Delay:        27.585ns  (logic 19.760ns (71.633%)  route 7.825ns (28.367%))
  Logic Levels:           25  (CARRY4=14 DSP48E1=4 LUT2=3 LUT4=1 LUT5=1 LUT6=2)
  Clock Path Skew:        -0.073ns (DCD - SCD + CPR)
    Destination Clock Delay (DCD):    2.947ns = ( 12.947 - 10.000 ) 
    Source Clock Delay      (SCD):    3.267ns
    Clock Pessimism Removal (CPR):    0.247ns
  Clock Uncertainty:      0.154ns  ((TSJ^2 + TIJ^2)^1/2 + DJ) / 2 + PE
    Total System Jitter     (TSJ):    0.071ns
    Total Input Jitter      (TIJ):    0.300ns
    Discrete Jitter          (DJ):    0.000ns
    Phase Error              (PE):    0.000ns

    Location             Delay type                Incr(ns)  Path(ns)    Netlist Resource(s)
  -------------------------------------------------------------------    -------------------
                         (clock clk_fpga_0 rise edge)
                                                      0.000     0.000 r  
    PS7_X0Y0             PS7                          0.000     0.000 r  poseidon_block_i/processing_system7/inst/PS7_i/FCLKCLK[0]
                         net (fo=1, routed)           1.193     1.193    poseidon_block_i/processing_system7/inst/FCLK_CLK_unbuffered[0]
    BUFGCTRL_X0Y16       BUFG (Prop_bufg_I_O)         0.101     1.294 r  poseidon_block_i/processing_system7/inst/buffer_fclk_clk_0.FCLK_CLK_0_BUFG/O
                         net (fo=7403, routed)        1.973     3.267    poseidon_block_i/poseidon_accel_axi_l_0/inst/u_poseidon_core/s_axi_aclk
    SLICE_X105Y112       FDRE                                         r  poseidon_block_i/poseidon_accel_axi_l_0/inst/u_poseidon_core/st2_reg[5]/C
  -------------------------------------------------------------------    -------------------
    SLICE_X105Y112       FDRE (Prop_fdre_C_Q)         0.456     3.723 r  poseidon_block_i/poseidon_accel_axi_l_0/inst/u_poseidon_core/st2_reg[5]/Q
                         net (fo=2, routed)           0.955     4.678    poseidon_block_i/poseidon_accel_axi_l_0/inst/u_poseidon_core/st2[5]
    SLICE_X102Y114       LUT5 (Prop_lut5_I0_O)        0.124     4.802 r  poseidon_block_i/poseidon_accel_axi_l_0/inst/u_poseidon_core/i__carry__0_i_3/O
                         net (fo=1, routed)           0.000     4.802    poseidon_block_i/poseidon_accel_axi_l_0/inst/u_poseidon_core/i__carry__0_i_3_n_0
    SLICE_X102Y114       CARRY4 (Prop_carry4_S[1]_CO[3])
                                                      0.533     5.335 r  poseidon_block_i/poseidon_accel_axi_l_0/inst/u_poseidon_core/sbox_return2_inferred__0/i__carry__0/CO[3]
                         net (fo=1, routed)           0.000     5.335    poseidon_block_i/poseidon_accel_axi_l_0/inst/u_poseidon_core/sbox_return2_inferred__0/i__carry__0_n_0
    SLICE_X102Y115       CARRY4 (Prop_carry4_CI_CO[3])
                                                      0.117     5.452 r  poseidon_block_i/poseidon_accel_axi_l_0/inst/u_poseidon_core/sbox_return2_inferred__0/i__carry__1/CO[3]
                         net (fo=1, routed)           0.000     5.452    poseidon_block_i/poseidon_accel_axi_l_0/inst/u_poseidon_core/sbox_return2_inferred__0/i__carry__1_n_0
    SLICE_X102Y116       CARRY4 (Prop_carry4_CI_O[2])
                                                      0.239     5.691 r  poseidon_block_i/poseidon_accel_axi_l_0/inst/u_poseidon_core/sbox_return2_inferred__0/i__carry__2/O[2]
                         net (fo=28, routed)          0.747     6.438    poseidon_block_i/poseidon_accel_axi_l_0/inst/u_poseidon_core/x[14]
    DSP48_X4Y47          DSP48E1 (Prop_dsp48e1_A[14]_PCOUT[47])
                                                      4.213    10.651 r  poseidon_block_i/poseidon_accel_axi_l_0/inst/u_poseidon_core/sbox_return1__3/PCOUT[47]
                         net (fo=1, routed)           0.002    10.653    poseidon_block_i/poseidon_accel_axi_l_0/inst/u_poseidon_core/sbox_return1__3_n_106
    DSP48_X4Y48          DSP48E1 (Prop_dsp48e1_PCIN[47]_P[3])
                                                      1.518    12.171 r  poseidon_block_i/poseidon_accel_axi_l_0/inst/u_poseidon_core/sbox_return1__4/P[3]
                         net (fo=2, routed)           0.764    12.935    poseidon_block_i/poseidon_accel_axi_l_0/inst/u_poseidon_core/sbox_return1__4_n_102
    SLICE_X102Y122       LUT2 (Prop_lut2_I0_O)        0.124    13.059 r  poseidon_block_i/poseidon_accel_axi_l_0/inst/u_poseidon_core/sbox_return0__2_i_16/O
                         net (fo=1, routed)           0.000    13.059    poseidon_block_i/poseidon_accel_axi_l_0/inst/u_poseidon_core/sbox_return0__2_i_16_n_0
    SLICE_X102Y122       CARRY4 (Prop_carry4_S[0]_CO[3])
                                                      0.513    13.572 r  poseidon_block_i/poseidon_accel_axi_l_0/inst/u_poseidon_core/sbox_return0__2_i_3/CO[3]
                         net (fo=1, routed)           0.000    13.572    poseidon_block_i/poseidon_accel_axi_l_0/inst/u_poseidon_core/sbox_return0__2_i_3_n_0
    SLICE_X102Y123       CARRY4 (Prop_carry4_CI_CO[3])
                                                      0.117    13.689 r  poseidon_block_i/poseidon_accel_axi_l_0/inst/u_poseidon_core/sbox_return0__2_i_2/CO[3]
                         net (fo=1, routed)           0.000    13.689    poseidon_block_i/poseidon_accel_axi_l_0/inst/u_poseidon_core/sbox_return0__2_i_2_n_0
    SLICE_X102Y124       CARRY4 (Prop_carry4_CI_O[1])
                                                      0.323    14.012 r  poseidon_block_i/poseidon_accel_axi_l_0/inst/u_poseidon_core/sbox_return0__2_i_1/O[1]
                         net (fo=2, routed)           0.737    14.749    poseidon_block_i/poseidon_accel_axi_l_0/inst/u_poseidon_core/sbox_return0__2_i_1_n_6
    DSP48_X4Y51          DSP48E1 (Prop_dsp48e1_B[12]_P[0])
                                                      3.838    18.587 r  poseidon_block_i/poseidon_accel_axi_l_0/inst/u_poseidon_core/sbox_return0__4/P[0]
                         net (fo=2, routed)           0.837    19.424    poseidon_block_i/poseidon_accel_axi_l_0/inst/u_poseidon_core/sbox_return0__4_n_105
    SLICE_X100Y124       LUT2 (Prop_lut2_I0_O)        0.124    19.548 r  poseidon_block_i/poseidon_accel_axi_l_0/inst/u_poseidon_core/sbox_return__2_i_19/O
                         net (fo=1, routed)           0.000    19.548    poseidon_block_i/poseidon_accel_axi_l_0/inst/u_poseidon_core/sbox_return__2_i_19_n_0
    SLICE_X100Y124       CARRY4 (Prop_carry4_S[1]_CO[3])
                                                      0.533    20.081 r  poseidon_block_i/poseidon_accel_axi_l_0/inst/u_poseidon_core/sbox_return__2_i_4/CO[3]
                         net (fo=1, routed)           0.009    20.090    poseidon_block_i/poseidon_accel_axi_l_0/inst/u_poseidon_core/sbox_return__2_i_4_n_0
    SLICE_X100Y125       CARRY4 (Prop_carry4_CI_CO[3])
                                                      0.117    20.207 r  poseidon_block_i/poseidon_accel_axi_l_0/inst/u_poseidon_core/sbox_return__2_i_3/CO[3]
                         net (fo=1, routed)           0.000    20.207    poseidon_block_i/poseidon_accel_axi_l_0/inst/u_poseidon_core/sbox_return__2_i_3_n_0
    SLICE_X100Y126       CARRY4 (Prop_carry4_CI_CO[3])
                                                      0.117    20.324 r  poseidon_block_i/poseidon_accel_axi_l_0/inst/u_poseidon_core/sbox_return__2_i_2/CO[3]
                         net (fo=1, routed)           0.000    20.324    poseidon_block_i/poseidon_accel_axi_l_0/inst/u_poseidon_core/sbox_return__2_i_2_n_0
    SLICE_X100Y127       CARRY4 (Prop_carry4_CI_O[3])
                                                      0.315    20.639 r  poseidon_block_i/poseidon_accel_axi_l_0/inst/u_poseidon_core/sbox_return__2_i_1/O[3]
                         net (fo=1, routed)           0.705    21.344    poseidon_block_i/poseidon_accel_axi_l_0/inst/u_poseidon_core/sbox_return__2_i_1_n_4
    DSP48_X3Y50          DSP48E1 (Prop_dsp48e1_B[14]_P[0])
                                                      3.839    25.183 r  poseidon_block_i/poseidon_accel_axi_l_0/inst/u_poseidon_core/sbox_return__2/P[0]
                         net (fo=1, routed)           0.808    25.991    poseidon_block_i/poseidon_accel_axi_l_0/inst/u_poseidon_core/sbox_return__2_n_105
    SLICE_X93Y124        LUT2 (Prop_lut2_I1_O)        0.124    26.115 r  poseidon_block_i/poseidon_accel_axi_l_0/inst/u_poseidon_core/i__carry_i_3__0/O
                         net (fo=1, routed)           0.000    26.115    poseidon_block_i/poseidon_accel_axi_l_0/inst/u_poseidon_core/i__carry_i_3__0_n_0
    SLICE_X93Y124        CARRY4 (Prop_carry4_S[1]_CO[3])
                                                      0.550    26.665 r  poseidon_block_i/poseidon_accel_axi_l_0/inst/u_poseidon_core/sbox_return_inferred__0/i__carry/CO[3]
                         net (fo=1, routed)           0.009    26.674    poseidon_block_i/poseidon_accel_axi_l_0/inst/u_poseidon_core/sbox_return_inferred__0/i__carry_n_0
    SLICE_X93Y125        CARRY4 (Prop_carry4_CI_O[3])
                                                      0.313    26.987 r  poseidon_block_i/poseidon_accel_axi_l_0/inst/u_poseidon_core/sbox_return_inferred__0/i__carry__0/O[3]
                         net (fo=4, routed)           1.162    28.148    poseidon_block_i/poseidon_accel_axi_l_0/inst/u_poseidon_core/sbox_return__9[23]
    SLICE_X90Y115        LUT6 (Prop_lut6_I2_O)        0.306    28.454 r  poseidon_block_i/poseidon_accel_axi_l_0/inst/u_poseidon_core/st00__1_carry__5_i_4/O
                         net (fo=2, routed)           0.784    29.238    poseidon_block_i/poseidon_accel_axi_l_0/inst/u_poseidon_core/st00__1_carry__5_i_4_n_0
    SLICE_X91Y117        LUT6 (Prop_lut6_I0_O)        0.124    29.362 r  poseidon_block_i/poseidon_accel_axi_l_0/inst/u_poseidon_core/st00__1_carry__5_i_8/O
                         net (fo=1, routed)           0.000    29.362    poseidon_block_i/poseidon_accel_axi_l_0/inst/u_poseidon_core/st00__1_carry__5_i_8_n_0
    SLICE_X91Y117        CARRY4 (Prop_carry4_S[0]_CO[3])
                                                      0.532    29.894 r  poseidon_block_i/poseidon_accel_axi_l_0/inst/u_poseidon_core/st00__1_carry__5/CO[3]
                         net (fo=1, routed)           0.000    29.894    poseidon_block_i/poseidon_accel_axi_l_0/inst/u_poseidon_core/st00__1_carry__5_n_0
    SLICE_X91Y118        CARRY4 (Prop_carry4_CI_O[1])
                                                      0.348    30.242 r  poseidon_block_i/poseidon_accel_axi_l_0/inst/u_poseidon_core/st00__1_carry__6/O[1]
                         net (fo=2, routed)           0.307    30.549    poseidon_block_i/poseidon_accel_axi_l_0/inst/u_poseidon_core/m0[29]
    SLICE_X90Y119        LUT4 (Prop_lut4_I3_O)        0.303    30.852 r  poseidon_block_i/poseidon_accel_axi_l_0/inst/u_poseidon_core/st0[29]_i_1/O
                         net (fo=1, routed)           0.000    30.852    poseidon_block_i/poseidon_accel_axi_l_0/inst/u_poseidon_core/st0[29]_i_1_n_0
    SLICE_X90Y119        FDRE                                         r  poseidon_block_i/poseidon_accel_axi_l_0/inst/u_poseidon_core/st0_reg[29]/D
  -------------------------------------------------------------------    -------------------

                         (clock clk_fpga_0 rise edge)
                                                     10.000    10.000 r  
    PS7_X0Y0             PS7                          0.000    10.000 r  poseidon_block_i/processing_system7/inst/PS7_i/FCLKCLK[0]
                         net (fo=1, routed)           1.088    11.088    poseidon_block_i/processing_system7/inst/FCLK_CLK_unbuffered[0]
    BUFGCTRL_X0Y16       BUFG (Prop_bufg_I_O)         0.091    11.179 r  poseidon_block_i/processing_system7/inst/buffer_fclk_clk_0.FCLK_CLK_0_BUFG/O
                         net (fo=7403, routed)        1.768    12.947    poseidon_block_i/poseidon_accel_axi_l_0/inst/u_poseidon_core/s_axi_aclk
    SLICE_X90Y119        FDRE                                         r  poseidon_block_i/poseidon_accel_axi_l_0/inst/u_poseidon_core/st0_reg[29]/C
                         clock pessimism              0.247    13.194    
                         clock uncertainty           -0.154    13.040    
    SLICE_X90Y119        FDRE (Setup_fdre_C_D)        0.081    13.121    poseidon_block_i/poseidon_accel_axi_l_0/inst/u_poseidon_core/st0_reg[29]
  -------------------------------------------------------------------
                         required time                         13.121    
                         arrival time                         -30.852    
  -------------------------------------------------------------------
                         slack                                -17.731    

Slack (VIOLATED) :        -17.730ns  (required time - arrival time)
  Source:                 poseidon_block_i/poseidon_accel_axi_l_0/inst/u_poseidon_core/st2_reg[5]/C
                            (rising edge-triggered cell FDRE clocked by clk_fpga_0  {rise@0.000ns fall@5.000ns period=10.000ns})
  Destination:            poseidon_block_i/poseidon_accel_axi_l_0/inst/u_poseidon_core/st1_reg[30]/D
                            (rising edge-triggered cell FDRE clocked by clk_fpga_0  {rise@0.000ns fall@5.000ns period=10.000ns})
  Path Group:             clk_fpga_0
  Path Type:              Setup (Max at Slow Process Corner)
  Requirement:            10.000ns  (clk_fpga_0 rise@10.000ns - clk_fpga_0 rise@0.000ns)
  Data Path Delay:        27.586ns  (logic 19.667ns (71.295%)  route 7.919ns (28.705%))
  Logic Levels:           25  (CARRY4=14 DSP48E1=4 LUT2=3 LUT4=1 LUT5=1 LUT6=2)
  Clock Path Skew:        -0.069ns (DCD - SCD + CPR)
    Destination Clock Delay (DCD):    2.951ns = ( 12.951 - 10.000 ) 
    Source Clock Delay      (SCD):    3.267ns
    Clock Pessimism Removal (CPR):    0.247ns
  Clock Uncertainty:      0.154ns  ((TSJ^2 + TIJ^2)^1/2 + DJ) / 2 + PE
    Total System Jitter     (TSJ):    0.071ns
    Total Input Jitter      (TIJ):    0.300ns
    Discrete Jitter          (DJ):    0.000ns
    Phase Error              (PE):    0.000ns

    Location             Delay type                Incr(ns)  Path(ns)    Netlist Resource(s)
  -------------------------------------------------------------------    -------------------
                         (clock clk_fpga_0 rise edge)
                                                      0.000     0.000 r  
    PS7_X0Y0             PS7                          0.000     0.000 r  poseidon_block_i/processing_system7/inst/PS7_i/FCLKCLK[0]
                         net (fo=1, routed)           1.193     1.193    poseidon_block_i/processing_system7/inst/FCLK_CLK_unbuffered[0]
    BUFGCTRL_X0Y16       BUFG (Prop_bufg_I_O)         0.101     1.294 r  poseidon_block_i/processing_system7/inst/buffer_fclk_clk_0.FCLK_CLK_0_BUFG/O
                         net (fo=7403, routed)        1.973     3.267    poseidon_block_i/poseidon_accel_axi_l_0/inst/u_poseidon_core/s_axi_aclk
    SLICE_X105Y112       FDRE                                         r  poseidon_block_i/poseidon_accel_axi_l_0/inst/u_poseidon_core/st2_reg[5]/C
  -------------------------------------------------------------------    -------------------
    SLICE_X105Y112       FDRE (Prop_fdre_C_Q)         0.456     3.723 r  poseidon_block_i/poseidon_accel_axi_l_0/inst/u_poseidon_core/st2_reg[5]/Q
                         net (fo=2, routed)           0.955     4.678    poseidon_block_i/poseidon_accel_axi_l_0/inst/u_poseidon_core/st2[5]
    SLICE_X102Y114       LUT5 (Prop_lut5_I0_O)        0.124     4.802 r  poseidon_block_i/poseidon_accel_axi_l_0/inst/u_poseidon_core/i__carry__0_i_3/O
                         net (fo=1, routed)           0.000     4.802    poseidon_block_i/poseidon_accel_axi_l_0/inst/u_poseidon_core/i__carry__0_i_3_n_0
    SLICE_X102Y114       CARRY4 (Prop_carry4_S[1]_CO[3])
                                                      0.533     5.335 r  poseidon_block_i/poseidon_accel_axi_l_0/inst/u_poseidon_core/sbox_return2_inferred__0/i__carry__0/CO[3]
                         net (fo=1, routed)           0.000     5.335    poseidon_block_i/poseidon_accel_axi_l_0/inst/u_poseidon_core/sbox_return2_inferred__0/i__carry__0_n_0
    SLICE_X102Y115       CARRY4 (Prop_carry4_CI_CO[3])
                                                      0.117     5.452 r  poseidon_block_i/poseidon_accel_axi_l_0/inst/u_poseidon_core/sbox_return2_inferred__0/i__carry__1/CO[3]
                         net (fo=1, routed)           0.000     5.452    poseidon_block_i/poseidon_accel_axi_l_0/inst/u_poseidon_core/sbox_return2_inferred__0/i__carry__1_n_0
    SLICE_X102Y116       CARRY4 (Prop_carry4_CI_O[2])
                                                      0.239     5.691 r  poseidon_block_i/poseidon_accel_axi_l_0/inst/u_poseidon_core/sbox_return2_inferred__0/i__carry__2/O[2]
                         net (fo=28, routed)          0.747     6.438    poseidon_block_i/poseidon_accel_axi_l_0/inst/u_poseidon_core/x[14]
    DSP48_X4Y47          DSP48E1 (Prop_dsp48e1_A[14]_PCOUT[47])
                                                      4.213    10.651 r  poseidon_block_i/poseidon_accel_axi_l_0/inst/u_poseidon_core/sbox_return1__3/PCOUT[47]
                         net (fo=1, routed)           0.002    10.653    poseidon_block_i/poseidon_accel_axi_l_0/inst/u_poseidon_core/sbox_return1__3_n_106
    DSP48_X4Y48          DSP48E1 (Prop_dsp48e1_PCIN[47]_P[3])
                                                      1.518    12.171 r  poseidon_block_i/poseidon_accel_axi_l_0/inst/u_poseidon_core/sbox_return1__4/P[3]
                         net (fo=2, routed)           0.764    12.935    poseidon_block_i/poseidon_accel_axi_l_0/inst/u_poseidon_core/sbox_return1__4_n_102
    SLICE_X102Y122       LUT2 (Prop_lut2_I0_O)        0.124    13.059 r  poseidon_block_i/poseidon_accel_axi_l_0/inst/u_poseidon_core/sbox_return0__2_i_16/O
                         net (fo=1, routed)           0.000    13.059    poseidon_block_i/poseidon_accel_axi_l_0/inst/u_poseidon_core/sbox_return0__2_i_16_n_0
    SLICE_X102Y122       CARRY4 (Prop_carry4_S[0]_CO[3])
                                                      0.513    13.572 r  poseidon_block_i/poseidon_accel_axi_l_0/inst/u_poseidon_core/sbox_return0__2_i_3/CO[3]
                         net (fo=1, routed)           0.000    13.572    poseidon_block_i/poseidon_accel_axi_l_0/inst/u_poseidon_core/sbox_return0__2_i_3_n_0
    SLICE_X102Y123       CARRY4 (Prop_carry4_CI_CO[3])
                                                      0.117    13.689 r  poseidon_block_i/poseidon_accel_axi_l_0/inst/u_poseidon_core/sbox_return0__2_i_2/CO[3]
                         net (fo=1, routed)           0.000    13.689    poseidon_block_i/poseidon_accel_axi_l_0/inst/u_poseidon_core/sbox_return0__2_i_2_n_0
    SLICE_X102Y124       CARRY4 (Prop_carry4_CI_O[1])
                                                      0.323    14.012 r  poseidon_block_i/poseidon_accel_axi_l_0/inst/u_poseidon_core/sbox_return0__2_i_1/O[1]
                         net (fo=2, routed)           0.737    14.749    poseidon_block_i/poseidon_accel_axi_l_0/inst/u_poseidon_core/sbox_return0__2_i_1_n_6
    DSP48_X4Y51          DSP48E1 (Prop_dsp48e1_B[12]_P[0])
                                                      3.838    18.587 r  poseidon_block_i/poseidon_accel_axi_l_0/inst/u_poseidon_core/sbox_return0__4/P[0]
                         net (fo=2, routed)           0.837    19.424    poseidon_block_i/poseidon_accel_axi_l_0/inst/u_poseidon_core/sbox_return0__4_n_105
    SLICE_X100Y124       LUT2 (Prop_lut2_I0_O)        0.124    19.548 r  poseidon_block_i/poseidon_accel_axi_l_0/inst/u_poseidon_core/sbox_return__2_i_19/O
                         net (fo=1, routed)           0.000    19.548    poseidon_block_i/poseidon_accel_axi_l_0/inst/u_poseidon_core/sbox_return__2_i_19_n_0
    SLICE_X100Y124       CARRY4 (Prop_carry4_S[1]_CO[3])
                                                      0.533    20.081 r  poseidon_block_i/poseidon_accel_axi_l_0/inst/u_poseidon_core/sbox_return__2_i_4/CO[3]
                         net (fo=1, routed)           0.009    20.090    poseidon_block_i/poseidon_accel_axi_l_0/inst/u_poseidon_core/sbox_return__2_i_4_n_0
    SLICE_X100Y125       CARRY4 (Prop_carry4_CI_CO[3])
                                                      0.117    20.207 r  poseidon_block_i/poseidon_accel_axi_l_0/inst/u_poseidon_core/sbox_return__2_i_3/CO[3]
                         net (fo=1, routed)           0.000    20.207    poseidon_block_i/poseidon_accel_axi_l_0/inst/u_poseidon_core/sbox_return__2_i_3_n_0
    SLICE_X100Y126       CARRY4 (Prop_carry4_CI_CO[3])
                                                      0.117    20.324 r  poseidon_block_i/poseidon_accel_axi_l_0/inst/u_poseidon_core/sbox_return__2_i_2/CO[3]
                         net (fo=1, routed)           0.000    20.324    poseidon_block_i/poseidon_accel_axi_l_0/inst/u_poseidon_core/sbox_return__2_i_2_n_0
    SLICE_X100Y127       CARRY4 (Prop_carry4_CI_O[3])
                                                      0.315    20.639 r  poseidon_block_i/poseidon_accel_axi_l_0/inst/u_poseidon_core/sbox_return__2_i_1/O[3]
                         net (fo=1, routed)           0.705    21.344    poseidon_block_i/poseidon_accel_axi_l_0/inst/u_poseidon_core/sbox_return__2_i_1_n_4
    DSP48_X3Y50          DSP48E1 (Prop_dsp48e1_B[14]_P[0])
                                                      3.839    25.183 r  poseidon_block_i/poseidon_accel_axi_l_0/inst/u_poseidon_core/sbox_return__2/P[0]
                         net (fo=1, routed)           0.808    25.991    poseidon_block_i/poseidon_accel_axi_l_0/inst/u_poseidon_core/sbox_return__2_n_105
    SLICE_X93Y124        LUT2 (Prop_lut2_I1_O)        0.124    26.115 r  poseidon_block_i/poseidon_accel_axi_l_0/inst/u_poseidon_core/i__carry_i_3__0/O
                         net (fo=1, routed)           0.000    26.115    poseidon_block_i/poseidon_accel_axi_l_0/inst/u_poseidon_core/i__carry_i_3__0_n_0
    SLICE_X93Y124        CARRY4 (Prop_carry4_S[1]_CO[3])
                                                      0.550    26.665 r  poseidon_block_i/poseidon_accel_axi_l_0/inst/u_poseidon_core/sbox_return_inferred__0/i__carry/CO[3]
                         net (fo=1, routed)           0.009    26.674    poseidon_block_i/poseidon_accel_axi_l_0/inst/u_poseidon_core/sbox_return_inferred__0/i__carry_n_0
    SLICE_X93Y125        CARRY4 (Prop_carry4_CI_O[3])
                                                      0.313    26.987 r  poseidon_block_i/poseidon_accel_axi_l_0/inst/u_poseidon_core/sbox_return_inferred__0/i__carry__0/O[3]
                         net (fo=4, routed)           1.239    28.225    poseidon_block_i/poseidon_accel_axi_l_0/inst/u_poseidon_core/sbox_return__9[23]
    SLICE_X99Y115        LUT6 (Prop_lut6_I2_O)        0.306    28.531 r  poseidon_block_i/poseidon_accel_axi_l_0/inst/u_poseidon_core/st10__1_carry__5_i_4/O
                         net (fo=2, routed)           0.799    29.330    poseidon_block_i/poseidon_accel_axi_l_0/inst/u_poseidon_core/st10__1_carry__5_i_4_n_0
    SLICE_X95Y117        LUT6 (Prop_lut6_I0_O)        0.124    29.454 r  poseidon_block_i/poseidon_accel_axi_l_0/inst/u_poseidon_core/st10__1_carry__5_i_8/O
                         net (fo=1, routed)           0.000    29.454    poseidon_block_i/poseidon_accel_axi_l_0/inst/u_poseidon_core/st10__1_carry__5_i_8_n_0
    SLICE_X95Y117        CARRY4 (Prop_carry4_S[0]_CO[3])
                                                      0.532    29.986 r  poseidon_block_i/poseidon_accel_axi_l_0/inst/u_poseidon_core/st10__1_carry__5/CO[3]
                         net (fo=1, routed)           0.000    29.986    poseidon_block_i/poseidon_accel_axi_l_0/inst/u_poseidon_core/st10__1_carry__5_n_0
    SLICE_X95Y118        CARRY4 (Prop_carry4_CI_O[2])
                                                      0.256    30.242 r  poseidon_block_i/poseidon_accel_axi_l_0/inst/u_poseidon_core/st10__1_carry__6/O[2]
                         net (fo=2, routed)           0.309    30.551    poseidon_block_i/poseidon_accel_axi_l_0/inst/u_poseidon_core/m1[30]
    SLICE_X96Y118        LUT4 (Prop_lut4_I3_O)        0.302    30.853 r  poseidon_block_i/poseidon_accel_axi_l_0/inst/u_poseidon_core/st1[30]_i_1/O
                         net (fo=1, routed)           0.000    30.853    poseidon_block_i/poseidon_accel_axi_l_0/inst/u_poseidon_core/st1[30]_i_1_n_0
    SLICE_X96Y118        FDRE                                         r  poseidon_block_i/poseidon_accel_axi_l_0/inst/u_poseidon_core/st1_reg[30]/D
  -------------------------------------------------------------------    -------------------

                         (clock clk_fpga_0 rise edge)
                                                     10.000    10.000 r  
    PS7_X0Y0             PS7                          0.000    10.000 r  poseidon_block_i/processing_system7/inst/PS7_i/FCLKCLK[0]
                         net (fo=1, routed)           1.088    11.088    poseidon_block_i/processing_system7/inst/FCLK_CLK_unbuffered[0]
    BUFGCTRL_X0Y16       BUFG (Prop_bufg_I_O)         0.091    11.179 r  poseidon_block_i/processing_system7/inst/buffer_fclk_clk_0.FCLK_CLK_0_BUFG/O
                         net (fo=7403, routed)        1.772    12.951    poseidon_block_i/poseidon_accel_axi_l_0/inst/u_poseidon_core/s_axi_aclk
    SLICE_X96Y118        FDRE                                         r  poseidon_block_i/poseidon_accel_axi_l_0/inst/u_poseidon_core/st1_reg[30]/C
                         clock pessimism              0.247    13.198    
                         clock uncertainty           -0.154    13.044    
    SLICE_X96Y118        FDRE (Setup_fdre_C_D)        0.079    13.123    poseidon_block_i/poseidon_accel_axi_l_0/inst/u_poseidon_core/st1_reg[30]
  -------------------------------------------------------------------
                         required time                         13.123    
                         arrival time                         -30.853    
  -------------------------------------------------------------------
                         slack                                -17.730    

Slack (VIOLATED) :        -17.717ns  (required time - arrival time)
  Source:                 poseidon_block_i/poseidon_accel_axi_l_0/inst/u_poseidon_core/st2_reg[5]/C
                            (rising edge-triggered cell FDRE clocked by clk_fpga_0  {rise@0.000ns fall@5.000ns period=10.000ns})
  Destination:            poseidon_block_i/poseidon_accel_axi_l_0/inst/u_poseidon_core/st2_reg[25]/D
                            (rising edge-triggered cell FDRE clocked by clk_fpga_0  {rise@0.000ns fall@5.000ns period=10.000ns})
  Path Group:             clk_fpga_0
  Path Type:              Setup (Max at Slow Process Corner)
  Requirement:            10.000ns  (clk_fpga_0 rise@10.000ns - clk_fpga_0 rise@0.000ns)
  Data Path Delay:        27.572ns  (logic 19.618ns (71.151%)  route 7.954ns (28.849%))
  Logic Levels:           25  (CARRY4=14 DSP48E1=4 LUT2=3 LUT4=1 LUT5=2 LUT6=1)
  Clock Path Skew:        -0.072ns (DCD - SCD + CPR)
    Destination Clock Delay (DCD):    2.948ns = ( 12.948 - 10.000 ) 
    Source Clock Delay      (SCD):    3.267ns
    Clock Pessimism Removal (CPR):    0.247ns
  Clock Uncertainty:      0.154ns  ((TSJ^2 + TIJ^2)^1/2 + DJ) / 2 + PE
    Total System Jitter     (TSJ):    0.071ns
    Total Input Jitter      (TIJ):    0.300ns
    Discrete Jitter          (DJ):    0.000ns
    Phase Error              (PE):    0.000ns

    Location             Delay type                Incr(ns)  Path(ns)    Netlist Resource(s)
  -------------------------------------------------------------------    -------------------
                         (clock clk_fpga_0 rise edge)
                                                      0.000     0.000 r  
    PS7_X0Y0             PS7                          0.000     0.000 r  poseidon_block_i/processing_system7/inst/PS7_i/FCLKCLK[0]
                         net (fo=1, routed)           1.193     1.193    poseidon_block_i/processing_system7/inst/FCLK_CLK_unbuffered[0]
    BUFGCTRL_X0Y16       BUFG (Prop_bufg_I_O)         0.101     1.294 r  poseidon_block_i/processing_system7/inst/buffer_fclk_clk_0.FCLK_CLK_0_BUFG/O
                         net (fo=7403, routed)        1.973     3.267    poseidon_block_i/poseidon_accel_axi_l_0/inst/u_poseidon_core/s_axi_aclk
    SLICE_X105Y112       FDRE                                         r  poseidon_block_i/poseidon_accel_axi_l_0/inst/u_poseidon_core/st2_reg[5]/C
  -------------------------------------------------------------------    -------------------
    SLICE_X105Y112       FDRE (Prop_fdre_C_Q)         0.456     3.723 r  poseidon_block_i/poseidon_accel_axi_l_0/inst/u_poseidon_core/st2_reg[5]/Q
                         net (fo=2, routed)           0.955     4.678    poseidon_block_i/poseidon_accel_axi_l_0/inst/u_poseidon_core/st2[5]
    SLICE_X102Y114       LUT5 (Prop_lut5_I0_O)        0.124     4.802 r  poseidon_block_i/poseidon_accel_axi_l_0/inst/u_poseidon_core/i__carry__0_i_3/O
                         net (fo=1, routed)           0.000     4.802    poseidon_block_i/poseidon_accel_axi_l_0/inst/u_poseidon_core/i__carry__0_i_3_n_0
    SLICE_X102Y114       CARRY4 (Prop_carry4_S[1]_CO[3])
                                                      0.533     5.335 r  poseidon_block_i/poseidon_accel_axi_l_0/inst/u_poseidon_core/sbox_return2_inferred__0/i__carry__0/CO[3]
                         net (fo=1, routed)           0.000     5.335    poseidon_block_i/poseidon_accel_axi_l_0/inst/u_poseidon_core/sbox_return2_inferred__0/i__carry__0_n_0
    SLICE_X102Y115       CARRY4 (Prop_carry4_CI_CO[3])
                                                      0.117     5.452 r  poseidon_block_i/poseidon_accel_axi_l_0/inst/u_poseidon_core/sbox_return2_inferred__0/i__carry__1/CO[3]
                         net (fo=1, routed)           0.000     5.452    poseidon_block_i/poseidon_accel_axi_l_0/inst/u_poseidon_core/sbox_return2_inferred__0/i__carry__1_n_0
    SLICE_X102Y116       CARRY4 (Prop_carry4_CI_O[2])
                                                      0.239     5.691 r  poseidon_block_i/poseidon_accel_axi_l_0/inst/u_poseidon_core/sbox_return2_inferred__0/i__carry__2/O[2]
                         net (fo=28, routed)          0.747     6.438    poseidon_block_i/poseidon_accel_axi_l_0/inst/u_poseidon_core/x[14]
    DSP48_X4Y47          DSP48E1 (Prop_dsp48e1_A[14]_PCOUT[47])
                                                      4.213    10.651 r  poseidon_block_i/poseidon_accel_axi_l_0/inst/u_poseidon_core/sbox_return1__3/PCOUT[47]
                         net (fo=1, routed)           0.002    10.653    poseidon_block_i/poseidon_accel_axi_l_0/inst/u_poseidon_core/sbox_return1__3_n_106
    DSP48_X4Y48          DSP48E1 (Prop_dsp48e1_PCIN[47]_P[3])
                                                      1.518    12.171 r  poseidon_block_i/poseidon_accel_axi_l_0/inst/u_poseidon_core/sbox_return1__4/P[3]
                         net (fo=2, routed)           0.764    12.935    poseidon_block_i/poseidon_accel_axi_l_0/inst/u_poseidon_core/sbox_return1__4_n_102
    SLICE_X102Y122       LUT2 (Prop_lut2_I0_O)        0.124    13.059 r  poseidon_block_i/poseidon_accel_axi_l_0/inst/u_poseidon_core/sbox_return0__2_i_16/O
                         net (fo=1, routed)           0.000    13.059    poseidon_block_i/poseidon_accel_axi_l_0/inst/u_poseidon_core/sbox_return0__2_i_16_n_0
    SLICE_X102Y122       CARRY4 (Prop_carry4_S[0]_CO[3])
                                                      0.513    13.572 r  poseidon_block_i/poseidon_accel_axi_l_0/inst/u_poseidon_core/sbox_return0__2_i_3/CO[3]
                         net (fo=1, routed)           0.000    13.572    poseidon_block_i/poseidon_accel_axi_l_0/inst/u_poseidon_core/sbox_return0__2_i_3_n_0
    SLICE_X102Y123       CARRY4 (Prop_carry4_CI_CO[3])
                                                      0.117    13.689 r  poseidon_block_i/poseidon_accel_axi_l_0/inst/u_poseidon_core/sbox_return0__2_i_2/CO[3]
                         net (fo=1, routed)           0.000    13.689    poseidon_block_i/poseidon_accel_axi_l_0/inst/u_poseidon_core/sbox_return0__2_i_2_n_0
    SLICE_X102Y124       CARRY4 (Prop_carry4_CI_O[1])
                                                      0.323    14.012 r  poseidon_block_i/poseidon_accel_axi_l_0/inst/u_poseidon_core/sbox_return0__2_i_1/O[1]
                         net (fo=2, routed)           0.737    14.749    poseidon_block_i/poseidon_accel_axi_l_0/inst/u_poseidon_core/sbox_return0__2_i_1_n_6
    DSP48_X4Y51          DSP48E1 (Prop_dsp48e1_B[12]_P[0])
                                                      3.838    18.587 r  poseidon_block_i/poseidon_accel_axi_l_0/inst/u_poseidon_core/sbox_return0__4/P[0]
                         net (fo=2, routed)           0.837    19.424    poseidon_block_i/poseidon_accel_axi_l_0/inst/u_poseidon_core/sbox_return0__4_n_105
    SLICE_X100Y124       LUT2 (Prop_lut2_I0_O)        0.124    19.548 r  poseidon_block_i/poseidon_accel_axi_l_0/inst/u_poseidon_core/sbox_return__2_i_19/O
                         net (fo=1, routed)           0.000    19.548    poseidon_block_i/poseidon_accel_axi_l_0/inst/u_poseidon_core/sbox_return__2_i_19_n_0
    SLICE_X100Y124       CARRY4 (Prop_carry4_S[1]_CO[3])
                                                      0.533    20.081 r  poseidon_block_i/poseidon_accel_axi_l_0/inst/u_poseidon_core/sbox_return__2_i_4/CO[3]
                         net (fo=1, routed)           0.009    20.090    poseidon_block_i/poseidon_accel_axi_l_0/inst/u_poseidon_core/sbox_return__2_i_4_n_0
    SLICE_X100Y125       CARRY4 (Prop_carry4_CI_CO[3])
                                                      0.117    20.207 r  poseidon_block_i/poseidon_accel_axi_l_0/inst/u_poseidon_core/sbox_return__2_i_3/CO[3]
                         net (fo=1, routed)           0.000    20.207    poseidon_block_i/poseidon_accel_axi_l_0/inst/u_poseidon_core/sbox_return__2_i_3_n_0
    SLICE_X100Y126       CARRY4 (Prop_carry4_CI_CO[3])
                                                      0.117    20.324 r  poseidon_block_i/poseidon_accel_axi_l_0/inst/u_poseidon_core/sbox_return__2_i_2/CO[3]
                         net (fo=1, routed)           0.000    20.324    poseidon_block_i/poseidon_accel_axi_l_0/inst/u_poseidon_core/sbox_return__2_i_2_n_0
    SLICE_X100Y127       CARRY4 (Prop_carry4_CI_O[3])
                                                      0.315    20.639 r  poseidon_block_i/poseidon_accel_axi_l_0/inst/u_poseidon_core/sbox_return__2_i_1/O[3]
                         net (fo=1, routed)           0.705    21.344    poseidon_block_i/poseidon_accel_axi_l_0/inst/u_poseidon_core/sbox_return__2_i_1_n_4
    DSP48_X3Y50          DSP48E1 (Prop_dsp48e1_B[14]_P[0])
                                                      3.839    25.183 r  poseidon_block_i/poseidon_accel_axi_l_0/inst/u_poseidon_core/sbox_return__2/P[0]
                         net (fo=1, routed)           0.808    25.991    poseidon_block_i/poseidon_accel_axi_l_0/inst/u_poseidon_core/sbox_return__2_n_105
    SLICE_X93Y124        LUT2 (Prop_lut2_I1_O)        0.124    26.115 r  poseidon_block_i/poseidon_accel_axi_l_0/inst/u_poseidon_core/i__carry_i_3__0/O
                         net (fo=1, routed)           0.000    26.115    poseidon_block_i/poseidon_accel_axi_l_0/inst/u_poseidon_core/i__carry_i_3__0_n_0
    SLICE_X93Y124        CARRY4 (Prop_carry4_S[1]_CO[3])
                                                      0.550    26.665 r  poseidon_block_i/poseidon_accel_axi_l_0/inst/u_poseidon_core/sbox_return_inferred__0/i__carry/CO[3]
                         net (fo=1, routed)           0.009    26.674    poseidon_block_i/poseidon_accel_axi_l_0/inst/u_poseidon_core/sbox_return_inferred__0/i__carry_n_0
    SLICE_X93Y125        CARRY4 (Prop_carry4_CI_O[1])
                                                      0.334    27.008 r  poseidon_block_i/poseidon_accel_axi_l_0/inst/u_poseidon_core/sbox_return_inferred__0/i__carry__0/O[1]
                         net (fo=4, routed)           0.725    27.733    poseidon_block_i/poseidon_accel_axi_l_0/inst/u_poseidon_core/sbox_return__9[21]
    SLICE_X92Y122        LUT5 (Prop_lut5_I4_O)        0.303    28.036 r  poseidon_block_i/poseidon_accel_axi_l_0/inst/u_poseidon_core/st20__1_carry__4_i_10/O
                         net (fo=3, routed)           1.135    29.171    poseidon_block_i/poseidon_accel_axi_l_0/inst/u_poseidon_core/st20__1_carry__4_i_10_n_0
    SLICE_X92Y116        LUT6 (Prop_lut6_I4_O)        0.124    29.295 r  poseidon_block_i/poseidon_accel_axi_l_0/inst/u_poseidon_core/st20__1_carry__4_i_6/O
                         net (fo=1, routed)           0.000    29.295    poseidon_block_i/poseidon_accel_axi_l_0/inst/u_poseidon_core/st20__1_carry__4_i_6_n_0
    SLICE_X92Y116        CARRY4 (Prop_carry4_S[2]_CO[3])
                                                      0.380    29.675 r  poseidon_block_i/poseidon_accel_axi_l_0/inst/u_poseidon_core/st20__1_carry__4/CO[3]
                         net (fo=1, routed)           0.000    29.675    poseidon_block_i/poseidon_accel_axi_l_0/inst/u_poseidon_core/st20__1_carry__4_n_0
    SLICE_X92Y117        CARRY4 (Prop_carry4_CI_O[1])
                                                      0.337    30.012 r  poseidon_block_i/poseidon_accel_axi_l_0/inst/u_poseidon_core/st20__1_carry__5/O[1]
                         net (fo=2, routed)           0.522    30.533    poseidon_block_i/poseidon_accel_axi_l_0/inst/u_poseidon_core/m2[25]
    SLICE_X90Y118        LUT4 (Prop_lut4_I3_O)        0.306    30.839 r  poseidon_block_i/poseidon_accel_axi_l_0/inst/u_poseidon_core/st2[25]_i_1/O
                         net (fo=1, routed)           0.000    30.839    poseidon_block_i/poseidon_accel_axi_l_0/inst/u_poseidon_core/st2[25]_i_1_n_0
    SLICE_X90Y118        FDRE                                         r  poseidon_block_i/poseidon_accel_axi_l_0/inst/u_poseidon_core/st2_reg[25]/D
  -------------------------------------------------------------------    -------------------

                         (clock clk_fpga_0 rise edge)
                                                     10.000    10.000 r  
    PS7_X0Y0             PS7                          0.000    10.000 r  poseidon_block_i/processing_system7/inst/PS7_i/FCLKCLK[0]
                         net (fo=1, routed)           1.088    11.088    poseidon_block_i/processing_system7/inst/FCLK_CLK_unbuffered[0]
    BUFGCTRL_X0Y16       BUFG (Prop_bufg_I_O)         0.091    11.179 r  poseidon_block_i/processing_system7/inst/buffer_fclk_clk_0.FCLK_CLK_0_BUFG/O
                         net (fo=7403, routed)        1.769    12.948    poseidon_block_i/poseidon_accel_axi_l_0/inst/u_poseidon_core/s_axi_aclk
    SLICE_X90Y118        FDRE                                         r  poseidon_block_i/poseidon_accel_axi_l_0/inst/u_poseidon_core/st2_reg[25]/C
                         clock pessimism              0.247    13.195    
                         clock uncertainty           -0.154    13.041    
    SLICE_X90Y118        FDRE (Setup_fdre_C_D)        0.081    13.122    poseidon_block_i/poseidon_accel_axi_l_0/inst/u_poseidon_core/st2_reg[25]
  -------------------------------------------------------------------
                         required time                         13.122    
                         arrival time                         -30.839    
  -------------------------------------------------------------------
                         slack                                -17.717    





Min Delay Paths
--------------------------------------------------------------------------------------
Slack (MET) :             0.012ns  (arrival time - required time)
  Source:                 poseidon_block_i/smartconnect_0/inst/m03_nodes/m03_ar_node/inst/inst_mi_handler/gen_normal_area.gen_node_prog_full.inst_node_prog_full/gen_xpm_memory_fifo.inst_fifo/gen_rd.fifo_empty_r_reg/C
                            (rising edge-triggered cell FDSE clocked by clk_fpga_0  {rise@0.000ns fall@5.000ns period=10.000ns})
  Destination:            poseidon_block_i/smartconnect_0/inst/m03_nodes/m03_ar_node/inst/inst_mi_handler/gen_normal_area.gen_node_prog_full.inst_node_prog_full/gen_xpm_memory_fifo.inst_fifo/gen_rd.gen_fwft_latency_1.empty_r_reg/D
                            (rising edge-triggered cell FDSE clocked by clk_fpga_0  {rise@0.000ns fall@5.000ns period=10.000ns})
  Path Group:             clk_fpga_0
  Path Type:              Hold (Min at Fast Process Corner)
  Requirement:            0.000ns  (clk_fpga_0 rise@0.000ns - clk_fpga_0 rise@0.000ns)
  Data Path Delay:        0.389ns  (logic 0.186ns (47.759%)  route 0.203ns (52.241%))
  Logic Levels:           1  (LUT4=1)
  Clock Path Skew:        0.257ns (DCD - SCD - CPR)
    Destination Clock Delay (DCD):    1.179ns
    Source Clock Delay      (SCD):    0.887ns
    Clock Pessimism Removal (CPR):    0.035ns

    Location             Delay type                Incr(ns)  Path(ns)    Netlist Resource(s)
  -------------------------------------------------------------------    -------------------
                         (clock clk_fpga_0 rise edge)
                                                      0.000     0.000 r  
    PS7_X0Y0             PS7                          0.000     0.000 r  poseidon_block_i/processing_system7/inst/PS7_i/FCLKCLK[0]
                         net (fo=1, routed)           0.310     0.310    poseidon_block_i/processing_system7/inst/FCLK_CLK_unbuffered[0]
    BUFGCTRL_X0Y16       BUFG (Prop_bufg_I_O)         0.026     0.336 r  poseidon_block_i/processing_system7/inst/buffer_fclk_clk_0.FCLK_CLK_0_BUFG/O
                         net (fo=7403, routed)        0.551     0.887    poseidon_block_i/smartconnect_0/inst/m03_nodes/m03_ar_node/inst/inst_mi_handler/gen_normal_area.gen_node_prog_full.inst_node_prog_full/gen_xpm_memory_fifo.inst_fifo/s_sc_aclk
    SLICE_X49Y64         FDSE                                         r  poseidon_block_i/smartconnect_0/inst/m03_nodes/m03_ar_node/inst/inst_mi_handler/gen_normal_area.gen_node_prog_full.inst_node_prog_full/gen_xpm_memory_fifo.inst_fifo/gen_rd.fifo_empty_r_reg/C
  -------------------------------------------------------------------    -------------------
    SLICE_X49Y64         FDSE (Prop_fdse_C_Q)         0.141     1.028 r  poseidon_block_i/smartconnect_0/inst/m03_nodes/m03_ar_node/inst/inst_mi_handler/gen_normal_area.gen_node_prog_full.inst_node_prog_full/gen_xpm_memory_fifo.inst_fifo/gen_rd.fifo_empty_r_reg/Q
                         net (fo=4, routed)           0.203     1.231    poseidon_block_i/smartconnect_0/inst/m03_nodes/m03_ar_node/inst/inst_mi_handler/gen_normal_area.gen_node_prog_full.inst_node_prog_full/gen_xpm_memory_fifo.inst_fifo/gen_rd.fifo_empty_r
    SLICE_X50Y66         LUT4 (Prop_lut4_I0_O)        0.045     1.276 r  poseidon_block_i/smartconnect_0/inst/m03_nodes/m03_ar_node/inst/inst_mi_handler/gen_normal_area.gen_node_prog_full.inst_node_prog_full/gen_xpm_memory_fifo.inst_fifo/gen_rd.gen_fwft_latency_1.empty_r_i_1/O
                         net (fo=1, routed)           0.000     1.276    poseidon_block_i/smartconnect_0/inst/m03_nodes/m03_ar_node/inst/inst_mi_handler/gen_normal_area.gen_node_prog_full.inst_node_prog_full/gen_xpm_memory_fifo.inst_fifo/gen_rd.gen_fwft_latency_1.empty_r_i_1_n_0
    SLICE_X50Y66         FDSE                                         r  poseidon_block_i/smartconnect_0/inst/m03_nodes/m03_ar_node/inst/inst_mi_handler/gen_normal_area.gen_node_prog_full.inst_node_prog_full/gen_xpm_memory_fifo.inst_fifo/gen_rd.gen_fwft_latency_1.empty_r_reg/D
  -------------------------------------------------------------------    -------------------

                         (clock clk_fpga_0 rise edge)
                                                      0.000     0.000 r  
    PS7_X0Y0             PS7                          0.000     0.000 r  poseidon_block_i/processing_system7/inst/PS7_i/FCLKCLK[0]
                         net (fo=1, routed)           0.337     0.337    poseidon_block_i/processing_system7/inst/FCLK_CLK_unbuffered[0]
    BUFGCTRL_X0Y16       BUFG (Prop_bufg_I_O)         0.029     0.366 r  poseidon_block_i/processing_system7/inst/buffer_fclk_clk_0.FCLK_CLK_0_BUFG/O
                         net (fo=7403, routed)        0.813     1.179    poseidon_block_i/smartconnect_0/inst/m03_nodes/m03_ar_node/inst/inst_mi_handler/gen_normal_area.gen_node_prog_full.inst_node_prog_full/gen_xpm_memory_fifo.inst_fifo/s_sc_aclk
    SLICE_X50Y66         FDSE                                         r  poseidon_block_i/smartconnect_0/inst/m03_nodes/m03_ar_node/inst/inst_mi_handler/gen_normal_area.gen_node_prog_full.inst_node_prog_full/gen_xpm_memory_fifo.inst_fifo/gen_rd.gen_fwft_latency_1.empty_r_reg/C
                         clock pessimism             -0.035     1.144    
    SLICE_X50Y66         FDSE (Hold_fdse_C_D)         0.120     1.264    poseidon_block_i/smartconnect_0/inst/m03_nodes/m03_ar_node/inst/inst_mi_handler/gen_normal_area.gen_node_prog_full.inst_node_prog_full/gen_xpm_memory_fifo.inst_fifo/gen_rd.gen_fwft_latency_1.empty_r_reg
  -------------------------------------------------------------------
                         required time                         -1.264    
                         arrival time                           1.276    
  -------------------------------------------------------------------
                         slack                                  0.012    

Slack (MET) :             0.035ns  (arrival time - required time)
  Source:                 poseidon_block_i/smartconnect_0/inst/s00_entry_pipeline/s00_si_converter/inst/converter.low_area_converter.low_area_wrap_inst/w_incr_reg[2]/C
                            (rising edge-triggered cell FDRE clocked by clk_fpga_0  {rise@0.000ns fall@5.000ns period=10.000ns})
  Destination:            poseidon_block_i/smartconnect_0/inst/s00_entry_pipeline/s00_si_converter/inst/converter.low_area_converter.low_area_wrap_inst/next_awaddr_i_reg[4]/D
                            (rising edge-triggered cell FDRE clocked by clk_fpga_0  {rise@0.000ns fall@5.000ns period=10.000ns})
  Path Group:             clk_fpga_0
  Path Type:              Hold (Min at Fast Process Corner)
  Requirement:            0.000ns  (clk_fpga_0 rise@0.000ns - clk_fpga_0 rise@0.000ns)
  Data Path Delay:        0.489ns  (logic 0.312ns (63.787%)  route 0.177ns (36.213%))
  Logic Levels:           2  (CARRY4=2)
  Clock Path Skew:        0.349ns (DCD - SCD - CPR)
    Destination Clock Delay (DCD):    1.277ns
    Source Clock Delay      (SCD):    0.893ns
    Clock Pessimism Removal (CPR):    0.035ns

    Location             Delay type                Incr(ns)  Path(ns)    Netlist Resource(s)
  -------------------------------------------------------------------    -------------------
                         (clock clk_fpga_0 rise edge)
                                                      0.000     0.000 r  
    PS7_X0Y0             PS7                          0.000     0.000 r  poseidon_block_i/processing_system7/inst/PS7_i/FCLKCLK[0]
                         net (fo=1, routed)           0.310     0.310    poseidon_block_i/processing_system7/inst/FCLK_CLK_unbuffered[0]
    BUFGCTRL_X0Y16       BUFG (Prop_bufg_I_O)         0.026     0.336 r  poseidon_block_i/processing_system7/inst/buffer_fclk_clk_0.FCLK_CLK_0_BUFG/O
                         net (fo=7403, routed)        0.557     0.893    poseidon_block_i/smartconnect_0/inst/s00_entry_pipeline/s00_si_converter/inst/converter.low_area_converter.low_area_wrap_inst/aclk
    SLICE_X41Y99         FDRE                                         r  poseidon_block_i/smartconnect_0/inst/s00_entry_pipeline/s00_si_converter/inst/converter.low_area_converter.low_area_wrap_inst/w_incr_reg[2]/C
  -------------------------------------------------------------------    -------------------
    SLICE_X41Y99         FDRE (Prop_fdre_C_Q)         0.141     1.034 r  poseidon_block_i/smartconnect_0/inst/s00_entry_pipeline/s00_si_converter/inst/converter.low_area_converter.low_area_wrap_inst/w_incr_reg[2]/Q
                         net (fo=2, routed)           0.176     1.210    poseidon_block_i/smartconnect_0/inst/s00_entry_pipeline/s00_si_converter/inst/converter.low_area_converter.low_area_wrap_inst/w_incr[2]
    SLICE_X40Y99         CARRY4 (Prop_carry4_DI[2]_CO[3])
                                                      0.117     1.327 r  poseidon_block_i/smartconnect_0/inst/s00_entry_pipeline/s00_si_converter/inst/converter.low_area_converter.low_area_wrap_inst/next_awaddr_i_reg[3]_i_1/CO[3]
                         net (fo=1, routed)           0.001     1.328    poseidon_block_i/smartconnect_0/inst/s00_entry_pipeline/s00_si_converter/inst/converter.low_area_converter.low_area_wrap_inst/next_awaddr_i_reg[3]_i_1_n_0
    SLICE_X40Y100        CARRY4 (Prop_carry4_CI_O[0])
                                                      0.054     1.382 r  poseidon_block_i/smartconnect_0/inst/s00_entry_pipeline/s00_si_converter/inst/converter.low_area_converter.low_area_wrap_inst/next_awaddr_i_reg[7]_i_1/O[0]
                         net (fo=1, routed)           0.000     1.382    poseidon_block_i/smartconnect_0/inst/s00_entry_pipeline/s00_si_converter/inst/converter.low_area_converter.low_area_wrap_inst/next_awaddr_i_reg[7]_i_1_n_7
    SLICE_X40Y100        FDRE                                         r  poseidon_block_i/smartconnect_0/inst/s00_entry_pipeline/s00_si_converter/inst/converter.low_area_converter.low_area_wrap_inst/next_awaddr_i_reg[4]/D
  -------------------------------------------------------------------    -------------------

                         (clock clk_fpga_0 rise edge)
                                                      0.000     0.000 r  
    PS7_X0Y0             PS7                          0.000     0.000 r  poseidon_block_i/processing_system7/inst/PS7_i/FCLKCLK[0]
                         net (fo=1, routed)           0.337     0.337    poseidon_block_i/processing_system7/inst/FCLK_CLK_unbuffered[0]
    BUFGCTRL_X0Y16       BUFG (Prop_bufg_I_O)         0.029     0.366 r  poseidon_block_i/processing_system7/inst/buffer_fclk_clk_0.FCLK_CLK_0_BUFG/O
                         net (fo=7403, routed)        0.911     1.277    poseidon_block_i/smartconnect_0/inst/s00_entry_pipeline/s00_si_converter/inst/converter.low_area_converter.low_area_wrap_inst/aclk
    SLICE_X40Y100        FDRE                                         r  poseidon_block_i/smartconnect_0/inst/s00_entry_pipeline/s00_si_converter/inst/converter.low_area_converter.low_area_wrap_inst/next_awaddr_i_reg[4]/C
                         clock pessimism             -0.035     1.242    
    SLICE_X40Y100        FDRE (Hold_fdre_C_D)         0.105     1.347    poseidon_block_i/smartconnect_0/inst/s00_entry_pipeline/s00_si_converter/inst/converter.low_area_converter.low_area_wrap_inst/next_awaddr_i_reg[4]
  -------------------------------------------------------------------
                         required time                         -1.347    
                         arrival time                           1.382    
  -------------------------------------------------------------------
                         slack                                  0.035    

Slack (MET) :             0.037ns  (arrival time - required time)
  Source:                 poseidon_block_i/smartconnect_0/inst/switchboards/b_switchboard/inst/gen_mi[0].inst_opipe_payld/gen_pipe[1].pipe_reg[1][4]/C
                            (rising edge-triggered cell FDRE clocked by clk_fpga_0  {rise@0.000ns fall@5.000ns period=10.000ns})
  Destination:            poseidon_block_i/smartconnect_0/inst/s00_nodes/s00_b_node/inst/inst_mi_handler/gen_normal_area.inst_fifo_node_payld/gen_xpm_memory_fifo.inst_fifo/gen_mem_rep[0].inst_xpm_memory/xpm_memory_base_inst/gen_wr_a.gen_word_narrow.mem_reg_0_31_0_5/RAMA/I
                            (rising edge-triggered cell RAMD32 clocked by clk_fpga_0  {rise@0.000ns fall@5.000ns period=10.000ns})
  Path Group:             clk_fpga_0
  Path Type:              Hold (Min at Fast Process Corner)
  Requirement:            0.000ns  (clk_fpga_0 rise@0.000ns - clk_fpga_0 rise@0.000ns)
  Data Path Delay:        0.197ns  (logic 0.141ns (71.611%)  route 0.056ns (28.389%))
  Logic Levels:           0  
  Clock Path Skew:        0.013ns (DCD - SCD - CPR)
    Destination Clock Delay (DCD):    1.215ns
    Source Clock Delay      (SCD):    0.916ns
    Clock Pessimism Removal (CPR):    0.286ns

    Location             Delay type                Incr(ns)  Path(ns)    Netlist Resource(s)
  -------------------------------------------------------------------    -------------------
                         (clock clk_fpga_0 rise edge)
                                                      0.000     0.000 r  
    PS7_X0Y0             PS7                          0.000     0.000 r  poseidon_block_i/processing_system7/inst/PS7_i/FCLKCLK[0]
                         net (fo=1, routed)           0.310     0.310    poseidon_block_i/processing_system7/inst/FCLK_CLK_unbuffered[0]
    BUFGCTRL_X0Y16       BUFG (Prop_bufg_I_O)         0.026     0.336 r  poseidon_block_i/processing_system7/inst/buffer_fclk_clk_0.FCLK_CLK_0_BUFG/O
                         net (fo=7403, routed)        0.580     0.916    poseidon_block_i/smartconnect_0/inst/switchboards/b_switchboard/inst/gen_mi[0].inst_opipe_payld/aclk
    SLICE_X63Y98         FDRE                                         r  poseidon_block_i/smartconnect_0/inst/switchboards/b_switchboard/inst/gen_mi[0].inst_opipe_payld/gen_pipe[1].pipe_reg[1][4]/C
  -------------------------------------------------------------------    -------------------
    SLICE_X63Y98         FDRE (Prop_fdre_C_Q)         0.141     1.057 r  poseidon_block_i/smartconnect_0/inst/switchboards/b_switchboard/inst/gen_mi[0].inst_opipe_payld/gen_pipe[1].pipe_reg[1][4]/Q
                         net (fo=1, routed)           0.056     1.112    poseidon_block_i/smartconnect_0/inst/s00_nodes/s00_b_node/inst/inst_mi_handler/gen_normal_area.inst_fifo_node_payld/gen_xpm_memory_fifo.inst_fifo/gen_mem_rep[0].inst_xpm_memory/xpm_memory_base_inst/gen_wr_a.gen_word_narrow.mem_reg_0_31_0_5/DIA0
    SLICE_X62Y98         RAMD32                                       r  poseidon_block_i/smartconnect_0/inst/s00_nodes/s00_b_node/inst/inst_mi_handler/gen_normal_area.inst_fifo_node_payld/gen_xpm_memory_fifo.inst_fifo/gen_mem_rep[0].inst_xpm_memory/xpm_memory_base_inst/gen_wr_a.gen_word_narrow.mem_reg_0_31_0_5/RAMA/I
  -------------------------------------------------------------------    -------------------

                         (clock clk_fpga_0 rise edge)
                                                      0.000     0.000 r  
    PS7_X0Y0             PS7                          0.000     0.000 r  poseidon_block_i/processing_system7/inst/PS7_i/FCLKCLK[0]
                         net (fo=1, routed)           0.337     0.337    poseidon_block_i/processing_system7/inst/FCLK_CLK_unbuffered[0]
    BUFGCTRL_X0Y16       BUFG (Prop_bufg_I_O)         0.029     0.366 r  poseidon_block_i/processing_system7/inst/buffer_fclk_clk_0.FCLK_CLK_0_BUFG/O
                         net (fo=7403, routed)        0.849     1.215    poseidon_block_i/smartconnect_0/inst/s00_nodes/s00_b_node/inst/inst_mi_handler/gen_normal_area.inst_fifo_node_payld/gen_xpm_memory_fifo.inst_fifo/gen_mem_rep[0].inst_xpm_memory/xpm_memory_base_inst/gen_wr_a.gen_word_narrow.mem_reg_0_31_0_5/WCLK
    SLICE_X62Y98         RAMD32                                       r  poseidon_block_i/smartconnect_0/inst/s00_nodes/s00_b_node/inst/inst_mi_handler/gen_normal_area.inst_fifo_node_payld/gen_xpm_memory_fifo.inst_fifo/gen_mem_rep[0].inst_xpm_memory/xpm_memory_base_inst/gen_wr_a.gen_word_narrow.mem_reg_0_31_0_5/RAMA/CLK
                         clock pessimism             -0.286     0.929    
    SLICE_X62Y98         RAMD32 (Hold_ramd32_CLK_I)
                                                      0.147     1.076    poseidon_block_i/smartconnect_0/inst/s00_nodes/s00_b_node/inst/inst_mi_handler/gen_normal_area.inst_fifo_node_payld/gen_xpm_memory_fifo.inst_fifo/gen_mem_rep[0].inst_xpm_memory/xpm_memory_base_inst/gen_wr_a.gen_word_narrow.mem_reg_0_31_0_5/RAMA
  -------------------------------------------------------------------
                         required time                         -1.076    
                         arrival time                           1.112    
  -------------------------------------------------------------------
                         slack                                  0.037    

Slack (MET) :             0.037ns  (arrival time - required time)
  Source:                 poseidon_block_i/smartconnect_0/inst/m00_exit_pipeline/m00_exit/inst/r_reg/m_vector_i_reg[1060]/C
                            (rising edge-triggered cell FDRE clocked by clk_fpga_0  {rise@0.000ns fall@5.000ns period=10.000ns})
  Destination:            poseidon_block_i/smartconnect_0/inst/m00_nodes/m00_r_node/inst/inst_mi_handler/gen_normal_area.inst_fifo_node_payld/gen_xpm_memory_fifo.inst_fifo/gen_mem_rep[0].inst_xpm_memory/xpm_memory_base_inst/gen_wr_a.gen_word_narrow.mem_reg_0_31_24_29/RAMA/I
                            (rising edge-triggered cell RAMD32 clocked by clk_fpga_0  {rise@0.000ns fall@5.000ns period=10.000ns})
  Path Group:             clk_fpga_0
  Path Type:              Hold (Min at Fast Process Corner)
  Requirement:            0.000ns  (clk_fpga_0 rise@0.000ns - clk_fpga_0 rise@0.000ns)
  Data Path Delay:        0.197ns  (logic 0.141ns (71.611%)  route 0.056ns (28.389%))
  Logic Levels:           0  
  Clock Path Skew:        0.013ns (DCD - SCD - CPR)
    Destination Clock Delay (DCD):    1.174ns
    Source Clock Delay      (SCD):    0.878ns
    Clock Pessimism Removal (CPR):    0.283ns

    Location             Delay type                Incr(ns)  Path(ns)    Netlist Resource(s)
  -------------------------------------------------------------------    -------------------
                         (clock clk_fpga_0 rise edge)
                                                      0.000     0.000 r  
    PS7_X0Y0             PS7                          0.000     0.000 r  poseidon_block_i/processing_system7/inst/PS7_i/FCLKCLK[0]
                         net (fo=1, routed)           0.310     0.310    poseidon_block_i/processing_system7/inst/FCLK_CLK_unbuffered[0]
    BUFGCTRL_X0Y16       BUFG (Prop_bufg_I_O)         0.026     0.336 r  poseidon_block_i/processing_system7/inst/buffer_fclk_clk_0.FCLK_CLK_0_BUFG/O
                         net (fo=7403, routed)        0.542     0.878    poseidon_block_i/smartconnect_0/inst/m00_exit_pipeline/m00_exit/inst/r_reg/aclk
    SLICE_X51Y78         FDRE                                         r  poseidon_block_i/smartconnect_0/inst/m00_exit_pipeline/m00_exit/inst/r_reg/m_vector_i_reg[1060]/C
  -------------------------------------------------------------------    -------------------
    SLICE_X51Y78         FDRE (Prop_fdre_C_Q)         0.141     1.019 r  poseidon_block_i/smartconnect_0/inst/m00_exit_pipeline/m00_exit/inst/r_reg/m_vector_i_reg[1060]/Q
                         net (fo=1, routed)           0.056     1.074    poseidon_block_i/smartconnect_0/inst/m00_nodes/m00_r_node/inst/inst_mi_handler/gen_normal_area.inst_fifo_node_payld/gen_xpm_memory_fifo.inst_fifo/gen_mem_rep[0].inst_xpm_memory/xpm_memory_base_inst/gen_wr_a.gen_word_narrow.mem_reg_0_31_24_29/DIA0
    SLICE_X50Y78         RAMD32                                       r  poseidon_block_i/smartconnect_0/inst/m00_nodes/m00_r_node/inst/inst_mi_handler/gen_normal_area.inst_fifo_node_payld/gen_xpm_memory_fifo.inst_fifo/gen_mem_rep[0].inst_xpm_memory/xpm_memory_base_inst/gen_wr_a.gen_word_narrow.mem_reg_0_31_24_29/RAMA/I
  -------------------------------------------------------------------    -------------------

                         (clock clk_fpga_0 rise edge)
                                                      0.000     0.000 r  
    PS7_X0Y0             PS7                          0.000     0.000 r  poseidon_block_i/processing_system7/inst/PS7_i/FCLKCLK[0]
                         net (fo=1, routed)           0.337     0.337    poseidon_block_i/processing_system7/inst/FCLK_CLK_unbuffered[0]
    BUFGCTRL_X0Y16       BUFG (Prop_bufg_I_O)         0.029     0.366 r  poseidon_block_i/processing_system7/inst/buffer_fclk_clk_0.FCLK_CLK_0_BUFG/O
                         net (fo=7403, routed)        0.808     1.174    poseidon_block_i/smartconnect_0/inst/m00_nodes/m00_r_node/inst/inst_mi_handler/gen_normal_area.inst_fifo_node_payld/gen_xpm_memory_fifo.inst_fifo/gen_mem_rep[0].inst_xpm_memory/xpm_memory_base_inst/gen_wr_a.gen_word_narrow.mem_reg_0_31_24_29/WCLK
    SLICE_X50Y78         RAMD32                                       r  poseidon_block_i/smartconnect_0/inst/m00_nodes/m00_r_node/inst/inst_mi_handler/gen_normal_area.inst_fifo_node_payld/gen_xpm_memory_fifo.inst_fifo/gen_mem_rep[0].inst_xpm_memory/xpm_memory_base_inst/gen_wr_a.gen_word_narrow.mem_reg_0_31_24_29/RAMA/CLK
                         clock pessimism             -0.283     0.891    
    SLICE_X50Y78         RAMD32 (Hold_ramd32_CLK_I)
                                                      0.147     1.038    poseidon_block_i/smartconnect_0/inst/m00_nodes/m00_r_node/inst/inst_mi_handler/gen_normal_area.inst_fifo_node_payld/gen_xpm_memory_fifo.inst_fifo/gen_mem_rep[0].inst_xpm_memory/xpm_memory_base_inst/gen_wr_a.gen_word_narrow.mem_reg_0_31_24_29/RAMA
  -------------------------------------------------------------------
                         required time                         -1.038    
                         arrival time                           1.074    
  -------------------------------------------------------------------
                         slack                                  0.037    

Slack (MET) :             0.037ns  (arrival time - required time)
  Source:                 poseidon_block_i/smartconnect_0/inst/s00_entry_pipeline/s00_si_converter/inst/converter.low_area_converter.low_area_wrap_inst/aw_id_reg[3]/C
                            (rising edge-triggered cell FDRE clocked by clk_fpga_0  {rise@0.000ns fall@5.000ns period=10.000ns})
  Destination:            poseidon_block_i/smartconnect_0/inst/s00_nodes/s00_aw_node/inst/inst_mi_handler/gen_normal_area.inst_fifo_node_payld/gen_xpm_memory_fifo.inst_fifo/gen_mem_rep[0].inst_xpm_memory/xpm_memory_base_inst/gen_wr_a.gen_word_narrow.mem_reg_0_31_102_107/RAMA/I
                            (rising edge-triggered cell RAMD32 clocked by clk_fpga_0  {rise@0.000ns fall@5.000ns period=10.000ns})
  Path Group:             clk_fpga_0
  Path Type:              Hold (Min at Fast Process Corner)
  Requirement:            0.000ns  (clk_fpga_0 rise@0.000ns - clk_fpga_0 rise@0.000ns)
  Data Path Delay:        0.534ns  (logic 0.186ns (34.815%)  route 0.348ns (65.185%))
  Logic Levels:           1  (LUT3=1)
  Clock Path Skew:        0.350ns (DCD - SCD - CPR)
    Destination Clock Delay (DCD):    1.277ns
    Source Clock Delay      (SCD):    0.892ns
    Clock Pessimism Removal (CPR):    0.035ns

    Location             Delay type                Incr(ns)  Path(ns)    Netlist Resource(s)
  -------------------------------------------------------------------    -------------------
                         (clock clk_fpga_0 rise edge)
                                                      0.000     0.000 r  
    PS7_X0Y0             PS7                          0.000     0.000 r  poseidon_block_i/processing_system7/inst/PS7_i/FCLKCLK[0]
                         net (fo=1, routed)           0.310     0.310    poseidon_block_i/processing_system7/inst/FCLK_CLK_unbuffered[0]
    BUFGCTRL_X0Y16       BUFG (Prop_bufg_I_O)         0.026     0.336 r  poseidon_block_i/processing_system7/inst/buffer_fclk_clk_0.FCLK_CLK_0_BUFG/O
                         net (fo=7403, routed)        0.556     0.892    poseidon_block_i/smartconnect_0/inst/s00_entry_pipeline/s00_si_converter/inst/converter.low_area_converter.low_area_wrap_inst/aclk
    SLICE_X44Y95         FDRE                                         r  poseidon_block_i/smartconnect_0/inst/s00_entry_pipeline/s00_si_converter/inst/converter.low_area_converter.low_area_wrap_inst/aw_id_reg[3]/C
  -------------------------------------------------------------------    -------------------
    SLICE_X44Y95         FDRE (Prop_fdre_C_Q)         0.141     1.033 r  poseidon_block_i/smartconnect_0/inst/s00_entry_pipeline/s00_si_converter/inst/converter.low_area_converter.low_area_wrap_inst/aw_id_reg[3]/Q
                         net (fo=2, routed)           0.149     1.182    poseidon_block_i/smartconnect_0/inst/s00_entry_pipeline/s00_si_converter/inst/converter.low_area_converter.low_area_wrap_inst/aw_cmd[id][3]
    SLICE_X45Y95         LUT3 (Prop_lut3_I0_O)        0.045     1.227 r  poseidon_block_i/smartconnect_0/inst/s00_entry_pipeline/s00_si_converter/inst/converter.low_area_converter.low_area_wrap_inst/m_axi_awid[3]_INST_0/O
                         net (fo=1, routed)           0.199     1.426    poseidon_block_i/smartconnect_0/inst/s00_nodes/s00_aw_node/inst/inst_mi_handler/gen_normal_area.inst_fifo_node_payld/gen_xpm_memory_fifo.inst_fifo/gen_mem_rep[0].inst_xpm_memory/xpm_memory_base_inst/gen_wr_a.gen_word_narrow.mem_reg_0_31_102_107/DIA0
    SLICE_X46Y100        RAMD32                                       r  poseidon_block_i/smartconnect_0/inst/s00_nodes/s00_aw_node/inst/inst_mi_handler/gen_normal_area.inst_fifo_node_payld/gen_xpm_memory_fifo.inst_fifo/gen_mem_rep[0].inst_xpm_memory/xpm_memory_base_inst/gen_wr_a.gen_word_narrow.mem_reg_0_31_102_107/RAMA/I
  -------------------------------------------------------------------    -------------------

                         (clock clk_fpga_0 rise edge)
                                                      0.000     0.000 r  
    PS7_X0Y0             PS7                          0.000     0.000 r  poseidon_block_i/processing_system7/inst/PS7_i/FCLKCLK[0]
                         net (fo=1, routed)           0.337     0.337    poseidon_block_i/processing_system7/inst/FCLK_CLK_unbuffered[0]
    BUFGCTRL_X0Y16       BUFG (Prop_bufg_I_O)         0.029     0.366 r  poseidon_block_i/processing_system7/inst/buffer_fclk_clk_0.FCLK_CLK_0_BUFG/O
                         net (fo=7403, routed)        0.911     1.277    poseidon_block_i/smartconnect_0/inst/s00_nodes/s00_aw_node/inst/inst_mi_handler/gen_normal_area.inst_fifo_node_payld/gen_xpm_memory_fifo.inst_fifo/gen_mem_rep[0].inst_xpm_memory/xpm_memory_base_inst/gen_wr_a.gen_word_narrow.mem_reg_0_31_102_107/WCLK
    SLICE_X46Y100        RAMD32                                       r  poseidon_block_i/smartconnect_0/inst/s00_nodes/s00_aw_node/inst/inst_mi_handler/gen_normal_area.inst_fifo_node_payld/gen_xpm_memory_fifo.inst_fifo/gen_mem_rep[0].inst_xpm_memory/xpm_memory_base_inst/gen_wr_a.gen_word_narrow.mem_reg_0_31_102_107/RAMA/CLK
                         clock pessimism             -0.035     1.242    
    SLICE_X46Y100        RAMD32 (Hold_ramd32_CLK_I)
                                                      0.147     1.389    poseidon_block_i/smartconnect_0/inst/s00_nodes/s00_aw_node/inst/inst_mi_handler/gen_normal_area.inst_fifo_node_payld/gen_xpm_memory_fifo.inst_fifo/gen_mem_rep[0].inst_xpm_memory/xpm_memory_base_inst/gen_wr_a.gen_word_narrow.mem_reg_0_31_102_107/RAMA
  -------------------------------------------------------------------
                         required time                         -1.389    
                         arrival time                           1.426    
  -------------------------------------------------------------------
                         slack                                  0.037    

Slack (MET) :             0.039ns  (arrival time - required time)
  Source:                 poseidon_block_i/smartconnect_0/inst/s00_entry_pipeline/s00_mmu/inst/aw_reg_stall/m_vector_i_reg[1137]/C
                            (rising edge-triggered cell FDRE clocked by clk_fpga_0  {rise@0.000ns fall@5.000ns period=10.000ns})
  Destination:            poseidon_block_i/smartconnect_0/inst/s00_entry_pipeline/s00_transaction_regulator/inst/gen_endpoint.gen_w_multithread.w_multithread/gen_pipe.sr_acmd_reg[1137]/D
                            (rising edge-triggered cell FDRE clocked by clk_fpga_0  {rise@0.000ns fall@5.000ns period=10.000ns})
  Path Group:             clk_fpga_0
  Path Type:              Hold (Min at Fast Process Corner)
  Requirement:            0.000ns  (clk_fpga_0 rise@0.000ns - clk_fpga_0 rise@0.000ns)
  Data Path Delay:        0.386ns  (logic 0.148ns (38.382%)  route 0.238ns (61.618%))
  Logic Levels:           0  
  Clock Path Skew:        0.348ns (DCD - SCD - CPR)
    Destination Clock Delay (DCD):    1.278ns
    Source Clock Delay      (SCD):    0.895ns
    Clock Pessimism Removal (CPR):    0.035ns

    Location             Delay type                Incr(ns)  Path(ns)    Netlist Resource(s)
  -------------------------------------------------------------------    -------------------
                         (clock clk_fpga_0 rise edge)
                                                      0.000     0.000 r  
    PS7_X0Y0             PS7                          0.000     0.000 r  poseidon_block_i/processing_system7/inst/PS7_i/FCLKCLK[0]
                         net (fo=1, routed)           0.310     0.310    poseidon_block_i/processing_system7/inst/FCLK_CLK_unbuffered[0]
    BUFGCTRL_X0Y16       BUFG (Prop_bufg_I_O)         0.026     0.336 r  poseidon_block_i/processing_system7/inst/buffer_fclk_clk_0.FCLK_CLK_0_BUFG/O
                         net (fo=7403, routed)        0.559     0.895    poseidon_block_i/smartconnect_0/inst/s00_entry_pipeline/s00_mmu/inst/aw_reg_stall/aclk
    SLICE_X34Y98         FDRE                                         r  poseidon_block_i/smartconnect_0/inst/s00_entry_pipeline/s00_mmu/inst/aw_reg_stall/m_vector_i_reg[1137]/C
  -------------------------------------------------------------------    -------------------
    SLICE_X34Y98         FDRE (Prop_fdre_C_Q)         0.148     1.043 r  poseidon_block_i/smartconnect_0/inst/s00_entry_pipeline/s00_mmu/inst/aw_reg_stall/m_vector_i_reg[1137]/Q
                         net (fo=1, routed)           0.238     1.280    poseidon_block_i/smartconnect_0/inst/s00_entry_pipeline/s00_transaction_regulator/inst/gen_endpoint.gen_w_multithread.w_multithread/D[61]
    SLICE_X34Y101        FDRE                                         r  poseidon_block_i/smartconnect_0/inst/s00_entry_pipeline/s00_transaction_regulator/inst/gen_endpoint.gen_w_multithread.w_multithread/gen_pipe.sr_acmd_reg[1137]/D
  -------------------------------------------------------------------    -------------------

                         (clock clk_fpga_0 rise edge)
                                                      0.000     0.000 r  
    PS7_X0Y0             PS7                          0.000     0.000 r  poseidon_block_i/processing_system7/inst/PS7_i/FCLKCLK[0]
                         net (fo=1, routed)           0.337     0.337    poseidon_block_i/processing_system7/inst/FCLK_CLK_unbuffered[0]
    BUFGCTRL_X0Y16       BUFG (Prop_bufg_I_O)         0.029     0.366 r  poseidon_block_i/processing_system7/inst/buffer_fclk_clk_0.FCLK_CLK_0_BUFG/O
                         net (fo=7403, routed)        0.912     1.278    poseidon_block_i/smartconnect_0/inst/s00_entry_pipeline/s00_transaction_regulator/inst/gen_endpoint.gen_w_multithread.w_multithread/aclk
    SLICE_X34Y101        FDRE                                         r  poseidon_block_i/smartconnect_0/inst/s00_entry_pipeline/s00_transaction_regulator/inst/gen_endpoint.gen_w_multithread.w_multithread/gen_pipe.sr_acmd_reg[1137]/C
                         clock pessimism             -0.035     1.243    
    SLICE_X34Y101        FDRE (Hold_fdre_C_D)        -0.002     1.241    poseidon_block_i/smartconnect_0/inst/s00_entry_pipeline/s00_transaction_regulator/inst/gen_endpoint.gen_w_multithread.w_multithread/gen_pipe.sr_acmd_reg[1137]
  -------------------------------------------------------------------
                         required time                         -1.241    
                         arrival time                           1.280    
  -------------------------------------------------------------------
                         slack                                  0.039    

Slack (MET) :             0.042ns  (arrival time - required time)
  Source:                 poseidon_block_i/smartconnect_0/inst/s00_entry_pipeline/s00_mmu/inst/aw_sreg/m_vector_i_reg[1075]/C
                            (rising edge-triggered cell FDRE clocked by clk_fpga_0  {rise@0.000ns fall@5.000ns period=10.000ns})
  Destination:            poseidon_block_i/smartconnect_0/inst/s00_entry_pipeline/s00_mmu/inst/aw_reg_stall/skid_buffer_reg[1075]/D
                            (rising edge-triggered cell FDRE clocked by clk_fpga_0  {rise@0.000ns fall@5.000ns period=10.000ns})
  Path Group:             clk_fpga_0
  Path Type:              Hold (Min at Fast Process Corner)
  Requirement:            0.000ns  (clk_fpga_0 rise@0.000ns - clk_fpga_0 rise@0.000ns)
  Data Path Delay:        0.406ns  (logic 0.128ns (31.559%)  route 0.278ns (68.441%))
  Logic Levels:           0  
  Clock Path Skew:        0.351ns (DCD - SCD - CPR)
    Destination Clock Delay (DCD):    1.295ns
    Source Clock Delay      (SCD):    0.909ns
    Clock Pessimism Removal (CPR):    0.035ns

    Location             Delay type                Incr(ns)  Path(ns)    Netlist Resource(s)
  -------------------------------------------------------------------    -------------------
                         (clock clk_fpga_0 rise edge)
                                                      0.000     0.000 r  
    PS7_X0Y0             PS7                          0.000     0.000 r  poseidon_block_i/processing_system7/inst/PS7_i/FCLKCLK[0]
                         net (fo=1, routed)           0.310     0.310    poseidon_block_i/processing_system7/inst/FCLK_CLK_unbuffered[0]
    BUFGCTRL_X0Y16       BUFG (Prop_bufg_I_O)         0.026     0.336 r  poseidon_block_i/processing_system7/inst/buffer_fclk_clk_0.FCLK_CLK_0_BUFG/O
                         net (fo=7403, routed)        0.573     0.909    poseidon_block_i/smartconnect_0/inst/s00_entry_pipeline/s00_mmu/inst/aw_sreg/aclk
    SLICE_X27Y96         FDRE                                         r  poseidon_block_i/smartconnect_0/inst/s00_entry_pipeline/s00_mmu/inst/aw_sreg/m_vector_i_reg[1075]/C
  -------------------------------------------------------------------    -------------------
    SLICE_X27Y96         FDRE (Prop_fdre_C_Q)         0.128     1.037 r  poseidon_block_i/smartconnect_0/inst/s00_entry_pipeline/s00_mmu/inst/aw_sreg/m_vector_i_reg[1075]/Q
                         net (fo=3, routed)           0.278     1.314    poseidon_block_i/smartconnect_0/inst/s00_entry_pipeline/s00_mmu/inst/aw_reg_stall/D[37]
    SLICE_X27Y103        FDRE                                         r  poseidon_block_i/smartconnect_0/inst/s00_entry_pipeline/s00_mmu/inst/aw_reg_stall/skid_buffer_reg[1075]/D
  -------------------------------------------------------------------    -------------------

                         (clock clk_fpga_0 rise edge)
                                                      0.000     0.000 r  
    PS7_X0Y0             PS7                          0.000     0.000 r  poseidon_block_i/processing_system7/inst/PS7_i/FCLKCLK[0]
                         net (fo=1, routed)           0.337     0.337    poseidon_block_i/processing_system7/inst/FCLK_CLK_unbuffered[0]
    BUFGCTRL_X0Y16       BUFG (Prop_bufg_I_O)         0.029     0.366 r  poseidon_block_i/processing_system7/inst/buffer_fclk_clk_0.FCLK_CLK_0_BUFG/O
                         net (fo=7403, routed)        0.929     1.295    poseidon_block_i/smartconnect_0/inst/s00_entry_pipeline/s00_mmu/inst/aw_reg_stall/aclk
    SLICE_X27Y103        FDRE                                         r  poseidon_block_i/smartconnect_0/inst/s00_entry_pipeline/s00_mmu/inst/aw_reg_stall/skid_buffer_reg[1075]/C
                         clock pessimism             -0.035     1.260    
    SLICE_X27Y103        FDRE (Hold_fdre_C_D)         0.012     1.272    poseidon_block_i/smartconnect_0/inst/s00_entry_pipeline/s00_mmu/inst/aw_reg_stall/skid_buffer_reg[1075]
  -------------------------------------------------------------------
                         required time                         -1.272    
                         arrival time                           1.314    
  -------------------------------------------------------------------
                         slack                                  0.042    

Slack (MET) :             0.046ns  (arrival time - required time)
  Source:                 poseidon_block_i/smartconnect_0/inst/s00_entry_pipeline/s00_si_converter/inst/converter.low_area_converter.low_area_wrap_inst/w_incr_reg[2]/C
                            (rising edge-triggered cell FDRE clocked by clk_fpga_0  {rise@0.000ns fall@5.000ns period=10.000ns})
  Destination:            poseidon_block_i/smartconnect_0/inst/s00_entry_pipeline/s00_si_converter/inst/converter.low_area_converter.low_area_wrap_inst/next_awaddr_i_reg[6]/D
                            (rising edge-triggered cell FDRE clocked by clk_fpga_0  {rise@0.000ns fall@5.000ns period=10.000ns})
  Path Group:             clk_fpga_0
  Path Type:              Hold (Min at Fast Process Corner)
  Requirement:            0.000ns  (clk_fpga_0 rise@0.000ns - clk_fpga_0 rise@0.000ns)
  Data Path Delay:        0.500ns  (logic 0.323ns (64.583%)  route 0.177ns (35.417%))
  Logic Levels:           2  (CARRY4=2)
  Clock Path Skew:        0.349ns (DCD - SCD - CPR)
    Destination Clock Delay (DCD):    1.277ns
    Source Clock Delay      (SCD):    0.893ns
    Clock Pessimism Removal (CPR):    0.035ns

    Location             Delay type                Incr(ns)  Path(ns)    Netlist Resource(s)
  -------------------------------------------------------------------    -------------------
                         (clock clk_fpga_0 rise edge)
                                                      0.000     0.000 r  
    PS7_X0Y0             PS7                          0.000     0.000 r  poseidon_block_i/processing_system7/inst/PS7_i/FCLKCLK[0]
                         net (fo=1, routed)           0.310     0.310    poseidon_block_i/processing_system7/inst/FCLK_CLK_unbuffered[0]
    BUFGCTRL_X0Y16       BUFG (Prop_bufg_I_O)         0.026     0.336 r  poseidon_block_i/processing_system7/inst/buffer_fclk_clk_0.FCLK_CLK_0_BUFG/O
                         net (fo=7403, routed)        0.557     0.893    poseidon_block_i/smartconnect_0/inst/s00_entry_pipeline/s00_si_converter/inst/converter.low_area_converter.low_area_wrap_inst/aclk
    SLICE_X41Y99         FDRE                                         r  poseidon_block_i/smartconnect_0/inst/s00_entry_pipeline/s00_si_converter/inst/converter.low_area_converter.low_area_wrap_inst/w_incr_reg[2]/C
  -------------------------------------------------------------------    -------------------
    SLICE_X41Y99         FDRE (Prop_fdre_C_Q)         0.141     1.034 r  poseidon_block_i/smartconnect_0/inst/s00_entry_pipeline/s00_si_converter/inst/converter.low_area_converter.low_area_wrap_inst/w_incr_reg[2]/Q
                         net (fo=2, routed)           0.176     1.210    poseidon_block_i/smartconnect_0/inst/s00_entry_pipeline/s00_si_converter/inst/converter.low_area_converter.low_area_wrap_inst/w_incr[2]
    SLICE_X40Y99         CARRY4 (Prop_carry4_DI[2]_CO[3])
                                                      0.117     1.327 r  poseidon_block_i/smartconnect_0/inst/s00_entry_pipeline/s00_si_converter/inst/converter.low_area_converter.low_area_wrap_inst/next_awaddr_i_reg[3]_i_1/CO[3]
                         net (fo=1, routed)           0.001     1.328    poseidon_block_i/smartconnect_0/inst/s00_entry_pipeline/s00_si_converter/inst/converter.low_area_converter.low_area_wrap_inst/next_awaddr_i_reg[3]_i_1_n_0
    SLICE_X40Y100        CARRY4 (Prop_carry4_CI_O[2])
                                                      0.065     1.393 r  poseidon_block_i/smartconnect_0/inst/s00_entry_pipeline/s00_si_converter/inst/converter.low_area_converter.low_area_wrap_inst/next_awaddr_i_reg[7]_i_1/O[2]
                         net (fo=1, routed)           0.000     1.393    poseidon_block_i/smartconnect_0/inst/s00_entry_pipeline/s00_si_converter/inst/converter.low_area_converter.low_area_wrap_inst/next_awaddr_i_reg[7]_i_1_n_5
    SLICE_X40Y100        FDRE                                         r  poseidon_block_i/smartconnect_0/inst/s00_entry_pipeline/s00_si_converter/inst/converter.low_area_converter.low_area_wrap_inst/next_awaddr_i_reg[6]/D
  -------------------------------------------------------------------    -------------------

                         (clock clk_fpga_0 rise edge)
                                                      0.000     0.000 r  
    PS7_X0Y0             PS7                          0.000     0.000 r  poseidon_block_i/processing_system7/inst/PS7_i/FCLKCLK[0]
                         net (fo=1, routed)           0.337     0.337    poseidon_block_i/processing_system7/inst/FCLK_CLK_unbuffered[0]
    BUFGCTRL_X0Y16       BUFG (Prop_bufg_I_O)         0.029     0.366 r  poseidon_block_i/processing_system7/inst/buffer_fclk_clk_0.FCLK_CLK_0_BUFG/O
                         net (fo=7403, routed)        0.911     1.277    poseidon_block_i/smartconnect_0/inst/s00_entry_pipeline/s00_si_converter/inst/converter.low_area_converter.low_area_wrap_inst/aclk
    SLICE_X40Y100        FDRE                                         r  poseidon_block_i/smartconnect_0/inst/s00_entry_pipeline/s00_si_converter/inst/converter.low_area_converter.low_area_wrap_inst/next_awaddr_i_reg[6]/C
                         clock pessimism             -0.035     1.242    
    SLICE_X40Y100        FDRE (Hold_fdre_C_D)         0.105     1.347    poseidon_block_i/smartconnect_0/inst/s00_entry_pipeline/s00_si_converter/inst/converter.low_area_converter.low_area_wrap_inst/next_awaddr_i_reg[6]
  -------------------------------------------------------------------
                         required time                         -1.347    
                         arrival time                           1.393    
  -------------------------------------------------------------------
                         slack                                  0.046    

Slack (MET) :             0.047ns  (arrival time - required time)
  Source:                 poseidon_block_i/smartconnect_0/inst/m02_nodes/m02_w_node/inst/inst_mi_handler/gen_normal_area.inst_fifo_node_payld/gen_xpm_memory_fifo.inst_fifo/gen_mem_rep[0].inst_xpm_memory/xpm_memory_base_inst/gen_rd_b.gen_rd_b_synth_template.gen_rf_narrow_reg.doutb_reg_reg[35]/C
                            (rising edge-triggered cell FDRE clocked by clk_fpga_0  {rise@0.000ns fall@5.000ns period=10.000ns})
  Destination:            poseidon_block_i/smartconnect_0/inst/m02_exit_pipeline/m02_exit/inst/splitter_inst/gen_axi4lite.axilite_conv/m_axi_wdata_i_reg[14]/D
                            (rising edge-triggered cell FDRE clocked by clk_fpga_0  {rise@0.000ns fall@5.000ns period=10.000ns})
  Path Group:             clk_fpga_0
  Path Type:              Hold (Min at Fast Process Corner)
  Requirement:            0.000ns  (clk_fpga_0 rise@0.000ns - clk_fpga_0 rise@0.000ns)
  Data Path Delay:        0.355ns  (logic 0.164ns (46.163%)  route 0.191ns (53.837%))
  Logic Levels:           0  
  Clock Path Skew:        0.255ns (DCD - SCD - CPR)
    Destination Clock Delay (DCD):    1.267ns
    Source Clock Delay      (SCD):    0.973ns
    Clock Pessimism Removal (CPR):    0.039ns

    Location             Delay type                Incr(ns)  Path(ns)    Netlist Resource(s)
  -------------------------------------------------------------------    -------------------
                         (clock clk_fpga_0 rise edge)
                                                      0.000     0.000 r  
    PS7_X0Y0             PS7                          0.000     0.000 r  poseidon_block_i/processing_system7/inst/PS7_i/FCLKCLK[0]
                         net (fo=1, routed)           0.310     0.310    poseidon_block_i/processing_system7/inst/FCLK_CLK_unbuffered[0]
    BUFGCTRL_X0Y16       BUFG (Prop_bufg_I_O)         0.026     0.336 r  poseidon_block_i/processing_system7/inst/buffer_fclk_clk_0.FCLK_CLK_0_BUFG/O
                         net (fo=7403, routed)        0.637     0.973    poseidon_block_i/smartconnect_0/inst/m02_nodes/m02_w_node/inst/inst_mi_handler/gen_normal_area.inst_fifo_node_payld/gen_xpm_memory_fifo.inst_fifo/gen_mem_rep[0].inst_xpm_memory/xpm_memory_base_inst/clka
    SLICE_X46Y109        FDRE                                         r  poseidon_block_i/smartconnect_0/inst/m02_nodes/m02_w_node/inst/inst_mi_handler/gen_normal_area.inst_fifo_node_payld/gen_xpm_memory_fifo.inst_fifo/gen_mem_rep[0].inst_xpm_memory/xpm_memory_base_inst/gen_rd_b.gen_rd_b_synth_template.gen_rf_narrow_reg.doutb_reg_reg[35]/C
  -------------------------------------------------------------------    -------------------
    SLICE_X46Y109        FDRE (Prop_fdre_C_Q)         0.164     1.137 r  poseidon_block_i/smartconnect_0/inst/m02_nodes/m02_w_node/inst/inst_mi_handler/gen_normal_area.inst_fifo_node_payld/gen_xpm_memory_fifo.inst_fifo/gen_mem_rep[0].inst_xpm_memory/xpm_memory_base_inst/gen_rd_b.gen_rd_b_synth_template.gen_rf_narrow_reg.doutb_reg_reg[35]/Q
                         net (fo=1, routed)           0.191     1.328    poseidon_block_i/smartconnect_0/inst/m02_exit_pipeline/m02_exit/inst/splitter_inst/gen_axi4lite.axilite_conv/s_axi_wdata[14]
    SLICE_X50Y113        FDRE                                         r  poseidon_block_i/smartconnect_0/inst/m02_exit_pipeline/m02_exit/inst/splitter_inst/gen_axi4lite.axilite_conv/m_axi_wdata_i_reg[14]/D
  -------------------------------------------------------------------    -------------------

                         (clock clk_fpga_0 rise edge)
                                                      0.000     0.000 r  
    PS7_X0Y0             PS7                          0.000     0.000 r  poseidon_block_i/processing_system7/inst/PS7_i/FCLKCLK[0]
                         net (fo=1, routed)           0.337     0.337    poseidon_block_i/processing_system7/inst/FCLK_CLK_unbuffered[0]
    BUFGCTRL_X0Y16       BUFG (Prop_bufg_I_O)         0.029     0.366 r  poseidon_block_i/processing_system7/inst/buffer_fclk_clk_0.FCLK_CLK_0_BUFG/O
                         net (fo=7403, routed)        0.901     1.267    poseidon_block_i/smartconnect_0/inst/m02_exit_pipeline/m02_exit/inst/splitter_inst/gen_axi4lite.axilite_conv/aclk
    SLICE_X50Y113        FDRE                                         r  poseidon_block_i/smartconnect_0/inst/m02_exit_pipeline/m02_exit/inst/splitter_inst/gen_axi4lite.axilite_conv/m_axi_wdata_i_reg[14]/C
                         clock pessimism             -0.039     1.228    
    SLICE_X50Y113        FDRE (Hold_fdre_C_D)         0.053     1.281    poseidon_block_i/smartconnect_0/inst/m02_exit_pipeline/m02_exit/inst/splitter_inst/gen_axi4lite.axilite_conv/m_axi_wdata_i_reg[14]
  -------------------------------------------------------------------
                         required time                         -1.281    
                         arrival time                           1.328    
  -------------------------------------------------------------------
                         slack                                  0.047    

Slack (MET) :             0.053ns  (arrival time - required time)
  Source:                 poseidon_block_i/axi_bram_ctrl_0/U0/gext_inst.abcv4_0_ext_inst/GEN_AXI4.I_FULL_AXI/I_RD_CHNL/GEN_NO_RD_CMD_OPT.GEN_RDATA_NO_ECC.GEN_RDATA_NO_RL_NO_ECC.GEN_RDATA[9].axi_rdata_int_reg[9]/C
                            (rising edge-triggered cell FDRE clocked by clk_fpga_0  {rise@0.000ns fall@5.000ns period=10.000ns})
  Destination:            poseidon_block_i/smartconnect_0/inst/m00_exit_pipeline/m00_exit/inst/r_reg/skid_buffer_reg[1068]/D
                            (rising edge-triggered cell FDRE clocked by clk_fpga_0  {rise@0.000ns fall@5.000ns period=10.000ns})
  Path Group:             clk_fpga_0
  Path Type:              Hold (Min at Fast Process Corner)
  Requirement:            0.000ns  (clk_fpga_0 rise@0.000ns - clk_fpga_0 rise@0.000ns)
  Data Path Delay:        0.312ns  (logic 0.128ns (41.048%)  route 0.184ns (58.952%))
  Logic Levels:           0  
  Clock Path Skew:        0.265ns (DCD - SCD - CPR)
    Destination Clock Delay (DCD):    1.178ns
    Source Clock Delay      (SCD):    0.878ns
    Clock Pessimism Removal (CPR):    0.035ns

    Location             Delay type                Incr(ns)  Path(ns)    Netlist Resource(s)
  -------------------------------------------------------------------    -------------------
                         (clock clk_fpga_0 rise edge)
                                                      0.000     0.000 r  
    PS7_X0Y0             PS7                          0.000     0.000 r  poseidon_block_i/processing_system7/inst/PS7_i/FCLKCLK[0]
                         net (fo=1, routed)           0.310     0.310    poseidon_block_i/processing_system7/inst/FCLK_CLK_unbuffered[0]
    BUFGCTRL_X0Y16       BUFG (Prop_bufg_I_O)         0.026     0.336 r  poseidon_block_i/processing_system7/inst/buffer_fclk_clk_0.FCLK_CLK_0_BUFG/O
                         net (fo=7403, routed)        0.542     0.878    poseidon_block_i/axi_bram_ctrl_0/U0/gext_inst.abcv4_0_ext_inst/GEN_AXI4.I_FULL_AXI/I_RD_CHNL/s_axi_aclk
    SLICE_X52Y77         FDRE                                         r  poseidon_block_i/axi_bram_ctrl_0/U0/gext_inst.abcv4_0_ext_inst/GEN_AXI4.I_FULL_AXI/I_RD_CHNL/GEN_NO_RD_CMD_OPT.GEN_RDATA_NO_ECC.GEN_RDATA_NO_RL_NO_ECC.GEN_RDATA[9].axi_rdata_int_reg[9]/C
  -------------------------------------------------------------------    -------------------
    SLICE_X52Y77         FDRE (Prop_fdre_C_Q)         0.128     1.006 r  poseidon_block_i/axi_bram_ctrl_0/U0/gext_inst.abcv4_0_ext_inst/GEN_AXI4.I_FULL_AXI/I_RD_CHNL/GEN_NO_RD_CMD_OPT.GEN_RDATA_NO_ECC.GEN_RDATA_NO_RL_NO_ECC.GEN_RDATA[9].axi_rdata_int_reg[9]/Q
                         net (fo=2, routed)           0.184     1.189    poseidon_block_i/smartconnect_0/inst/m00_exit_pipeline/m00_exit/inst/r_reg/D[12]
    SLICE_X48Y78         FDRE                                         r  poseidon_block_i/smartconnect_0/inst/m00_exit_pipeline/m00_exit/inst/r_reg/skid_buffer_reg[1068]/D
  -------------------------------------------------------------------    -------------------

                         (clock clk_fpga_0 rise edge)
                                                      0.000     0.000 r  
    PS7_X0Y0             PS7                          0.000     0.000 r  poseidon_block_i/processing_system7/inst/PS7_i/FCLKCLK[0]
                         net (fo=1, routed)           0.337     0.337    poseidon_block_i/processing_system7/inst/FCLK_CLK_unbuffered[0]
    BUFGCTRL_X0Y16       BUFG (Prop_bufg_I_O)         0.029     0.366 r  poseidon_block_i/processing_system7/inst/buffer_fclk_clk_0.FCLK_CLK_0_BUFG/O
                         net (fo=7403, routed)        0.812     1.178    poseidon_block_i/smartconnect_0/inst/m00_exit_pipeline/m00_exit/inst/r_reg/aclk
    SLICE_X48Y78         FDRE                                         r  poseidon_block_i/smartconnect_0/inst/m00_exit_pipeline/m00_exit/inst/r_reg/skid_buffer_reg[1068]/C
                         clock pessimism             -0.035     1.143    
    SLICE_X48Y78         FDRE (Hold_fdre_C_D)        -0.006     1.137    poseidon_block_i/smartconnect_0/inst/m00_exit_pipeline/m00_exit/inst/r_reg/skid_buffer_reg[1068]
  -------------------------------------------------------------------
                         required time                         -1.137    
                         arrival time                           1.189    
  -------------------------------------------------------------------
                         slack                                  0.053    





Pulse Width Checks
--------------------------------------------------------------------------------------
Clock Name:         clk_fpga_0
Waveform(ns):       { 0.000 5.000 }
Period(ns):         10.000
Sources:            { poseidon_block_i/processing_system7/inst/PS7_i/FCLKCLK[0] }

Check Type        Corner  Lib Pin             Reference Pin  Required(ns)  Actual(ns)  Slack(ns)  Location        Pin
Min Period        n/a     RAMB36E1/CLKARDCLK  n/a            2.576         10.000      7.424      RAMB36_X3Y15    poseidon_block_i/axi_bram_ctrl_0_bram/U0/inst_blk_mem_gen/gnbram.gnative_mem_map_bmg.native_mem_map_blk_mem_gen/valid.cstr/ramloop[0].ram.r/prim_noinit.ram/DEVICE_7SERIES.WITH_BMM_INFO.TRUE_DP.SIMPLE_PRIM36.TDP_SP36_NO_ECC_ATTR.ram/CLKARDCLK
Min Period        n/a     RAMB36E1/CLKBWRCLK  n/a            2.576         10.000      7.424      RAMB36_X3Y15    poseidon_block_i/axi_bram_ctrl_0_bram/U0/inst_blk_mem_gen/gnbram.gnative_mem_map_bmg.native_mem_map_blk_mem_gen/valid.cstr/ramloop[0].ram.r/prim_noinit.ram/DEVICE_7SERIES.WITH_BMM_INFO.TRUE_DP.SIMPLE_PRIM36.TDP_SP36_NO_ECC_ATTR.ram/CLKBWRCLK
Min Period        n/a     RAMB36E1/CLKARDCLK  n/a            2.576         10.000      7.424      RAMB36_X3Y16    poseidon_block_i/axi_bram_ctrl_0_bram/U0/inst_blk_mem_gen/gnbram.gnative_mem_map_bmg.native_mem_map_blk_mem_gen/valid.cstr/ramloop[1].ram.r/prim_noinit.ram/DEVICE_7SERIES.WITH_BMM_INFO.TRUE_DP.SIMPLE_PRIM36.TDP_SP36_NO_ECC_ATTR.ram/CLKARDCLK
Min Period        n/a     RAMB36E1/CLKBWRCLK  n/a            2.576         10.000      7.424      RAMB36_X3Y16    poseidon_block_i/axi_bram_ctrl_0_bram/U0/inst_blk_mem_gen/gnbram.gnative_mem_map_bmg.native_mem_map_blk_mem_gen/valid.cstr/ramloop[1].ram.r/prim_noinit.ram/DEVICE_7SERIES.WITH_BMM_INFO.TRUE_DP.SIMPLE_PRIM36.TDP_SP36_NO_ECC_ATTR.ram/CLKBWRCLK
Min Period        n/a     BUFG/I              n/a            2.155         10.000      7.845      BUFGCTRL_X0Y16  poseidon_block_i/processing_system7/inst/buffer_fclk_clk_0.FCLK_CLK_0_BUFG/I
Min Period        n/a     FDRE/C              n/a            1.000         10.000      9.000      SLICE_X44Y68    poseidon_block_i/axi_bram_ctrl_0/U0/gext_inst.abcv4_0_ext_inst/GEN_AXI4.I_FULL_AXI/I_RD_CHNL/FSM_sequential_GEN_NO_RD_CMD_OPT.GEN_AR_DUAL.rd_addr_sm_cs_reg/C
Min Period        n/a     FDRE/C              n/a            1.000         10.000      9.000      SLICE_X47Y66    poseidon_block_i/axi_bram_ctrl_0/U0/gext_inst.abcv4_0_ext_inst/GEN_AXI4.I_FULL_AXI/I_RD_CHNL/FSM_sequential_GEN_NO_RD_CMD_OPT.rd_data_sm_cs_reg[0]/C
Min Period        n/a     FDRE/C              n/a            1.000         10.000      9.000      SLICE_X47Y65    poseidon_block_i/axi_bram_ctrl_0/U0/gext_inst.abcv4_0_ext_inst/GEN_AXI4.I_FULL_AXI/I_RD_CHNL/FSM_sequential_GEN_NO_RD_CMD_OPT.rd_data_sm_cs_reg[1]/C
Min Period        n/a     FDRE/C              n/a            1.000         10.000      9.000      SLICE_X47Y65    poseidon_block_i/axi_bram_ctrl_0/U0/gext_inst.abcv4_0_ext_inst/GEN_AXI4.I_FULL_AXI/I_RD_CHNL/FSM_sequential_GEN_NO_RD_CMD_OPT.rd_data_sm_cs_reg[2]/C
Min Period        n/a     FDRE/C              n/a            1.000         10.000      9.000      SLICE_X47Y65    poseidon_block_i/axi_bram_ctrl_0/U0/gext_inst.abcv4_0_ext_inst/GEN_AXI4.I_FULL_AXI/I_RD_CHNL/FSM_sequential_GEN_NO_RD_CMD_OPT.rd_data_sm_cs_reg[3]/C
Low Pulse Width   Slow    RAMD32/CLK          n/a            1.250         5.000       3.750      SLICE_X42Y73    poseidon_block_i/smartconnect_0/inst/m00_nodes/m00_ar_node/inst/inst_mi_handler/gen_normal_area.inst_fifo_node_payld/gen_xpm_memory_fifo.inst_fifo/gen_mem_rep[0].inst_xpm_memory/xpm_memory_base_inst/gen_wr_a.gen_word_narrow.mem_reg_0_31_0_5/RAMA/CLK
Low Pulse Width   Fast    RAMD32/CLK          n/a            1.250         5.000       3.750      SLICE_X42Y73    poseidon_block_i/smartconnect_0/inst/m00_nodes/m00_ar_node/inst/inst_mi_handler/gen_normal_area.inst_fifo_node_payld/gen_xpm_memory_fifo.inst_fifo/gen_mem_rep[0].inst_xpm_memory/xpm_memory_base_inst/gen_wr_a.gen_word_narrow.mem_reg_0_31_0_5/RAMA/CLK
Low Pulse Width   Slow    RAMD32/CLK          n/a            1.250         5.000       3.750      SLICE_X42Y73    poseidon_block_i/smartconnect_0/inst/m00_nodes/m00_ar_node/inst/inst_mi_handler/gen_normal_area.inst_fifo_node_payld/gen_xpm_memory_fifo.inst_fifo/gen_mem_rep[0].inst_xpm_memory/xpm_memory_base_inst/gen_wr_a.gen_word_narrow.mem_reg_0_31_0_5/RAMA_D1/CLK
Low Pulse Width   Fast    RAMD32/CLK          n/a            1.250         5.000       3.750      SLICE_X42Y73    poseidon_block_i/smartconnect_0/inst/m00_nodes/m00_ar_node/inst/inst_mi_handler/gen_normal_area.inst_fifo_node_payld/gen_xpm_memory_fifo.inst_fifo/gen_mem_rep[0].inst_xpm_memory/xpm_memory_base_inst/gen_wr_a.gen_word_narrow.mem_reg_0_31_0_5/RAMA_D1/CLK
Low Pulse Width   Slow    RAMD32/CLK          n/a            1.250         5.000       3.750      SLICE_X42Y73    poseidon_block_i/smartconnect_0/inst/m00_nodes/m00_ar_node/inst/inst_mi_handler/gen_normal_area.inst_fifo_node_payld/gen_xpm_memory_fifo.inst_fifo/gen_mem_rep[0].inst_xpm_memory/xpm_memory_base_inst/gen_wr_a.gen_word_narrow.mem_reg_0_31_0_5/RAMB/CLK
Low Pulse Width   Fast    RAMD32/CLK          n/a            1.250         5.000       3.750      SLICE_X42Y73    poseidon_block_i/smartconnect_0/inst/m00_nodes/m00_ar_node/inst/inst_mi_handler/gen_normal_area.inst_fifo_node_payld/gen_xpm_memory_fifo.inst_fifo/gen_mem_rep[0].inst_xpm_memory/xpm_memory_base_inst/gen_wr_a.gen_word_narrow.mem_reg_0_31_0_5/RAMB/CLK
Low Pulse Width   Slow    RAMD32/CLK          n/a            1.250         5.000       3.750      SLICE_X42Y73    poseidon_block_i/smartconnect_0/inst/m00_nodes/m00_ar_node/inst/inst_mi_handler/gen_normal_area.inst_fifo_node_payld/gen_xpm_memory_fifo.inst_fifo/gen_mem_rep[0].inst_xpm_memory/xpm_memory_base_inst/gen_wr_a.gen_word_narrow.mem_reg_0_31_0_5/RAMB_D1/CLK
Low Pulse Width   Fast    RAMD32/CLK          n/a            1.250         5.000       3.750      SLICE_X42Y73    poseidon_block_i/smartconnect_0/inst/m00_nodes/m00_ar_node/inst/inst_mi_handler/gen_normal_area.inst_fifo_node_payld/gen_xpm_memory_fifo.inst_fifo/gen_mem_rep[0].inst_xpm_memory/xpm_memory_base_inst/gen_wr_a.gen_word_narrow.mem_reg_0_31_0_5/RAMB_D1/CLK
Low Pulse Width   Slow    RAMD32/CLK          n/a            1.250         5.000       3.750      SLICE_X42Y73    poseidon_block_i/smartconnect_0/inst/m00_nodes/m00_ar_node/inst/inst_mi_handler/gen_normal_area.inst_fifo_node_payld/gen_xpm_memory_fifo.inst_fifo/gen_mem_rep[0].inst_xpm_memory/xpm_memory_base_inst/gen_wr_a.gen_word_narrow.mem_reg_0_31_0_5/RAMC/CLK
Low Pulse Width   Fast    RAMD32/CLK          n/a            1.250         5.000       3.750      SLICE_X42Y73    poseidon_block_i/smartconnect_0/inst/m00_nodes/m00_ar_node/inst/inst_mi_handler/gen_normal_area.inst_fifo_node_payld/gen_xpm_memory_fifo.inst_fifo/gen_mem_rep[0].inst_xpm_memory/xpm_memory_base_inst/gen_wr_a.gen_word_narrow.mem_reg_0_31_0_5/RAMC/CLK
High Pulse Width  Slow    RAMD32/CLK          n/a            1.250         5.000       3.750      SLICE_X42Y73    poseidon_block_i/smartconnect_0/inst/m00_nodes/m00_ar_node/inst/inst_mi_handler/gen_normal_area.inst_fifo_node_payld/gen_xpm_memory_fifo.inst_fifo/gen_mem_rep[0].inst_xpm_memory/xpm_memory_base_inst/gen_wr_a.gen_word_narrow.mem_reg_0_31_0_5/RAMA/CLK
High Pulse Width  Fast    RAMD32/CLK          n/a            1.250         5.000       3.750      SLICE_X42Y73    poseidon_block_i/smartconnect_0/inst/m00_nodes/m00_ar_node/inst/inst_mi_handler/gen_normal_area.inst_fifo_node_payld/gen_xpm_memory_fifo.inst_fifo/gen_mem_rep[0].inst_xpm_memory/xpm_memory_base_inst/gen_wr_a.gen_word_narrow.mem_reg_0_31_0_5/RAMA/CLK
High Pulse Width  Slow    RAMD32/CLK          n/a            1.250         5.000       3.750      SLICE_X42Y73    poseidon_block_i/smartconnect_0/inst/m00_nodes/m00_ar_node/inst/inst_mi_handler/gen_normal_area.inst_fifo_node_payld/gen_xpm_memory_fifo.inst_fifo/gen_mem_rep[0].inst_xpm_memory/xpm_memory_base_inst/gen_wr_a.gen_word_narrow.mem_reg_0_31_0_5/RAMA_D1/CLK
High Pulse Width  Fast    RAMD32/CLK          n/a            1.250         5.000       3.750      SLICE_X42Y73    poseidon_block_i/smartconnect_0/inst/m00_nodes/m00_ar_node/inst/inst_mi_handler/gen_normal_area.inst_fifo_node_payld/gen_xpm_memory_fifo.inst_fifo/gen_mem_rep[0].inst_xpm_memory/xpm_memory_base_inst/gen_wr_a.gen_word_narrow.mem_reg_0_31_0_5/RAMA_D1/CLK
High Pulse Width  Slow    RAMD32/CLK          n/a            1.250         5.000       3.750      SLICE_X42Y73    poseidon_block_i/smartconnect_0/inst/m00_nodes/m00_ar_node/inst/inst_mi_handler/gen_normal_area.inst_fifo_node_payld/gen_xpm_memory_fifo.inst_fifo/gen_mem_rep[0].inst_xpm_memory/xpm_memory_base_inst/gen_wr_a.gen_word_narrow.mem_reg_0_31_0_5/RAMB/CLK
High Pulse Width  Fast    RAMD32/CLK          n/a            1.250         5.000       3.750      SLICE_X42Y73    poseidon_block_i/smartconnect_0/inst/m00_nodes/m00_ar_node/inst/inst_mi_handler/gen_normal_area.inst_fifo_node_payld/gen_xpm_memory_fifo.inst_fifo/gen_mem_rep[0].inst_xpm_memory/xpm_memory_base_inst/gen_wr_a.gen_word_narrow.mem_reg_0_31_0_5/RAMB/CLK
High Pulse Width  Slow    RAMD32/CLK          n/a            1.250         5.000       3.750      SLICE_X42Y73    poseidon_block_i/smartconnect_0/inst/m00_nodes/m00_ar_node/inst/inst_mi_handler/gen_normal_area.inst_fifo_node_payld/gen_xpm_memory_fifo.inst_fifo/gen_mem_rep[0].inst_xpm_memory/xpm_memory_base_inst/gen_wr_a.gen_word_narrow.mem_reg_0_31_0_5/RAMB_D1/CLK
High Pulse Width  Fast    RAMD32/CLK          n/a            1.250         5.000       3.750      SLICE_X42Y73    poseidon_block_i/smartconnect_0/inst/m00_nodes/m00_ar_node/inst/inst_mi_handler/gen_normal_area.inst_fifo_node_payld/gen_xpm_memory_fifo.inst_fifo/gen_mem_rep[0].inst_xpm_memory/xpm_memory_base_inst/gen_wr_a.gen_word_narrow.mem_reg_0_31_0_5/RAMB_D1/CLK
High Pulse Width  Slow    RAMD32/CLK          n/a            1.250         5.000       3.750      SLICE_X42Y73    poseidon_block_i/smartconnect_0/inst/m00_nodes/m00_ar_node/inst/inst_mi_handler/gen_normal_area.inst_fifo_node_payld/gen_xpm_memory_fifo.inst_fifo/gen_mem_rep[0].inst_xpm_memory/xpm_memory_base_inst/gen_wr_a.gen_word_narrow.mem_reg_0_31_0_5/RAMC/CLK
High Pulse Width  Fast    RAMD32/CLK          n/a            1.250         5.000       3.750      SLICE_X42Y73    poseidon_block_i/smartconnect_0/inst/m00_nodes/m00_ar_node/inst/inst_mi_handler/gen_normal_area.inst_fifo_node_payld/gen_xpm_memory_fifo.inst_fifo/gen_mem_rep[0].inst_xpm_memory/xpm_memory_base_inst/gen_wr_a.gen_word_narrow.mem_reg_0_31_0_5/RAMC/CLK



--------------------------------------------------------------------------------------
Path Group:  (none)
From Clock:  
  To Clock:  clk_fpga_0

Max Delay             7 Endpoints
Min Delay             7 Endpoints
--------------------------------------------------------------------------------------


Max Delay Paths
--------------------------------------------------------------------------------------
Slack:                    inf
  Source:                 sws_2bits_tri_i[1]
                            (input port)
  Destination:            poseidon_block_i/switches/U0/gpio_core_1/Not_Dual.INPUT_DOUBLE_REGS3/syncstages_ff_reg[0][1]/D
                            (rising edge-triggered cell FDRE clocked by clk_fpga_0  {rise@0.000ns fall@5.000ns period=10.000ns})
  Path Group:             (none)
  Path Type:              Setup (Max at Slow Process Corner)
  Data Path Delay:        5.338ns  (logic 1.533ns (28.709%)  route 3.806ns (71.291%))
  Logic Levels:           1  (IBUF=1)
  Clock Path Skew:        2.712ns (DCD - SCD + CPR)
    Destination Clock Delay (DCD):    2.712ns
    Source Clock Delay      (SCD):    0.000ns
    Clock Pessimism Removal (CPR):    0.000ns
  Clock Uncertainty:      0.152ns  ((TSJ^2 + TIJ^2)^1/2 + DJ) / 2 + PE
    Total System Jitter     (TSJ):    0.050ns
    Total Input Jitter      (TIJ):    0.300ns
    Discrete Jitter          (DJ):    0.000ns
    Phase Error              (PE):    0.000ns
  Timing Exception:       False Path

    Location             Delay type                Incr(ns)  Path(ns)    Netlist Resource(s)
  -------------------------------------------------------------------    -------------------
    M19                                               0.000     0.000 r  sws_2bits_tri_i[1] (IN)
                         net (fo=0)                   0.000     0.000    sws_2bits_tri_i[1]
    M19                  IBUF (Prop_ibuf_I_O)         1.533     1.533 r  sws_2bits_tri_i_IBUF[1]_inst/O
                         net (fo=1, routed)           3.806     5.338    poseidon_block_i/switches/U0/gpio_core_1/Not_Dual.INPUT_DOUBLE_REGS3/async_path_bit[1]
    SLICE_X57Y87         FDRE                                         r  poseidon_block_i/switches/U0/gpio_core_1/Not_Dual.INPUT_DOUBLE_REGS3/syncstages_ff_reg[0][1]/D
  -------------------------------------------------------------------    -------------------

                         (clock clk_fpga_0 rise edge)
                                                      0.000     0.000 r  
    PS7_X0Y0             PS7                          0.000     0.000 r  poseidon_block_i/processing_system7/inst/PS7_i/FCLKCLK[0]
                         net (fo=1, routed)           1.088     1.088    poseidon_block_i/processing_system7/inst/FCLK_CLK_unbuffered[0]
    BUFGCTRL_X0Y16       BUFG (Prop_bufg_I_O)         0.091     1.179 r  poseidon_block_i/processing_system7/inst/buffer_fclk_clk_0.FCLK_CLK_0_BUFG/O
                         net (fo=7403, routed)        1.533     2.712    poseidon_block_i/switches/U0/gpio_core_1/Not_Dual.INPUT_DOUBLE_REGS3/dest_clk
    SLICE_X57Y87         FDRE                                         r  poseidon_block_i/switches/U0/gpio_core_1/Not_Dual.INPUT_DOUBLE_REGS3/syncstages_ff_reg[0][1]/C

Slack:                    inf
  Source:                 sws_2bits_tri_i[0]
                            (input port)
  Destination:            poseidon_block_i/switches/U0/gpio_core_1/Not_Dual.INPUT_DOUBLE_REGS3/syncstages_ff_reg[0][0]/D
                            (rising edge-triggered cell FDRE clocked by clk_fpga_0  {rise@0.000ns fall@5.000ns period=10.000ns})
  Path Group:             (none)
  Path Type:              Setup (Max at Slow Process Corner)
  Data Path Delay:        5.251ns  (logic 1.542ns (29.369%)  route 3.709ns (70.631%))
  Logic Levels:           1  (IBUF=1)
  Clock Path Skew:        2.714ns (DCD - SCD + CPR)
    Destination Clock Delay (DCD):    2.714ns
    Source Clock Delay      (SCD):    0.000ns
    Clock Pessimism Removal (CPR):    0.000ns
  Clock Uncertainty:      0.152ns  ((TSJ^2 + TIJ^2)^1/2 + DJ) / 2 + PE
    Total System Jitter     (TSJ):    0.050ns
    Total Input Jitter      (TIJ):    0.300ns
    Discrete Jitter          (DJ):    0.000ns
    Phase Error              (PE):    0.000ns
  Timing Exception:       False Path

    Location             Delay type                Incr(ns)  Path(ns)    Netlist Resource(s)
  -------------------------------------------------------------------    -------------------
    M20                                               0.000     0.000 r  sws_2bits_tri_i[0] (IN)
                         net (fo=0)                   0.000     0.000    sws_2bits_tri_i[0]
    M20                  IBUF (Prop_ibuf_I_O)         1.542     1.542 r  sws_2bits_tri_i_IBUF[0]_inst/O
                         net (fo=1, routed)           3.709     5.251    poseidon_block_i/switches/U0/gpio_core_1/Not_Dual.INPUT_DOUBLE_REGS3/async_path_bit[0]
    SLICE_X56Y89         FDRE                                         r  poseidon_block_i/switches/U0/gpio_core_1/Not_Dual.INPUT_DOUBLE_REGS3/syncstages_ff_reg[0][0]/D
  -------------------------------------------------------------------    -------------------

                         (clock clk_fpga_0 rise edge)
                                                      0.000     0.000 r  
    PS7_X0Y0             PS7                          0.000     0.000 r  poseidon_block_i/processing_system7/inst/PS7_i/FCLKCLK[0]
                         net (fo=1, routed)           1.088     1.088    poseidon_block_i/processing_system7/inst/FCLK_CLK_unbuffered[0]
    BUFGCTRL_X0Y16       BUFG (Prop_bufg_I_O)         0.091     1.179 r  poseidon_block_i/processing_system7/inst/buffer_fclk_clk_0.FCLK_CLK_0_BUFG/O
                         net (fo=7403, routed)        1.535     2.714    poseidon_block_i/switches/U0/gpio_core_1/Not_Dual.INPUT_DOUBLE_REGS3/dest_clk
    SLICE_X56Y89         FDRE                                         r  poseidon_block_i/switches/U0/gpio_core_1/Not_Dual.INPUT_DOUBLE_REGS3/syncstages_ff_reg[0][0]/C

Slack:                    inf
  Source:                 leds_4bits_tri_io[3]
                            (input port)
  Destination:            poseidon_block_i/leds/U0/gpio_core_1/Not_Dual.INPUT_DOUBLE_REGS3/syncstages_ff_reg[0][3]/D
                            (rising edge-triggered cell FDRE clocked by clk_fpga_0  {rise@0.000ns fall@5.000ns period=10.000ns})
  Path Group:             (none)
  Path Type:              Setup (Max at Slow Process Corner)
  Data Path Delay:        4.246ns  (logic 1.526ns (35.941%)  route 2.720ns (64.059%))
  Logic Levels:           1  (IBUF=1)
  Clock Path Skew:        2.715ns (DCD - SCD + CPR)
    Destination Clock Delay (DCD):    2.715ns
    Source Clock Delay      (SCD):    0.000ns
    Clock Pessimism Removal (CPR):    0.000ns
  Clock Uncertainty:      0.152ns  ((TSJ^2 + TIJ^2)^1/2 + DJ) / 2 + PE
    Total System Jitter     (TSJ):    0.050ns
    Total Input Jitter      (TIJ):    0.300ns
    Discrete Jitter          (DJ):    0.000ns
    Phase Error              (PE):    0.000ns
  Timing Exception:       False Path

    Location             Delay type                Incr(ns)  Path(ns)    Netlist Resource(s)
  -------------------------------------------------------------------    -------------------
    M14                                               0.000     0.000 r  leds_4bits_tri_io[3] (INOUT)
                         net (fo=1, unset)            0.000     0.000    leds_4bits_tri_iobuf_3/IO
    M14                  IBUF (Prop_ibuf_I_O)         1.526     1.526 r  leds_4bits_tri_iobuf_3/IBUF/O
                         net (fo=1, routed)           2.720     4.246    poseidon_block_i/leds/U0/gpio_core_1/Not_Dual.INPUT_DOUBLE_REGS3/async_path_bit[3]
    SLICE_X67Y86         FDRE                                         r  poseidon_block_i/leds/U0/gpio_core_1/Not_Dual.INPUT_DOUBLE_REGS3/syncstages_ff_reg[0][3]/D
  -------------------------------------------------------------------    -------------------

                         (clock clk_fpga_0 rise edge)
                                                      0.000     0.000 r  
    PS7_X0Y0             PS7                          0.000     0.000 r  poseidon_block_i/processing_system7/inst/PS7_i/FCLKCLK[0]
                         net (fo=1, routed)           1.088     1.088    poseidon_block_i/processing_system7/inst/FCLK_CLK_unbuffered[0]
    BUFGCTRL_X0Y16       BUFG (Prop_bufg_I_O)         0.091     1.179 r  poseidon_block_i/processing_system7/inst/buffer_fclk_clk_0.FCLK_CLK_0_BUFG/O
                         net (fo=7403, routed)        1.536     2.715    poseidon_block_i/leds/U0/gpio_core_1/Not_Dual.INPUT_DOUBLE_REGS3/dest_clk
    SLICE_X67Y86         FDRE                                         r  poseidon_block_i/leds/U0/gpio_core_1/Not_Dual.INPUT_DOUBLE_REGS3/syncstages_ff_reg[0][3]/C

Slack:                    inf
  Source:                 leds_4bits_tri_io[2]
                            (input port)
  Destination:            poseidon_block_i/leds/U0/gpio_core_1/Not_Dual.INPUT_DOUBLE_REGS3/syncstages_ff_reg[0][2]/D
                            (rising edge-triggered cell FDRE clocked by clk_fpga_0  {rise@0.000ns fall@5.000ns period=10.000ns})
  Path Group:             (none)
  Path Type:              Setup (Max at Slow Process Corner)
  Data Path Delay:        3.918ns  (logic 1.518ns (38.736%)  route 2.400ns (61.264%))
  Logic Levels:           1  (IBUF=1)
  Clock Path Skew:        2.722ns (DCD - SCD + CPR)
    Destination Clock Delay (DCD):    2.722ns
    Source Clock Delay      (SCD):    0.000ns
    Clock Pessimism Removal (CPR):    0.000ns
  Clock Uncertainty:      0.152ns  ((TSJ^2 + TIJ^2)^1/2 + DJ) / 2 + PE
    Total System Jitter     (TSJ):    0.050ns
    Total Input Jitter      (TIJ):    0.300ns
    Discrete Jitter          (DJ):    0.000ns
    Phase Error              (PE):    0.000ns
  Timing Exception:       False Path

    Location             Delay type                Incr(ns)  Path(ns)    Netlist Resource(s)
  -------------------------------------------------------------------    -------------------
    N16                                               0.000     0.000 r  leds_4bits_tri_io[2] (INOUT)
                         net (fo=1, unset)            0.000     0.000    leds_4bits_tri_iobuf_2/IO
    N16                  IBUF (Prop_ibuf_I_O)         1.518     1.518 r  leds_4bits_tri_iobuf_2/IBUF/O
                         net (fo=1, routed)           2.400     3.918    poseidon_block_i/leds/U0/gpio_core_1/Not_Dual.INPUT_DOUBLE_REGS3/async_path_bit[2]
    SLICE_X80Y90         FDRE                                         r  poseidon_block_i/leds/U0/gpio_core_1/Not_Dual.INPUT_DOUBLE_REGS3/syncstages_ff_reg[0][2]/D
  -------------------------------------------------------------------    -------------------

                         (clock clk_fpga_0 rise edge)
                                                      0.000     0.000 r  
    PS7_X0Y0             PS7                          0.000     0.000 r  poseidon_block_i/processing_system7/inst/PS7_i/FCLKCLK[0]
                         net (fo=1, routed)           1.088     1.088    poseidon_block_i/processing_system7/inst/FCLK_CLK_unbuffered[0]
    BUFGCTRL_X0Y16       BUFG (Prop_bufg_I_O)         0.091     1.179 r  poseidon_block_i/processing_system7/inst/buffer_fclk_clk_0.FCLK_CLK_0_BUFG/O
                         net (fo=7403, routed)        1.543     2.722    poseidon_block_i/leds/U0/gpio_core_1/Not_Dual.INPUT_DOUBLE_REGS3/dest_clk
    SLICE_X80Y90         FDRE                                         r  poseidon_block_i/leds/U0/gpio_core_1/Not_Dual.INPUT_DOUBLE_REGS3/syncstages_ff_reg[0][2]/C

Slack:                    inf
  Source:                 leds_4bits_tri_io[1]
                            (input port)
  Destination:            poseidon_block_i/leds/U0/gpio_core_1/Not_Dual.INPUT_DOUBLE_REGS3/syncstages_ff_reg[0][1]/D
                            (rising edge-triggered cell FDRE clocked by clk_fpga_0  {rise@0.000ns fall@5.000ns period=10.000ns})
  Path Group:             (none)
  Path Type:              Setup (Max at Slow Process Corner)
  Data Path Delay:        3.586ns  (logic 1.503ns (41.898%)  route 2.084ns (58.102%))
  Logic Levels:           1  (IBUF=1)
  Clock Path Skew:        2.720ns (DCD - SCD + CPR)
    Destination Clock Delay (DCD):    2.720ns
    Source Clock Delay      (SCD):    0.000ns
    Clock Pessimism Removal (CPR):    0.000ns
  Clock Uncertainty:      0.152ns  ((TSJ^2 + TIJ^2)^1/2 + DJ) / 2 + PE
    Total System Jitter     (TSJ):    0.050ns
    Total Input Jitter      (TIJ):    0.300ns
    Discrete Jitter          (DJ):    0.000ns
    Phase Error              (PE):    0.000ns
  Timing Exception:       False Path

    Location             Delay type                Incr(ns)  Path(ns)    Netlist Resource(s)
  -------------------------------------------------------------------    -------------------
    P14                                               0.000     0.000 r  leds_4bits_tri_io[1] (INOUT)
                         net (fo=1, unset)            0.000     0.000    leds_4bits_tri_iobuf_1/IO
    P14                  IBUF (Prop_ibuf_I_O)         1.503     1.503 r  leds_4bits_tri_iobuf_1/IBUF/O
                         net (fo=1, routed)           2.084     3.586    poseidon_block_i/leds/U0/gpio_core_1/Not_Dual.INPUT_DOUBLE_REGS3/async_path_bit[1]
    SLICE_X80Y87         FDRE                                         r  poseidon_block_i/leds/U0/gpio_core_1/Not_Dual.INPUT_DOUBLE_REGS3/syncstages_ff_reg[0][1]/D
  -------------------------------------------------------------------    -------------------

                         (clock clk_fpga_0 rise edge)
                                                      0.000     0.000 r  
    PS7_X0Y0             PS7                          0.000     0.000 r  poseidon_block_i/processing_system7/inst/PS7_i/FCLKCLK[0]
                         net (fo=1, routed)           1.088     1.088    poseidon_block_i/processing_system7/inst/FCLK_CLK_unbuffered[0]
    BUFGCTRL_X0Y16       BUFG (Prop_bufg_I_O)         0.091     1.179 r  poseidon_block_i/processing_system7/inst/buffer_fclk_clk_0.FCLK_CLK_0_BUFG/O
                         net (fo=7403, routed)        1.541     2.720    poseidon_block_i/leds/U0/gpio_core_1/Not_Dual.INPUT_DOUBLE_REGS3/dest_clk
    SLICE_X80Y87         FDRE                                         r  poseidon_block_i/leds/U0/gpio_core_1/Not_Dual.INPUT_DOUBLE_REGS3/syncstages_ff_reg[0][1]/C

Slack:                    inf
  Source:                 leds_4bits_tri_io[0]
                            (input port)
  Destination:            poseidon_block_i/leds/U0/gpio_core_1/Not_Dual.INPUT_DOUBLE_REGS3/syncstages_ff_reg[0][0]/D
                            (rising edge-triggered cell FDRE clocked by clk_fpga_0  {rise@0.000ns fall@5.000ns period=10.000ns})
  Path Group:             (none)
  Path Type:              Setup (Max at Slow Process Corner)
  Data Path Delay:        3.426ns  (logic 1.475ns (43.052%)  route 1.951ns (56.948%))
  Logic Levels:           1  (IBUF=1)
  Clock Path Skew:        2.720ns (DCD - SCD + CPR)
    Destination Clock Delay (DCD):    2.720ns
    Source Clock Delay      (SCD):    0.000ns
    Clock Pessimism Removal (CPR):    0.000ns
  Clock Uncertainty:      0.152ns  ((TSJ^2 + TIJ^2)^1/2 + DJ) / 2 + PE
    Total System Jitter     (TSJ):    0.050ns
    Total Input Jitter      (TIJ):    0.300ns
    Discrete Jitter          (DJ):    0.000ns
    Phase Error              (PE):    0.000ns
  Timing Exception:       False Path

    Location             Delay type                Incr(ns)  Path(ns)    Netlist Resource(s)
  -------------------------------------------------------------------    -------------------
    R14                                               0.000     0.000 r  leds_4bits_tri_io[0] (INOUT)
                         net (fo=1, unset)            0.000     0.000    leds_4bits_tri_iobuf_0/IO
    R14                  IBUF (Prop_ibuf_I_O)         1.475     1.475 r  leds_4bits_tri_iobuf_0/IBUF/O
                         net (fo=1, routed)           1.951     3.426    poseidon_block_i/leds/U0/gpio_core_1/Not_Dual.INPUT_DOUBLE_REGS3/async_path_bit[0]
    SLICE_X81Y87         FDRE                                         r  poseidon_block_i/leds/U0/gpio_core_1/Not_Dual.INPUT_DOUBLE_REGS3/syncstages_ff_reg[0][0]/D
  -------------------------------------------------------------------    -------------------

                         (clock clk_fpga_0 rise edge)
                                                      0.000     0.000 r  
    PS7_X0Y0             PS7                          0.000     0.000 r  poseidon_block_i/processing_system7/inst/PS7_i/FCLKCLK[0]
                         net (fo=1, routed)           1.088     1.088    poseidon_block_i/processing_system7/inst/FCLK_CLK_unbuffered[0]
    BUFGCTRL_X0Y16       BUFG (Prop_bufg_I_O)         0.091     1.179 r  poseidon_block_i/processing_system7/inst/buffer_fclk_clk_0.FCLK_CLK_0_BUFG/O
                         net (fo=7403, routed)        1.541     2.720    poseidon_block_i/leds/U0/gpio_core_1/Not_Dual.INPUT_DOUBLE_REGS3/dest_clk
    SLICE_X81Y87         FDRE                                         r  poseidon_block_i/leds/U0/gpio_core_1/Not_Dual.INPUT_DOUBLE_REGS3/syncstages_ff_reg[0][0]/C

Slack:                    inf
  Source:                 poseidon_block_i/processing_system7/inst/PS7_i/FCLKRESETN[0]
                            (internal pin)
  Destination:            poseidon_block_i/rst_ps7_0_100M/U0/EXT_LPF/ACTIVE_LOW_EXT.ACT_LO_EXT/syncstages_ff_reg[0]/D
                            (rising edge-triggered cell FDRE clocked by clk_fpga_0  {rise@0.000ns fall@5.000ns period=10.000ns})
  Path Group:             (none)
  Path Type:              Setup (Max at Slow Process Corner)
  Data Path Delay:        2.096ns  (logic 0.124ns (5.915%)  route 1.972ns (94.085%))
  Logic Levels:           1  (LUT1=1)
  Clock Uncertainty:      0.152ns  ((TSJ^2 + TIJ^2)^1/2 + DJ) / 2 + PE
    Total System Jitter     (TSJ):    0.050ns
    Total Input Jitter      (TIJ):    0.300ns
    Discrete Jitter          (DJ):    0.000ns
    Phase Error              (PE):    0.000ns
  Timing Exception:       False Path

    Location             Delay type                Incr(ns)  Path(ns)    Netlist Resource(s)
  -------------------------------------------------------------------    -------------------
    PS7_X0Y0             PS7                          0.000     0.000 f  poseidon_block_i/processing_system7/inst/PS7_i/FCLKRESETN[0]
                         net (fo=1, routed)           1.972     1.972    poseidon_block_i/rst_ps7_0_100M/U0/EXT_LPF/ext_reset_in
    SLICE_X42Y121        LUT1 (Prop_lut1_I0_O)        0.124     2.096 r  poseidon_block_i/rst_ps7_0_100M/U0/EXT_LPF/ACTIVE_LOW_EXT.ACT_LO_EXT_i_1/O
                         net (fo=1, routed)           0.000     2.096    poseidon_block_i/rst_ps7_0_100M/U0/EXT_LPF/ACTIVE_LOW_EXT.ACT_LO_EXT/src_in
    SLICE_X42Y121        FDRE                                         r  poseidon_block_i/rst_ps7_0_100M/U0/EXT_LPF/ACTIVE_LOW_EXT.ACT_LO_EXT/syncstages_ff_reg[0]/D
  -------------------------------------------------------------------    -------------------

                         (clock clk_fpga_0 rise edge)
                                                      0.000     0.000 r  
    PS7_X0Y0             PS7                          0.000     0.000 r  poseidon_block_i/processing_system7/inst/PS7_i/FCLKCLK[0]
                         net (fo=1, routed)           1.088     1.088    poseidon_block_i/processing_system7/inst/FCLK_CLK_unbuffered[0]
    BUFGCTRL_X0Y16       BUFG (Prop_bufg_I_O)         0.091     1.179 r  poseidon_block_i/processing_system7/inst/buffer_fclk_clk_0.FCLK_CLK_0_BUFG/O
                         net (fo=7403, routed)        1.641     2.820    poseidon_block_i/rst_ps7_0_100M/U0/EXT_LPF/ACTIVE_LOW_EXT.ACT_LO_EXT/dest_clk
    SLICE_X42Y121        FDRE                                         r  poseidon_block_i/rst_ps7_0_100M/U0/EXT_LPF/ACTIVE_LOW_EXT.ACT_LO_EXT/syncstages_ff_reg[0]/C





Min Delay Paths
--------------------------------------------------------------------------------------
Slack:                    inf
  Source:                 poseidon_block_i/processing_system7/inst/PS7_i/FCLKRESETN[0]
                            (internal pin)
  Destination:            poseidon_block_i/rst_ps7_0_100M/U0/EXT_LPF/ACTIVE_LOW_EXT.ACT_LO_EXT/syncstages_ff_reg[0]/D
                            (rising edge-triggered cell FDRE clocked by clk_fpga_0  {rise@0.000ns fall@5.000ns period=10.000ns})
  Path Group:             (none)
  Path Type:              Hold (Min at Fast Process Corner)
  Data Path Delay:        0.894ns  (logic 0.045ns (5.032%)  route 0.849ns (94.968%))
  Logic Levels:           1  (LUT1=1)
  Clock Uncertainty:      0.152ns  ((TSJ^2 + TIJ^2)^1/2 + DJ) / 2 + PE
    Total System Jitter     (TSJ):    0.050ns
    Total Input Jitter      (TIJ):    0.300ns
    Discrete Jitter          (DJ):    0.000ns
    Phase Error              (PE):    0.000ns
  Timing Exception:       False Path

    Location             Delay type                Incr(ns)  Path(ns)    Netlist Resource(s)
  -------------------------------------------------------------------    -------------------
    PS7_X0Y0             PS7                          0.000     0.000 f  poseidon_block_i/processing_system7/inst/PS7_i/FCLKRESETN[0]
                         net (fo=1, routed)           0.849     0.849    poseidon_block_i/rst_ps7_0_100M/U0/EXT_LPF/ext_reset_in
    SLICE_X42Y121        LUT1 (Prop_lut1_I0_O)        0.045     0.894 r  poseidon_block_i/rst_ps7_0_100M/U0/EXT_LPF/ACTIVE_LOW_EXT.ACT_LO_EXT_i_1/O
                         net (fo=1, routed)           0.000     0.894    poseidon_block_i/rst_ps7_0_100M/U0/EXT_LPF/ACTIVE_LOW_EXT.ACT_LO_EXT/src_in
    SLICE_X42Y121        FDRE                                         r  poseidon_block_i/rst_ps7_0_100M/U0/EXT_LPF/ACTIVE_LOW_EXT.ACT_LO_EXT/syncstages_ff_reg[0]/D
  -------------------------------------------------------------------    -------------------

                         (clock clk_fpga_0 rise edge)
                                                      0.000     0.000 r  
    PS7_X0Y0             PS7                          0.000     0.000 r  poseidon_block_i/processing_system7/inst/PS7_i/FCLKCLK[0]
                         net (fo=1, routed)           0.337     0.337    poseidon_block_i/processing_system7/inst/FCLK_CLK_unbuffered[0]
    BUFGCTRL_X0Y16       BUFG (Prop_bufg_I_O)         0.029     0.366 r  poseidon_block_i/processing_system7/inst/buffer_fclk_clk_0.FCLK_CLK_0_BUFG/O
                         net (fo=7403, routed)        0.898     1.264    poseidon_block_i/rst_ps7_0_100M/U0/EXT_LPF/ACTIVE_LOW_EXT.ACT_LO_EXT/dest_clk
    SLICE_X42Y121        FDRE                                         r  poseidon_block_i/rst_ps7_0_100M/U0/EXT_LPF/ACTIVE_LOW_EXT.ACT_LO_EXT/syncstages_ff_reg[0]/C

Slack:                    inf
  Source:                 leds_4bits_tri_io[0]
                            (input port)
  Destination:            poseidon_block_i/leds/U0/gpio_core_1/Not_Dual.INPUT_DOUBLE_REGS3/syncstages_ff_reg[0][0]/D
                            (rising edge-triggered cell FDRE clocked by clk_fpga_0  {rise@0.000ns fall@5.000ns period=10.000ns})
  Path Group:             (none)
  Path Type:              Hold (Min at Fast Process Corner)
  Data Path Delay:        1.114ns  (logic 0.243ns (21.804%)  route 0.871ns (78.196%))
  Logic Levels:           1  (IBUF=1)
  Clock Path Skew:        1.214ns (DCD - SCD - CPR)
    Destination Clock Delay (DCD):    1.214ns
    Source Clock Delay      (SCD):    0.000ns
    Clock Pessimism Removal (CPR):    -0.000ns
  Timing Exception:       False Path

    Location             Delay type                Incr(ns)  Path(ns)    Netlist Resource(s)
  -------------------------------------------------------------------    -------------------
    R14                                               0.000     0.000 r  leds_4bits_tri_io[0] (INOUT)
                         net (fo=1, unset)            0.000     0.000    leds_4bits_tri_iobuf_0/IO
    R14                  IBUF (Prop_ibuf_I_O)         0.243     0.243 r  leds_4bits_tri_iobuf_0/IBUF/O
                         net (fo=1, routed)           0.871     1.114    poseidon_block_i/leds/U0/gpio_core_1/Not_Dual.INPUT_DOUBLE_REGS3/async_path_bit[0]
    SLICE_X81Y87         FDRE                                         r  poseidon_block_i/leds/U0/gpio_core_1/Not_Dual.INPUT_DOUBLE_REGS3/syncstages_ff_reg[0][0]/D
  -------------------------------------------------------------------    -------------------

                         (clock clk_fpga_0 rise edge)
                                                      0.000     0.000 r  
    PS7_X0Y0             PS7                          0.000     0.000 r  poseidon_block_i/processing_system7/inst/PS7_i/FCLKCLK[0]
                         net (fo=1, routed)           0.337     0.337    poseidon_block_i/processing_system7/inst/FCLK_CLK_unbuffered[0]
    BUFGCTRL_X0Y16       BUFG (Prop_bufg_I_O)         0.029     0.366 r  poseidon_block_i/processing_system7/inst/buffer_fclk_clk_0.FCLK_CLK_0_BUFG/O
                         net (fo=7403, routed)        0.848     1.214    poseidon_block_i/leds/U0/gpio_core_1/Not_Dual.INPUT_DOUBLE_REGS3/dest_clk
    SLICE_X81Y87         FDRE                                         r  poseidon_block_i/leds/U0/gpio_core_1/Not_Dual.INPUT_DOUBLE_REGS3/syncstages_ff_reg[0][0]/C

Slack:                    inf
  Source:                 leds_4bits_tri_io[1]
                            (input port)
  Destination:            poseidon_block_i/leds/U0/gpio_core_1/Not_Dual.INPUT_DOUBLE_REGS3/syncstages_ff_reg[0][1]/D
                            (rising edge-triggered cell FDRE clocked by clk_fpga_0  {rise@0.000ns fall@5.000ns period=10.000ns})
  Path Group:             (none)
  Path Type:              Hold (Min at Fast Process Corner)
  Data Path Delay:        1.204ns  (logic 0.270ns (22.442%)  route 0.934ns (77.558%))
  Logic Levels:           1  (IBUF=1)
  Clock Path Skew:        1.214ns (DCD - SCD - CPR)
    Destination Clock Delay (DCD):    1.214ns
    Source Clock Delay      (SCD):    0.000ns
    Clock Pessimism Removal (CPR):    -0.000ns
  Timing Exception:       False Path

    Location             Delay type                Incr(ns)  Path(ns)    Netlist Resource(s)
  -------------------------------------------------------------------    -------------------
    P14                                               0.000     0.000 r  leds_4bits_tri_io[1] (INOUT)
                         net (fo=1, unset)            0.000     0.000    leds_4bits_tri_iobuf_1/IO
    P14                  IBUF (Prop_ibuf_I_O)         0.270     0.270 r  leds_4bits_tri_iobuf_1/IBUF/O
                         net (fo=1, routed)           0.934     1.204    poseidon_block_i/leds/U0/gpio_core_1/Not_Dual.INPUT_DOUBLE_REGS3/async_path_bit[1]
    SLICE_X80Y87         FDRE                                         r  poseidon_block_i/leds/U0/gpio_core_1/Not_Dual.INPUT_DOUBLE_REGS3/syncstages_ff_reg[0][1]/D
  -------------------------------------------------------------------    -------------------

                         (clock clk_fpga_0 rise edge)
                                                      0.000     0.000 r  
    PS7_X0Y0             PS7                          0.000     0.000 r  poseidon_block_i/processing_system7/inst/PS7_i/FCLKCLK[0]
                         net (fo=1, routed)           0.337     0.337    poseidon_block_i/processing_system7/inst/FCLK_CLK_unbuffered[0]
    BUFGCTRL_X0Y16       BUFG (Prop_bufg_I_O)         0.029     0.366 r  poseidon_block_i/processing_system7/inst/buffer_fclk_clk_0.FCLK_CLK_0_BUFG/O
                         net (fo=7403, routed)        0.848     1.214    poseidon_block_i/leds/U0/gpio_core_1/Not_Dual.INPUT_DOUBLE_REGS3/dest_clk
    SLICE_X80Y87         FDRE                                         r  poseidon_block_i/leds/U0/gpio_core_1/Not_Dual.INPUT_DOUBLE_REGS3/syncstages_ff_reg[0][1]/C

Slack:                    inf
  Source:                 leds_4bits_tri_io[2]
                            (input port)
  Destination:            poseidon_block_i/leds/U0/gpio_core_1/Not_Dual.INPUT_DOUBLE_REGS3/syncstages_ff_reg[0][2]/D
                            (rising edge-triggered cell FDRE clocked by clk_fpga_0  {rise@0.000ns fall@5.000ns period=10.000ns})
  Path Group:             (none)
  Path Type:              Hold (Min at Fast Process Corner)
  Data Path Delay:        1.374ns  (logic 0.285ns (20.744%)  route 1.089ns (79.256%))
  Logic Levels:           1  (IBUF=1)
  Clock Path Skew:        1.217ns (DCD - SCD - CPR)
    Destination Clock Delay (DCD):    1.217ns
    Source Clock Delay      (SCD):    0.000ns
    Clock Pessimism Removal (CPR):    -0.000ns
  Timing Exception:       False Path

    Location             Delay type                Incr(ns)  Path(ns)    Netlist Resource(s)
  -------------------------------------------------------------------    -------------------
    N16                                               0.000     0.000 r  leds_4bits_tri_io[2] (INOUT)
                         net (fo=1, unset)            0.000     0.000    leds_4bits_tri_iobuf_2/IO
    N16                  IBUF (Prop_ibuf_I_O)         0.285     0.285 r  leds_4bits_tri_iobuf_2/IBUF/O
                         net (fo=1, routed)           1.089     1.374    poseidon_block_i/leds/U0/gpio_core_1/Not_Dual.INPUT_DOUBLE_REGS3/async_path_bit[2]
    SLICE_X80Y90         FDRE                                         r  poseidon_block_i/leds/U0/gpio_core_1/Not_Dual.INPUT_DOUBLE_REGS3/syncstages_ff_reg[0][2]/D
  -------------------------------------------------------------------    -------------------

                         (clock clk_fpga_0 rise edge)
                                                      0.000     0.000 r  
    PS7_X0Y0             PS7                          0.000     0.000 r  poseidon_block_i/processing_system7/inst/PS7_i/FCLKCLK[0]
                         net (fo=1, routed)           0.337     0.337    poseidon_block_i/processing_system7/inst/FCLK_CLK_unbuffered[0]
    BUFGCTRL_X0Y16       BUFG (Prop_bufg_I_O)         0.029     0.366 r  poseidon_block_i/processing_system7/inst/buffer_fclk_clk_0.FCLK_CLK_0_BUFG/O
                         net (fo=7403, routed)        0.851     1.217    poseidon_block_i/leds/U0/gpio_core_1/Not_Dual.INPUT_DOUBLE_REGS3/dest_clk
    SLICE_X80Y90         FDRE                                         r  poseidon_block_i/leds/U0/gpio_core_1/Not_Dual.INPUT_DOUBLE_REGS3/syncstages_ff_reg[0][2]/C

Slack:                    inf
  Source:                 leds_4bits_tri_io[3]
                            (input port)
  Destination:            poseidon_block_i/leds/U0/gpio_core_1/Not_Dual.INPUT_DOUBLE_REGS3/syncstages_ff_reg[0][3]/D
                            (rising edge-triggered cell FDRE clocked by clk_fpga_0  {rise@0.000ns fall@5.000ns period=10.000ns})
  Path Group:             (none)
  Path Type:              Hold (Min at Fast Process Corner)
  Data Path Delay:        1.578ns  (logic 0.294ns (18.606%)  route 1.284ns (81.394%))
  Logic Levels:           1  (IBUF=1)
  Clock Path Skew:        1.209ns (DCD - SCD - CPR)
    Destination Clock Delay (DCD):    1.209ns
    Source Clock Delay      (SCD):    0.000ns
    Clock Pessimism Removal (CPR):    -0.000ns
  Timing Exception:       False Path

    Location             Delay type                Incr(ns)  Path(ns)    Netlist Resource(s)
  -------------------------------------------------------------------    -------------------
    M14                                               0.000     0.000 r  leds_4bits_tri_io[3] (INOUT)
                         net (fo=1, unset)            0.000     0.000    leds_4bits_tri_iobuf_3/IO
    M14                  IBUF (Prop_ibuf_I_O)         0.294     0.294 r  leds_4bits_tri_iobuf_3/IBUF/O
                         net (fo=1, routed)           1.284     1.578    poseidon_block_i/leds/U0/gpio_core_1/Not_Dual.INPUT_DOUBLE_REGS3/async_path_bit[3]
    SLICE_X67Y86         FDRE                                         r  poseidon_block_i/leds/U0/gpio_core_1/Not_Dual.INPUT_DOUBLE_REGS3/syncstages_ff_reg[0][3]/D
  -------------------------------------------------------------------    -------------------

                         (clock clk_fpga_0 rise edge)
                                                      0.000     0.000 r  
    PS7_X0Y0             PS7                          0.000     0.000 r  poseidon_block_i/processing_system7/inst/PS7_i/FCLKCLK[0]
                         net (fo=1, routed)           0.337     0.337    poseidon_block_i/processing_system7/inst/FCLK_CLK_unbuffered[0]
    BUFGCTRL_X0Y16       BUFG (Prop_bufg_I_O)         0.029     0.366 r  poseidon_block_i/processing_system7/inst/buffer_fclk_clk_0.FCLK_CLK_0_BUFG/O
                         net (fo=7403, routed)        0.843     1.209    poseidon_block_i/leds/U0/gpio_core_1/Not_Dual.INPUT_DOUBLE_REGS3/dest_clk
    SLICE_X67Y86         FDRE                                         r  poseidon_block_i/leds/U0/gpio_core_1/Not_Dual.INPUT_DOUBLE_REGS3/syncstages_ff_reg[0][3]/C

Slack:                    inf
  Source:                 sws_2bits_tri_i[0]
                            (input port)
  Destination:            poseidon_block_i/switches/U0/gpio_core_1/Not_Dual.INPUT_DOUBLE_REGS3/syncstages_ff_reg[0][0]/D
                            (rising edge-triggered cell FDRE clocked by clk_fpga_0  {rise@0.000ns fall@5.000ns period=10.000ns})
  Path Group:             (none)
  Path Type:              Hold (Min at Fast Process Corner)
  Data Path Delay:        2.051ns  (logic 0.309ns (15.092%)  route 1.741ns (84.908%))
  Logic Levels:           1  (IBUF=1)
  Clock Path Skew:        1.211ns (DCD - SCD - CPR)
    Destination Clock Delay (DCD):    1.211ns
    Source Clock Delay      (SCD):    0.000ns
    Clock Pessimism Removal (CPR):    -0.000ns
  Timing Exception:       False Path

    Location             Delay type                Incr(ns)  Path(ns)    Netlist Resource(s)
  -------------------------------------------------------------------    -------------------
    M20                                               0.000     0.000 r  sws_2bits_tri_i[0] (IN)
                         net (fo=0)                   0.000     0.000    sws_2bits_tri_i[0]
    M20                  IBUF (Prop_ibuf_I_O)         0.309     0.309 r  sws_2bits_tri_i_IBUF[0]_inst/O
                         net (fo=1, routed)           1.741     2.051    poseidon_block_i/switches/U0/gpio_core_1/Not_Dual.INPUT_DOUBLE_REGS3/async_path_bit[0]
    SLICE_X56Y89         FDRE                                         r  poseidon_block_i/switches/U0/gpio_core_1/Not_Dual.INPUT_DOUBLE_REGS3/syncstages_ff_reg[0][0]/D
  -------------------------------------------------------------------    -------------------

                         (clock clk_fpga_0 rise edge)
                                                      0.000     0.000 r  
    PS7_X0Y0             PS7                          0.000     0.000 r  poseidon_block_i/processing_system7/inst/PS7_i/FCLKCLK[0]
                         net (fo=1, routed)           0.337     0.337    poseidon_block_i/processing_system7/inst/FCLK_CLK_unbuffered[0]
    BUFGCTRL_X0Y16       BUFG (Prop_bufg_I_O)         0.029     0.366 r  poseidon_block_i/processing_system7/inst/buffer_fclk_clk_0.FCLK_CLK_0_BUFG/O
                         net (fo=7403, routed)        0.845     1.211    poseidon_block_i/switches/U0/gpio_core_1/Not_Dual.INPUT_DOUBLE_REGS3/dest_clk
    SLICE_X56Y89         FDRE                                         r  poseidon_block_i/switches/U0/gpio_core_1/Not_Dual.INPUT_DOUBLE_REGS3/syncstages_ff_reg[0][0]/C

Slack:                    inf
  Source:                 sws_2bits_tri_i[1]
                            (input port)
  Destination:            poseidon_block_i/switches/U0/gpio_core_1/Not_Dual.INPUT_DOUBLE_REGS3/syncstages_ff_reg[0][1]/D
                            (rising edge-triggered cell FDRE clocked by clk_fpga_0  {rise@0.000ns fall@5.000ns period=10.000ns})
  Path Group:             (none)
  Path Type:              Hold (Min at Fast Process Corner)
  Data Path Delay:        2.086ns  (logic 0.300ns (14.379%)  route 1.786ns (85.621%))
  Logic Levels:           1  (IBUF=1)
  Clock Path Skew:        1.209ns (DCD - SCD - CPR)
    Destination Clock Delay (DCD):    1.209ns
    Source Clock Delay      (SCD):    0.000ns
    Clock Pessimism Removal (CPR):    -0.000ns
  Timing Exception:       False Path

    Location             Delay type                Incr(ns)  Path(ns)    Netlist Resource(s)
  -------------------------------------------------------------------    -------------------
    M19                                               0.000     0.000 r  sws_2bits_tri_i[1] (IN)
                         net (fo=0)                   0.000     0.000    sws_2bits_tri_i[1]
    M19                  IBUF (Prop_ibuf_I_O)         0.300     0.300 r  sws_2bits_tri_i_IBUF[1]_inst/O
                         net (fo=1, routed)           1.786     2.086    poseidon_block_i/switches/U0/gpio_core_1/Not_Dual.INPUT_DOUBLE_REGS3/async_path_bit[1]
    SLICE_X57Y87         FDRE                                         r  poseidon_block_i/switches/U0/gpio_core_1/Not_Dual.INPUT_DOUBLE_REGS3/syncstages_ff_reg[0][1]/D
  -------------------------------------------------------------------    -------------------

                         (clock clk_fpga_0 rise edge)
                                                      0.000     0.000 r  
    PS7_X0Y0             PS7                          0.000     0.000 r  poseidon_block_i/processing_system7/inst/PS7_i/FCLKCLK[0]
                         net (fo=1, routed)           0.337     0.337    poseidon_block_i/processing_system7/inst/FCLK_CLK_unbuffered[0]
    BUFGCTRL_X0Y16       BUFG (Prop_bufg_I_O)         0.029     0.366 r  poseidon_block_i/processing_system7/inst/buffer_fclk_clk_0.FCLK_CLK_0_BUFG/O
                         net (fo=7403, routed)        0.843     1.209    poseidon_block_i/switches/U0/gpio_core_1/Not_Dual.INPUT_DOUBLE_REGS3/dest_clk
    SLICE_X57Y87         FDRE                                         r  poseidon_block_i/switches/U0/gpio_core_1/Not_Dual.INPUT_DOUBLE_REGS3/syncstages_ff_reg[0][1]/C





--------------------------------------------------------------------------------------
Path Group:  (none)
From Clock:  clk_fpga_0
  To Clock:  clk_fpga_0

Max Delay            97 Endpoints
Min Delay            97 Endpoints
--------------------------------------------------------------------------------------


Max Delay Paths
--------------------------------------------------------------------------------------
Slack:                    inf
  Source:                 poseidon_block_i/smartconnect_0/inst/clk_map/psr_aclk/U0/ACTIVE_LOW_BSR_OUT_DFF[0].FDRE_BSR_N/C
                            (rising edge-triggered cell FDRE clocked by clk_fpga_0  {rise@0.000ns fall@5.000ns period=10.000ns})
  Destination:            poseidon_block_i/smartconnect_0/inst/s00_entry_pipeline/s00_transaction_regulator/inst/xpm_cdc_async_rst_inst/arststages_ff_reg[0]/CLR
                            (recovery check against rising-edge clock clk_fpga_0  {rise@0.000ns fall@5.000ns period=10.000ns})
  Path Group:             (none)
  Path Type:              Recovery (Max at Slow Process Corner)
  Data Path Delay:        8.351ns  (logic 0.610ns (7.305%)  route 7.741ns (92.695%))
  Logic Levels:           1  (LUT1=1)
  Clock Path Skew:        -0.431ns (DCD - SCD + CPR)
    Destination Clock Delay (DCD):    2.693ns
    Source Clock Delay      (SCD):    3.124ns
    Clock Pessimism Removal (CPR):    0.000ns
  Clock Uncertainty:      0.154ns  ((TSJ^2 + TIJ^2)^1/2 + DJ) / 2 + PE
    Total System Jitter     (TSJ):    0.071ns
    Total Input Jitter      (TIJ):    0.300ns
    Discrete Jitter          (DJ):    0.000ns
    Phase Error              (PE):    0.000ns
  Timing Exception:       False Path

    Location             Delay type                Incr(ns)  Path(ns)    Netlist Resource(s)
  -------------------------------------------------------------------    -------------------
                         (clock clk_fpga_0 rise edge)
                                                      0.000     0.000 r  
    PS7_X0Y0             PS7                          0.000     0.000 r  poseidon_block_i/processing_system7/inst/PS7_i/FCLKCLK[0]
                         net (fo=1, routed)           1.193     1.193    poseidon_block_i/processing_system7/inst/FCLK_CLK_unbuffered[0]
    BUFGCTRL_X0Y16       BUFG (Prop_bufg_I_O)         0.101     1.294 r  poseidon_block_i/processing_system7/inst/buffer_fclk_clk_0.FCLK_CLK_0_BUFG/O
                         net (fo=7403, routed)        1.830     3.124    poseidon_block_i/smartconnect_0/inst/clk_map/psr_aclk/U0/aclk
    SLICE_X41Y120        FDRE                                         r  poseidon_block_i/smartconnect_0/inst/clk_map/psr_aclk/U0/ACTIVE_LOW_BSR_OUT_DFF[0].FDRE_BSR_N/C
  -------------------------------------------------------------------    -------------------
    SLICE_X41Y120        FDRE (Prop_fdre_C_Q)         0.456     3.580 r  poseidon_block_i/smartconnect_0/inst/clk_map/psr_aclk/U0/ACTIVE_LOW_BSR_OUT_DFF[0].FDRE_BSR_N/Q
                         net (fo=32, routed)          7.209    10.789    poseidon_block_i/smartconnect_0/inst/s00_entry_pipeline/s00_transaction_regulator/inst/xpm_cdc_async_rst_inst/src_arst
    SLICE_X27Y66         LUT1 (Prop_lut1_I0_O)        0.154    10.943 f  poseidon_block_i/smartconnect_0/inst/s00_entry_pipeline/s00_transaction_regulator/inst/xpm_cdc_async_rst_inst/arststages_ff[2]_i_1/O
                         net (fo=3, routed)           0.532    11.475    poseidon_block_i/smartconnect_0/inst/s00_entry_pipeline/s00_transaction_regulator/inst/xpm_cdc_async_rst_inst/reset_pol
    SLICE_X27Y66         FDCE                                         f  poseidon_block_i/smartconnect_0/inst/s00_entry_pipeline/s00_transaction_regulator/inst/xpm_cdc_async_rst_inst/arststages_ff_reg[0]/CLR
  -------------------------------------------------------------------    -------------------

                         (clock clk_fpga_0 rise edge)
                                                      0.000     0.000 r  
    PS7_X0Y0             PS7                          0.000     0.000 r  poseidon_block_i/processing_system7/inst/PS7_i/FCLKCLK[0]
                         net (fo=1, routed)           1.088     1.088    poseidon_block_i/processing_system7/inst/FCLK_CLK_unbuffered[0]
    BUFGCTRL_X0Y16       BUFG (Prop_bufg_I_O)         0.091     1.179 r  poseidon_block_i/processing_system7/inst/buffer_fclk_clk_0.FCLK_CLK_0_BUFG/O
                         net (fo=7403, routed)        1.514     2.693    poseidon_block_i/smartconnect_0/inst/s00_entry_pipeline/s00_transaction_regulator/inst/xpm_cdc_async_rst_inst/dest_clk
    SLICE_X27Y66         FDCE                                         r  poseidon_block_i/smartconnect_0/inst/s00_entry_pipeline/s00_transaction_regulator/inst/xpm_cdc_async_rst_inst/arststages_ff_reg[0]/C

Slack:                    inf
  Source:                 poseidon_block_i/smartconnect_0/inst/clk_map/psr_aclk/U0/ACTIVE_LOW_BSR_OUT_DFF[0].FDRE_BSR_N/C
                            (rising edge-triggered cell FDRE clocked by clk_fpga_0  {rise@0.000ns fall@5.000ns period=10.000ns})
  Destination:            poseidon_block_i/smartconnect_0/inst/s00_entry_pipeline/s00_transaction_regulator/inst/xpm_cdc_async_rst_inst/arststages_ff_reg[1]/CLR
                            (recovery check against rising-edge clock clk_fpga_0  {rise@0.000ns fall@5.000ns period=10.000ns})
  Path Group:             (none)
  Path Type:              Recovery (Max at Slow Process Corner)
  Data Path Delay:        8.351ns  (logic 0.610ns (7.305%)  route 7.741ns (92.695%))
  Logic Levels:           1  (LUT1=1)
  Clock Path Skew:        -0.431ns (DCD - SCD + CPR)
    Destination Clock Delay (DCD):    2.693ns
    Source Clock Delay      (SCD):    3.124ns
    Clock Pessimism Removal (CPR):    0.000ns
  Clock Uncertainty:      0.154ns  ((TSJ^2 + TIJ^2)^1/2 + DJ) / 2 + PE
    Total System Jitter     (TSJ):    0.071ns
    Total Input Jitter      (TIJ):    0.300ns
    Discrete Jitter          (DJ):    0.000ns
    Phase Error              (PE):    0.000ns
  Timing Exception:       False Path

    Location             Delay type                Incr(ns)  Path(ns)    Netlist Resource(s)
  -------------------------------------------------------------------    -------------------
                         (clock clk_fpga_0 rise edge)
                                                      0.000     0.000 r  
    PS7_X0Y0             PS7                          0.000     0.000 r  poseidon_block_i/processing_system7/inst/PS7_i/FCLKCLK[0]
                         net (fo=1, routed)           1.193     1.193    poseidon_block_i/processing_system7/inst/FCLK_CLK_unbuffered[0]
    BUFGCTRL_X0Y16       BUFG (Prop_bufg_I_O)         0.101     1.294 r  poseidon_block_i/processing_system7/inst/buffer_fclk_clk_0.FCLK_CLK_0_BUFG/O
                         net (fo=7403, routed)        1.830     3.124    poseidon_block_i/smartconnect_0/inst/clk_map/psr_aclk/U0/aclk
    SLICE_X41Y120        FDRE                                         r  poseidon_block_i/smartconnect_0/inst/clk_map/psr_aclk/U0/ACTIVE_LOW_BSR_OUT_DFF[0].FDRE_BSR_N/C
  -------------------------------------------------------------------    -------------------
    SLICE_X41Y120        FDRE (Prop_fdre_C_Q)         0.456     3.580 r  poseidon_block_i/smartconnect_0/inst/clk_map/psr_aclk/U0/ACTIVE_LOW_BSR_OUT_DFF[0].FDRE_BSR_N/Q
                         net (fo=32, routed)          7.209    10.789    poseidon_block_i/smartconnect_0/inst/s00_entry_pipeline/s00_transaction_regulator/inst/xpm_cdc_async_rst_inst/src_arst
    SLICE_X27Y66         LUT1 (Prop_lut1_I0_O)        0.154    10.943 f  poseidon_block_i/smartconnect_0/inst/s00_entry_pipeline/s00_transaction_regulator/inst/xpm_cdc_async_rst_inst/arststages_ff[2]_i_1/O
                         net (fo=3, routed)           0.532    11.475    poseidon_block_i/smartconnect_0/inst/s00_entry_pipeline/s00_transaction_regulator/inst/xpm_cdc_async_rst_inst/reset_pol
    SLICE_X27Y66         FDCE                                         f  poseidon_block_i/smartconnect_0/inst/s00_entry_pipeline/s00_transaction_regulator/inst/xpm_cdc_async_rst_inst/arststages_ff_reg[1]/CLR
  -------------------------------------------------------------------    -------------------

                         (clock clk_fpga_0 rise edge)
                                                      0.000     0.000 r  
    PS7_X0Y0             PS7                          0.000     0.000 r  poseidon_block_i/processing_system7/inst/PS7_i/FCLKCLK[0]
                         net (fo=1, routed)           1.088     1.088    poseidon_block_i/processing_system7/inst/FCLK_CLK_unbuffered[0]
    BUFGCTRL_X0Y16       BUFG (Prop_bufg_I_O)         0.091     1.179 r  poseidon_block_i/processing_system7/inst/buffer_fclk_clk_0.FCLK_CLK_0_BUFG/O
                         net (fo=7403, routed)        1.514     2.693    poseidon_block_i/smartconnect_0/inst/s00_entry_pipeline/s00_transaction_regulator/inst/xpm_cdc_async_rst_inst/dest_clk
    SLICE_X27Y66         FDCE                                         r  poseidon_block_i/smartconnect_0/inst/s00_entry_pipeline/s00_transaction_regulator/inst/xpm_cdc_async_rst_inst/arststages_ff_reg[1]/C

Slack:                    inf
  Source:                 poseidon_block_i/smartconnect_0/inst/clk_map/psr_aclk/U0/ACTIVE_LOW_BSR_OUT_DFF[0].FDRE_BSR_N/C
                            (rising edge-triggered cell FDRE clocked by clk_fpga_0  {rise@0.000ns fall@5.000ns period=10.000ns})
  Destination:            poseidon_block_i/smartconnect_0/inst/s00_entry_pipeline/s00_transaction_regulator/inst/xpm_cdc_async_rst_inst/arststages_ff_reg[2]/CLR
                            (recovery check against rising-edge clock clk_fpga_0  {rise@0.000ns fall@5.000ns period=10.000ns})
  Path Group:             (none)
  Path Type:              Recovery (Max at Slow Process Corner)
  Data Path Delay:        8.351ns  (logic 0.610ns (7.305%)  route 7.741ns (92.695%))
  Logic Levels:           1  (LUT1=1)
  Clock Path Skew:        -0.431ns (DCD - SCD + CPR)
    Destination Clock Delay (DCD):    2.693ns
    Source Clock Delay      (SCD):    3.124ns
    Clock Pessimism Removal (CPR):    0.000ns
  Clock Uncertainty:      0.154ns  ((TSJ^2 + TIJ^2)^1/2 + DJ) / 2 + PE
    Total System Jitter     (TSJ):    0.071ns
    Total Input Jitter      (TIJ):    0.300ns
    Discrete Jitter          (DJ):    0.000ns
    Phase Error              (PE):    0.000ns
  Timing Exception:       False Path

    Location             Delay type                Incr(ns)  Path(ns)    Netlist Resource(s)
  -------------------------------------------------------------------    -------------------
                         (clock clk_fpga_0 rise edge)
                                                      0.000     0.000 r  
    PS7_X0Y0             PS7                          0.000     0.000 r  poseidon_block_i/processing_system7/inst/PS7_i/FCLKCLK[0]
                         net (fo=1, routed)           1.193     1.193    poseidon_block_i/processing_system7/inst/FCLK_CLK_unbuffered[0]
    BUFGCTRL_X0Y16       BUFG (Prop_bufg_I_O)         0.101     1.294 r  poseidon_block_i/processing_system7/inst/buffer_fclk_clk_0.FCLK_CLK_0_BUFG/O
                         net (fo=7403, routed)        1.830     3.124    poseidon_block_i/smartconnect_0/inst/clk_map/psr_aclk/U0/aclk
    SLICE_X41Y120        FDRE                                         r  poseidon_block_i/smartconnect_0/inst/clk_map/psr_aclk/U0/ACTIVE_LOW_BSR_OUT_DFF[0].FDRE_BSR_N/C
  -------------------------------------------------------------------    -------------------
    SLICE_X41Y120        FDRE (Prop_fdre_C_Q)         0.456     3.580 r  poseidon_block_i/smartconnect_0/inst/clk_map/psr_aclk/U0/ACTIVE_LOW_BSR_OUT_DFF[0].FDRE_BSR_N/Q
                         net (fo=32, routed)          7.209    10.789    poseidon_block_i/smartconnect_0/inst/s00_entry_pipeline/s00_transaction_regulator/inst/xpm_cdc_async_rst_inst/src_arst
    SLICE_X27Y66         LUT1 (Prop_lut1_I0_O)        0.154    10.943 f  poseidon_block_i/smartconnect_0/inst/s00_entry_pipeline/s00_transaction_regulator/inst/xpm_cdc_async_rst_inst/arststages_ff[2]_i_1/O
                         net (fo=3, routed)           0.532    11.475    poseidon_block_i/smartconnect_0/inst/s00_entry_pipeline/s00_transaction_regulator/inst/xpm_cdc_async_rst_inst/reset_pol
    SLICE_X27Y66         FDCE                                         f  poseidon_block_i/smartconnect_0/inst/s00_entry_pipeline/s00_transaction_regulator/inst/xpm_cdc_async_rst_inst/arststages_ff_reg[2]/CLR
  -------------------------------------------------------------------    -------------------

                         (clock clk_fpga_0 rise edge)
                                                      0.000     0.000 r  
    PS7_X0Y0             PS7                          0.000     0.000 r  poseidon_block_i/processing_system7/inst/PS7_i/FCLKCLK[0]
                         net (fo=1, routed)           1.088     1.088    poseidon_block_i/processing_system7/inst/FCLK_CLK_unbuffered[0]
    BUFGCTRL_X0Y16       BUFG (Prop_bufg_I_O)         0.091     1.179 r  poseidon_block_i/processing_system7/inst/buffer_fclk_clk_0.FCLK_CLK_0_BUFG/O
                         net (fo=7403, routed)        1.514     2.693    poseidon_block_i/smartconnect_0/inst/s00_entry_pipeline/s00_transaction_regulator/inst/xpm_cdc_async_rst_inst/dest_clk
    SLICE_X27Y66         FDCE                                         r  poseidon_block_i/smartconnect_0/inst/s00_entry_pipeline/s00_transaction_regulator/inst/xpm_cdc_async_rst_inst/arststages_ff_reg[2]/C

Slack:                    inf
  Source:                 poseidon_block_i/smartconnect_0/inst/clk_map/psr_aclk/U0/ACTIVE_LOW_BSR_OUT_DFF[0].FDRE_BSR_N/C
                            (rising edge-triggered cell FDRE clocked by clk_fpga_0  {rise@0.000ns fall@5.000ns period=10.000ns})
  Destination:            poseidon_block_i/smartconnect_0/inst/s00_entry_pipeline/s00_si_converter/inst/xpm_cdc_async_rst_inst/arststages_ff_reg[0]/CLR
                            (recovery check against rising-edge clock clk_fpga_0  {rise@0.000ns fall@5.000ns period=10.000ns})
  Path Group:             (none)
  Path Type:              Recovery (Max at Slow Process Corner)
  Data Path Delay:        8.270ns  (logic 0.580ns (7.013%)  route 7.690ns (92.987%))
  Logic Levels:           1  (LUT1=1)
  Clock Path Skew:        -0.430ns (DCD - SCD + CPR)
    Destination Clock Delay (DCD):    2.694ns
    Source Clock Delay      (SCD):    3.124ns
    Clock Pessimism Removal (CPR):    0.000ns
  Clock Uncertainty:      0.154ns  ((TSJ^2 + TIJ^2)^1/2 + DJ) / 2 + PE
    Total System Jitter     (TSJ):    0.071ns
    Total Input Jitter      (TIJ):    0.300ns
    Discrete Jitter          (DJ):    0.000ns
    Phase Error              (PE):    0.000ns
  Timing Exception:       False Path

    Location             Delay type                Incr(ns)  Path(ns)    Netlist Resource(s)
  -------------------------------------------------------------------    -------------------
                         (clock clk_fpga_0 rise edge)
                                                      0.000     0.000 r  
    PS7_X0Y0             PS7                          0.000     0.000 r  poseidon_block_i/processing_system7/inst/PS7_i/FCLKCLK[0]
                         net (fo=1, routed)           1.193     1.193    poseidon_block_i/processing_system7/inst/FCLK_CLK_unbuffered[0]
    BUFGCTRL_X0Y16       BUFG (Prop_bufg_I_O)         0.101     1.294 r  poseidon_block_i/processing_system7/inst/buffer_fclk_clk_0.FCLK_CLK_0_BUFG/O
                         net (fo=7403, routed)        1.830     3.124    poseidon_block_i/smartconnect_0/inst/clk_map/psr_aclk/U0/aclk
    SLICE_X41Y120        FDRE                                         r  poseidon_block_i/smartconnect_0/inst/clk_map/psr_aclk/U0/ACTIVE_LOW_BSR_OUT_DFF[0].FDRE_BSR_N/C
  -------------------------------------------------------------------    -------------------
    SLICE_X41Y120        FDRE (Prop_fdre_C_Q)         0.456     3.580 r  poseidon_block_i/smartconnect_0/inst/clk_map/psr_aclk/U0/ACTIVE_LOW_BSR_OUT_DFF[0].FDRE_BSR_N/Q
                         net (fo=32, routed)          7.209    10.789    poseidon_block_i/smartconnect_0/inst/s00_entry_pipeline/s00_si_converter/inst/xpm_cdc_async_rst_inst/src_arst
    SLICE_X27Y66         LUT1 (Prop_lut1_I0_O)        0.124    10.913 f  poseidon_block_i/smartconnect_0/inst/s00_entry_pipeline/s00_si_converter/inst/xpm_cdc_async_rst_inst/arststages_ff[2]_i_1/O
                         net (fo=3, routed)           0.481    11.394    poseidon_block_i/smartconnect_0/inst/s00_entry_pipeline/s00_si_converter/inst/xpm_cdc_async_rst_inst/reset_pol
    SLICE_X26Y65         FDCE                                         f  poseidon_block_i/smartconnect_0/inst/s00_entry_pipeline/s00_si_converter/inst/xpm_cdc_async_rst_inst/arststages_ff_reg[0]/CLR
  -------------------------------------------------------------------    -------------------

                         (clock clk_fpga_0 rise edge)
                                                      0.000     0.000 r  
    PS7_X0Y0             PS7                          0.000     0.000 r  poseidon_block_i/processing_system7/inst/PS7_i/FCLKCLK[0]
                         net (fo=1, routed)           1.088     1.088    poseidon_block_i/processing_system7/inst/FCLK_CLK_unbuffered[0]
    BUFGCTRL_X0Y16       BUFG (Prop_bufg_I_O)         0.091     1.179 r  poseidon_block_i/processing_system7/inst/buffer_fclk_clk_0.FCLK_CLK_0_BUFG/O
                         net (fo=7403, routed)        1.515     2.694    poseidon_block_i/smartconnect_0/inst/s00_entry_pipeline/s00_si_converter/inst/xpm_cdc_async_rst_inst/dest_clk
    SLICE_X26Y65         FDCE                                         r  poseidon_block_i/smartconnect_0/inst/s00_entry_pipeline/s00_si_converter/inst/xpm_cdc_async_rst_inst/arststages_ff_reg[0]/C

Slack:                    inf
  Source:                 poseidon_block_i/smartconnect_0/inst/clk_map/psr_aclk/U0/ACTIVE_LOW_BSR_OUT_DFF[0].FDRE_BSR_N/C
                            (rising edge-triggered cell FDRE clocked by clk_fpga_0  {rise@0.000ns fall@5.000ns period=10.000ns})
  Destination:            poseidon_block_i/smartconnect_0/inst/s00_entry_pipeline/s00_si_converter/inst/xpm_cdc_async_rst_inst/arststages_ff_reg[1]/CLR
                            (recovery check against rising-edge clock clk_fpga_0  {rise@0.000ns fall@5.000ns period=10.000ns})
  Path Group:             (none)
  Path Type:              Recovery (Max at Slow Process Corner)
  Data Path Delay:        8.270ns  (logic 0.580ns (7.013%)  route 7.690ns (92.987%))
  Logic Levels:           1  (LUT1=1)
  Clock Path Skew:        -0.430ns (DCD - SCD + CPR)
    Destination Clock Delay (DCD):    2.694ns
    Source Clock Delay      (SCD):    3.124ns
    Clock Pessimism Removal (CPR):    0.000ns
  Clock Uncertainty:      0.154ns  ((TSJ^2 + TIJ^2)^1/2 + DJ) / 2 + PE
    Total System Jitter     (TSJ):    0.071ns
    Total Input Jitter      (TIJ):    0.300ns
    Discrete Jitter          (DJ):    0.000ns
    Phase Error              (PE):    0.000ns
  Timing Exception:       False Path

    Location             Delay type                Incr(ns)  Path(ns)    Netlist Resource(s)
  -------------------------------------------------------------------    -------------------
                         (clock clk_fpga_0 rise edge)
                                                      0.000     0.000 r  
    PS7_X0Y0             PS7                          0.000     0.000 r  poseidon_block_i/processing_system7/inst/PS7_i/FCLKCLK[0]
                         net (fo=1, routed)           1.193     1.193    poseidon_block_i/processing_system7/inst/FCLK_CLK_unbuffered[0]
    BUFGCTRL_X0Y16       BUFG (Prop_bufg_I_O)         0.101     1.294 r  poseidon_block_i/processing_system7/inst/buffer_fclk_clk_0.FCLK_CLK_0_BUFG/O
                         net (fo=7403, routed)        1.830     3.124    poseidon_block_i/smartconnect_0/inst/clk_map/psr_aclk/U0/aclk
    SLICE_X41Y120        FDRE                                         r  poseidon_block_i/smartconnect_0/inst/clk_map/psr_aclk/U0/ACTIVE_LOW_BSR_OUT_DFF[0].FDRE_BSR_N/C
  -------------------------------------------------------------------    -------------------
    SLICE_X41Y120        FDRE (Prop_fdre_C_Q)         0.456     3.580 r  poseidon_block_i/smartconnect_0/inst/clk_map/psr_aclk/U0/ACTIVE_LOW_BSR_OUT_DFF[0].FDRE_BSR_N/Q
                         net (fo=32, routed)          7.209    10.789    poseidon_block_i/smartconnect_0/inst/s00_entry_pipeline/s00_si_converter/inst/xpm_cdc_async_rst_inst/src_arst
    SLICE_X27Y66         LUT1 (Prop_lut1_I0_O)        0.124    10.913 f  poseidon_block_i/smartconnect_0/inst/s00_entry_pipeline/s00_si_converter/inst/xpm_cdc_async_rst_inst/arststages_ff[2]_i_1/O
                         net (fo=3, routed)           0.481    11.394    poseidon_block_i/smartconnect_0/inst/s00_entry_pipeline/s00_si_converter/inst/xpm_cdc_async_rst_inst/reset_pol
    SLICE_X26Y65         FDCE                                         f  poseidon_block_i/smartconnect_0/inst/s00_entry_pipeline/s00_si_converter/inst/xpm_cdc_async_rst_inst/arststages_ff_reg[1]/CLR
  -------------------------------------------------------------------    -------------------

                         (clock clk_fpga_0 rise edge)
                                                      0.000     0.000 r  
    PS7_X0Y0             PS7                          0.000     0.000 r  poseidon_block_i/processing_system7/inst/PS7_i/FCLKCLK[0]
                         net (fo=1, routed)           1.088     1.088    poseidon_block_i/processing_system7/inst/FCLK_CLK_unbuffered[0]
    BUFGCTRL_X0Y16       BUFG (Prop_bufg_I_O)         0.091     1.179 r  poseidon_block_i/processing_system7/inst/buffer_fclk_clk_0.FCLK_CLK_0_BUFG/O
                         net (fo=7403, routed)        1.515     2.694    poseidon_block_i/smartconnect_0/inst/s00_entry_pipeline/s00_si_converter/inst/xpm_cdc_async_rst_inst/dest_clk
    SLICE_X26Y65         FDCE                                         r  poseidon_block_i/smartconnect_0/inst/s00_entry_pipeline/s00_si_converter/inst/xpm_cdc_async_rst_inst/arststages_ff_reg[1]/C

Slack:                    inf
  Source:                 poseidon_block_i/smartconnect_0/inst/clk_map/psr_aclk/U0/ACTIVE_LOW_BSR_OUT_DFF[0].FDRE_BSR_N/C
                            (rising edge-triggered cell FDRE clocked by clk_fpga_0  {rise@0.000ns fall@5.000ns period=10.000ns})
  Destination:            poseidon_block_i/smartconnect_0/inst/s00_entry_pipeline/s00_si_converter/inst/xpm_cdc_async_rst_inst/arststages_ff_reg[2]/CLR
                            (recovery check against rising-edge clock clk_fpga_0  {rise@0.000ns fall@5.000ns period=10.000ns})
  Path Group:             (none)
  Path Type:              Recovery (Max at Slow Process Corner)
  Data Path Delay:        8.270ns  (logic 0.580ns (7.013%)  route 7.690ns (92.987%))
  Logic Levels:           1  (LUT1=1)
  Clock Path Skew:        -0.430ns (DCD - SCD + CPR)
    Destination Clock Delay (DCD):    2.694ns
    Source Clock Delay      (SCD):    3.124ns
    Clock Pessimism Removal (CPR):    0.000ns
  Clock Uncertainty:      0.154ns  ((TSJ^2 + TIJ^2)^1/2 + DJ) / 2 + PE
    Total System Jitter     (TSJ):    0.071ns
    Total Input Jitter      (TIJ):    0.300ns
    Discrete Jitter          (DJ):    0.000ns
    Phase Error              (PE):    0.000ns
  Timing Exception:       False Path

    Location             Delay type                Incr(ns)  Path(ns)    Netlist Resource(s)
  -------------------------------------------------------------------    -------------------
                         (clock clk_fpga_0 rise edge)
                                                      0.000     0.000 r  
    PS7_X0Y0             PS7                          0.000     0.000 r  poseidon_block_i/processing_system7/inst/PS7_i/FCLKCLK[0]
                         net (fo=1, routed)           1.193     1.193    poseidon_block_i/processing_system7/inst/FCLK_CLK_unbuffered[0]
    BUFGCTRL_X0Y16       BUFG (Prop_bufg_I_O)         0.101     1.294 r  poseidon_block_i/processing_system7/inst/buffer_fclk_clk_0.FCLK_CLK_0_BUFG/O
                         net (fo=7403, routed)        1.830     3.124    poseidon_block_i/smartconnect_0/inst/clk_map/psr_aclk/U0/aclk
    SLICE_X41Y120        FDRE                                         r  poseidon_block_i/smartconnect_0/inst/clk_map/psr_aclk/U0/ACTIVE_LOW_BSR_OUT_DFF[0].FDRE_BSR_N/C
  -------------------------------------------------------------------    -------------------
    SLICE_X41Y120        FDRE (Prop_fdre_C_Q)         0.456     3.580 r  poseidon_block_i/smartconnect_0/inst/clk_map/psr_aclk/U0/ACTIVE_LOW_BSR_OUT_DFF[0].FDRE_BSR_N/Q
                         net (fo=32, routed)          7.209    10.789    poseidon_block_i/smartconnect_0/inst/s00_entry_pipeline/s00_si_converter/inst/xpm_cdc_async_rst_inst/src_arst
    SLICE_X27Y66         LUT1 (Prop_lut1_I0_O)        0.124    10.913 f  poseidon_block_i/smartconnect_0/inst/s00_entry_pipeline/s00_si_converter/inst/xpm_cdc_async_rst_inst/arststages_ff[2]_i_1/O
                         net (fo=3, routed)           0.481    11.394    poseidon_block_i/smartconnect_0/inst/s00_entry_pipeline/s00_si_converter/inst/xpm_cdc_async_rst_inst/reset_pol
    SLICE_X26Y65         FDCE                                         f  poseidon_block_i/smartconnect_0/inst/s00_entry_pipeline/s00_si_converter/inst/xpm_cdc_async_rst_inst/arststages_ff_reg[2]/CLR
  -------------------------------------------------------------------    -------------------

                         (clock clk_fpga_0 rise edge)
                                                      0.000     0.000 r  
    PS7_X0Y0             PS7                          0.000     0.000 r  poseidon_block_i/processing_system7/inst/PS7_i/FCLKCLK[0]
                         net (fo=1, routed)           1.088     1.088    poseidon_block_i/processing_system7/inst/FCLK_CLK_unbuffered[0]
    BUFGCTRL_X0Y16       BUFG (Prop_bufg_I_O)         0.091     1.179 r  poseidon_block_i/processing_system7/inst/buffer_fclk_clk_0.FCLK_CLK_0_BUFG/O
                         net (fo=7403, routed)        1.515     2.694    poseidon_block_i/smartconnect_0/inst/s00_entry_pipeline/s00_si_converter/inst/xpm_cdc_async_rst_inst/dest_clk
    SLICE_X26Y65         FDCE                                         r  poseidon_block_i/smartconnect_0/inst/s00_entry_pipeline/s00_si_converter/inst/xpm_cdc_async_rst_inst/arststages_ff_reg[2]/C

Slack:                    inf
  Source:                 poseidon_block_i/smartconnect_0/inst/clk_map/psr_aclk/U0/ACTIVE_LOW_BSR_OUT_DFF[0].FDRE_BSR_N/C
                            (rising edge-triggered cell FDRE clocked by clk_fpga_0  {rise@0.000ns fall@5.000ns period=10.000ns})
  Destination:            poseidon_block_i/smartconnect_0/inst/s00_nodes/s00_ar_node/inst/s_sc_xpm_cdc_async_rst_inst/arststages_ff_reg[0]/CLR
                            (recovery check against rising-edge clock clk_fpga_0  {rise@0.000ns fall@5.000ns period=10.000ns})
  Path Group:             (none)
  Path Type:              Recovery (Max at Slow Process Corner)
  Data Path Delay:        7.415ns  (logic 0.580ns (7.822%)  route 6.835ns (92.178%))
  Logic Levels:           1  (LUT1=1)
  Clock Path Skew:        -0.471ns (DCD - SCD + CPR)
    Destination Clock Delay (DCD):    2.653ns
    Source Clock Delay      (SCD):    3.124ns
    Clock Pessimism Removal (CPR):    0.000ns
  Clock Uncertainty:      0.154ns  ((TSJ^2 + TIJ^2)^1/2 + DJ) / 2 + PE
    Total System Jitter     (TSJ):    0.071ns
    Total Input Jitter      (TIJ):    0.300ns
    Discrete Jitter          (DJ):    0.000ns
    Phase Error              (PE):    0.000ns
  Timing Exception:       False Path

    Location             Delay type                Incr(ns)  Path(ns)    Netlist Resource(s)
  -------------------------------------------------------------------    -------------------
                         (clock clk_fpga_0 rise edge)
                                                      0.000     0.000 r  
    PS7_X0Y0             PS7                          0.000     0.000 r  poseidon_block_i/processing_system7/inst/PS7_i/FCLKCLK[0]
                         net (fo=1, routed)           1.193     1.193    poseidon_block_i/processing_system7/inst/FCLK_CLK_unbuffered[0]
    BUFGCTRL_X0Y16       BUFG (Prop_bufg_I_O)         0.101     1.294 r  poseidon_block_i/processing_system7/inst/buffer_fclk_clk_0.FCLK_CLK_0_BUFG/O
                         net (fo=7403, routed)        1.830     3.124    poseidon_block_i/smartconnect_0/inst/clk_map/psr_aclk/U0/aclk
    SLICE_X41Y120        FDRE                                         r  poseidon_block_i/smartconnect_0/inst/clk_map/psr_aclk/U0/ACTIVE_LOW_BSR_OUT_DFF[0].FDRE_BSR_N/C
  -------------------------------------------------------------------    -------------------
    SLICE_X41Y120        FDRE (Prop_fdre_C_Q)         0.456     3.580 r  poseidon_block_i/smartconnect_0/inst/clk_map/psr_aclk/U0/ACTIVE_LOW_BSR_OUT_DFF[0].FDRE_BSR_N/Q
                         net (fo=32, routed)          6.448    10.028    poseidon_block_i/smartconnect_0/inst/s00_nodes/s00_ar_node/inst/s_sc_xpm_cdc_async_rst_inst/src_arst
    SLICE_X37Y63         LUT1 (Prop_lut1_I0_O)        0.124    10.152 f  poseidon_block_i/smartconnect_0/inst/s00_nodes/s00_ar_node/inst/s_sc_xpm_cdc_async_rst_inst/arststages_ff[2]_i_1/O
                         net (fo=3, routed)           0.387    10.539    poseidon_block_i/smartconnect_0/inst/s00_nodes/s00_ar_node/inst/s_sc_xpm_cdc_async_rst_inst/reset_pol
    SLICE_X37Y63         FDCE                                         f  poseidon_block_i/smartconnect_0/inst/s00_nodes/s00_ar_node/inst/s_sc_xpm_cdc_async_rst_inst/arststages_ff_reg[0]/CLR
  -------------------------------------------------------------------    -------------------

                         (clock clk_fpga_0 rise edge)
                                                      0.000     0.000 r  
    PS7_X0Y0             PS7                          0.000     0.000 r  poseidon_block_i/processing_system7/inst/PS7_i/FCLKCLK[0]
                         net (fo=1, routed)           1.088     1.088    poseidon_block_i/processing_system7/inst/FCLK_CLK_unbuffered[0]
    BUFGCTRL_X0Y16       BUFG (Prop_bufg_I_O)         0.091     1.179 r  poseidon_block_i/processing_system7/inst/buffer_fclk_clk_0.FCLK_CLK_0_BUFG/O
                         net (fo=7403, routed)        1.474     2.653    poseidon_block_i/smartconnect_0/inst/s00_nodes/s00_ar_node/inst/s_sc_xpm_cdc_async_rst_inst/dest_clk
    SLICE_X37Y63         FDCE                                         r  poseidon_block_i/smartconnect_0/inst/s00_nodes/s00_ar_node/inst/s_sc_xpm_cdc_async_rst_inst/arststages_ff_reg[0]/C

Slack:                    inf
  Source:                 poseidon_block_i/smartconnect_0/inst/clk_map/psr_aclk/U0/ACTIVE_LOW_BSR_OUT_DFF[0].FDRE_BSR_N/C
                            (rising edge-triggered cell FDRE clocked by clk_fpga_0  {rise@0.000ns fall@5.000ns period=10.000ns})
  Destination:            poseidon_block_i/smartconnect_0/inst/s00_nodes/s00_ar_node/inst/s_sc_xpm_cdc_async_rst_inst/arststages_ff_reg[1]/CLR
                            (recovery check against rising-edge clock clk_fpga_0  {rise@0.000ns fall@5.000ns period=10.000ns})
  Path Group:             (none)
  Path Type:              Recovery (Max at Slow Process Corner)
  Data Path Delay:        7.415ns  (logic 0.580ns (7.822%)  route 6.835ns (92.178%))
  Logic Levels:           1  (LUT1=1)
  Clock Path Skew:        -0.471ns (DCD - SCD + CPR)
    Destination Clock Delay (DCD):    2.653ns
    Source Clock Delay      (SCD):    3.124ns
    Clock Pessimism Removal (CPR):    0.000ns
  Clock Uncertainty:      0.154ns  ((TSJ^2 + TIJ^2)^1/2 + DJ) / 2 + PE
    Total System Jitter     (TSJ):    0.071ns
    Total Input Jitter      (TIJ):    0.300ns
    Discrete Jitter          (DJ):    0.000ns
    Phase Error              (PE):    0.000ns
  Timing Exception:       False Path

    Location             Delay type                Incr(ns)  Path(ns)    Netlist Resource(s)
  -------------------------------------------------------------------    -------------------
                         (clock clk_fpga_0 rise edge)
                                                      0.000     0.000 r  
    PS7_X0Y0             PS7                          0.000     0.000 r  poseidon_block_i/processing_system7/inst/PS7_i/FCLKCLK[0]
                         net (fo=1, routed)           1.193     1.193    poseidon_block_i/processing_system7/inst/FCLK_CLK_unbuffered[0]
    BUFGCTRL_X0Y16       BUFG (Prop_bufg_I_O)         0.101     1.294 r  poseidon_block_i/processing_system7/inst/buffer_fclk_clk_0.FCLK_CLK_0_BUFG/O
                         net (fo=7403, routed)        1.830     3.124    poseidon_block_i/smartconnect_0/inst/clk_map/psr_aclk/U0/aclk
    SLICE_X41Y120        FDRE                                         r  poseidon_block_i/smartconnect_0/inst/clk_map/psr_aclk/U0/ACTIVE_LOW_BSR_OUT_DFF[0].FDRE_BSR_N/C
  -------------------------------------------------------------------    -------------------
    SLICE_X41Y120        FDRE (Prop_fdre_C_Q)         0.456     3.580 r  poseidon_block_i/smartconnect_0/inst/clk_map/psr_aclk/U0/ACTIVE_LOW_BSR_OUT_DFF[0].FDRE_BSR_N/Q
                         net (fo=32, routed)          6.448    10.028    poseidon_block_i/smartconnect_0/inst/s00_nodes/s00_ar_node/inst/s_sc_xpm_cdc_async_rst_inst/src_arst
    SLICE_X37Y63         LUT1 (Prop_lut1_I0_O)        0.124    10.152 f  poseidon_block_i/smartconnect_0/inst/s00_nodes/s00_ar_node/inst/s_sc_xpm_cdc_async_rst_inst/arststages_ff[2]_i_1/O
                         net (fo=3, routed)           0.387    10.539    poseidon_block_i/smartconnect_0/inst/s00_nodes/s00_ar_node/inst/s_sc_xpm_cdc_async_rst_inst/reset_pol
    SLICE_X37Y63         FDCE                                         f  poseidon_block_i/smartconnect_0/inst/s00_nodes/s00_ar_node/inst/s_sc_xpm_cdc_async_rst_inst/arststages_ff_reg[1]/CLR
  -------------------------------------------------------------------    -------------------

                         (clock clk_fpga_0 rise edge)
                                                      0.000     0.000 r  
    PS7_X0Y0             PS7                          0.000     0.000 r  poseidon_block_i/processing_system7/inst/PS7_i/FCLKCLK[0]
                         net (fo=1, routed)           1.088     1.088    poseidon_block_i/processing_system7/inst/FCLK_CLK_unbuffered[0]
    BUFGCTRL_X0Y16       BUFG (Prop_bufg_I_O)         0.091     1.179 r  poseidon_block_i/processing_system7/inst/buffer_fclk_clk_0.FCLK_CLK_0_BUFG/O
                         net (fo=7403, routed)        1.474     2.653    poseidon_block_i/smartconnect_0/inst/s00_nodes/s00_ar_node/inst/s_sc_xpm_cdc_async_rst_inst/dest_clk
    SLICE_X37Y63         FDCE                                         r  poseidon_block_i/smartconnect_0/inst/s00_nodes/s00_ar_node/inst/s_sc_xpm_cdc_async_rst_inst/arststages_ff_reg[1]/C

Slack:                    inf
  Source:                 poseidon_block_i/smartconnect_0/inst/clk_map/psr_aclk/U0/ACTIVE_LOW_BSR_OUT_DFF[0].FDRE_BSR_N/C
                            (rising edge-triggered cell FDRE clocked by clk_fpga_0  {rise@0.000ns fall@5.000ns period=10.000ns})
  Destination:            poseidon_block_i/smartconnect_0/inst/s00_nodes/s00_ar_node/inst/s_sc_xpm_cdc_async_rst_inst/arststages_ff_reg[2]/CLR
                            (recovery check against rising-edge clock clk_fpga_0  {rise@0.000ns fall@5.000ns period=10.000ns})
  Path Group:             (none)
  Path Type:              Recovery (Max at Slow Process Corner)
  Data Path Delay:        7.415ns  (logic 0.580ns (7.822%)  route 6.835ns (92.178%))
  Logic Levels:           1  (LUT1=1)
  Clock Path Skew:        -0.471ns (DCD - SCD + CPR)
    Destination Clock Delay (DCD):    2.653ns
    Source Clock Delay      (SCD):    3.124ns
    Clock Pessimism Removal (CPR):    0.000ns
  Clock Uncertainty:      0.154ns  ((TSJ^2 + TIJ^2)^1/2 + DJ) / 2 + PE
    Total System Jitter     (TSJ):    0.071ns
    Total Input Jitter      (TIJ):    0.300ns
    Discrete Jitter          (DJ):    0.000ns
    Phase Error              (PE):    0.000ns
  Timing Exception:       False Path

    Location             Delay type                Incr(ns)  Path(ns)    Netlist Resource(s)
  -------------------------------------------------------------------    -------------------
                         (clock clk_fpga_0 rise edge)
                                                      0.000     0.000 r  
    PS7_X0Y0             PS7                          0.000     0.000 r  poseidon_block_i/processing_system7/inst/PS7_i/FCLKCLK[0]
                         net (fo=1, routed)           1.193     1.193    poseidon_block_i/processing_system7/inst/FCLK_CLK_unbuffered[0]
    BUFGCTRL_X0Y16       BUFG (Prop_bufg_I_O)         0.101     1.294 r  poseidon_block_i/processing_system7/inst/buffer_fclk_clk_0.FCLK_CLK_0_BUFG/O
                         net (fo=7403, routed)        1.830     3.124    poseidon_block_i/smartconnect_0/inst/clk_map/psr_aclk/U0/aclk
    SLICE_X41Y120        FDRE                                         r  poseidon_block_i/smartconnect_0/inst/clk_map/psr_aclk/U0/ACTIVE_LOW_BSR_OUT_DFF[0].FDRE_BSR_N/C
  -------------------------------------------------------------------    -------------------
    SLICE_X41Y120        FDRE (Prop_fdre_C_Q)         0.456     3.580 r  poseidon_block_i/smartconnect_0/inst/clk_map/psr_aclk/U0/ACTIVE_LOW_BSR_OUT_DFF[0].FDRE_BSR_N/Q
                         net (fo=32, routed)          6.448    10.028    poseidon_block_i/smartconnect_0/inst/s00_nodes/s00_ar_node/inst/s_sc_xpm_cdc_async_rst_inst/src_arst
    SLICE_X37Y63         LUT1 (Prop_lut1_I0_O)        0.124    10.152 f  poseidon_block_i/smartconnect_0/inst/s00_nodes/s00_ar_node/inst/s_sc_xpm_cdc_async_rst_inst/arststages_ff[2]_i_1/O
                         net (fo=3, routed)           0.387    10.539    poseidon_block_i/smartconnect_0/inst/s00_nodes/s00_ar_node/inst/s_sc_xpm_cdc_async_rst_inst/reset_pol
    SLICE_X37Y63         FDCE                                         f  poseidon_block_i/smartconnect_0/inst/s00_nodes/s00_ar_node/inst/s_sc_xpm_cdc_async_rst_inst/arststages_ff_reg[2]/CLR
  -------------------------------------------------------------------    -------------------

                         (clock clk_fpga_0 rise edge)
                                                      0.000     0.000 r  
    PS7_X0Y0             PS7                          0.000     0.000 r  poseidon_block_i/processing_system7/inst/PS7_i/FCLKCLK[0]
                         net (fo=1, routed)           1.088     1.088    poseidon_block_i/processing_system7/inst/FCLK_CLK_unbuffered[0]
    BUFGCTRL_X0Y16       BUFG (Prop_bufg_I_O)         0.091     1.179 r  poseidon_block_i/processing_system7/inst/buffer_fclk_clk_0.FCLK_CLK_0_BUFG/O
                         net (fo=7403, routed)        1.474     2.653    poseidon_block_i/smartconnect_0/inst/s00_nodes/s00_ar_node/inst/s_sc_xpm_cdc_async_rst_inst/dest_clk
    SLICE_X37Y63         FDCE                                         r  poseidon_block_i/smartconnect_0/inst/s00_nodes/s00_ar_node/inst/s_sc_xpm_cdc_async_rst_inst/arststages_ff_reg[2]/C

Slack:                    inf
  Source:                 poseidon_block_i/smartconnect_0/inst/clk_map/psr_aclk/U0/ACTIVE_LOW_BSR_OUT_DFF[0].FDRE_BSR_N/C
                            (rising edge-triggered cell FDRE clocked by clk_fpga_0  {rise@0.000ns fall@5.000ns period=10.000ns})
  Destination:            poseidon_block_i/smartconnect_0/inst/m00_exit_pipeline/m00_exit/inst/xpm_cdc_async_rst_inst/arststages_ff_reg[0]/CLR
                            (recovery check against rising-edge clock clk_fpga_0  {rise@0.000ns fall@5.000ns period=10.000ns})
  Path Group:             (none)
  Path Type:              Recovery (Max at Slow Process Corner)
  Data Path Delay:        7.071ns  (logic 0.609ns (8.612%)  route 6.462ns (91.388%))
  Logic Levels:           1  (LUT1=1)
  Clock Path Skew:        -0.470ns (DCD - SCD + CPR)
    Destination Clock Delay (DCD):    2.654ns
    Source Clock Delay      (SCD):    3.124ns
    Clock Pessimism Removal (CPR):    0.000ns
  Clock Uncertainty:      0.154ns  ((TSJ^2 + TIJ^2)^1/2 + DJ) / 2 + PE
    Total System Jitter     (TSJ):    0.071ns
    Total Input Jitter      (TIJ):    0.300ns
    Discrete Jitter          (DJ):    0.000ns
    Phase Error              (PE):    0.000ns
  Timing Exception:       False Path

    Location             Delay type                Incr(ns)  Path(ns)    Netlist Resource(s)
  -------------------------------------------------------------------    -------------------
                         (clock clk_fpga_0 rise edge)
                                                      0.000     0.000 r  
    PS7_X0Y0             PS7                          0.000     0.000 r  poseidon_block_i/processing_system7/inst/PS7_i/FCLKCLK[0]
                         net (fo=1, routed)           1.193     1.193    poseidon_block_i/processing_system7/inst/FCLK_CLK_unbuffered[0]
    BUFGCTRL_X0Y16       BUFG (Prop_bufg_I_O)         0.101     1.294 r  poseidon_block_i/processing_system7/inst/buffer_fclk_clk_0.FCLK_CLK_0_BUFG/O
                         net (fo=7403, routed)        1.830     3.124    poseidon_block_i/smartconnect_0/inst/clk_map/psr_aclk/U0/aclk
    SLICE_X41Y120        FDRE                                         r  poseidon_block_i/smartconnect_0/inst/clk_map/psr_aclk/U0/ACTIVE_LOW_BSR_OUT_DFF[0].FDRE_BSR_N/C
  -------------------------------------------------------------------    -------------------
    SLICE_X41Y120        FDRE (Prop_fdre_C_Q)         0.456     3.580 r  poseidon_block_i/smartconnect_0/inst/clk_map/psr_aclk/U0/ACTIVE_LOW_BSR_OUT_DFF[0].FDRE_BSR_N/Q
                         net (fo=32, routed)          5.930     9.510    poseidon_block_i/smartconnect_0/inst/m00_exit_pipeline/m00_exit/inst/xpm_cdc_async_rst_inst/src_arst
    SLICE_X41Y62         LUT1 (Prop_lut1_I0_O)        0.153     9.663 f  poseidon_block_i/smartconnect_0/inst/m00_exit_pipeline/m00_exit/inst/xpm_cdc_async_rst_inst/arststages_ff[2]_i_1/O
                         net (fo=3, routed)           0.532    10.195    poseidon_block_i/smartconnect_0/inst/m00_exit_pipeline/m00_exit/inst/xpm_cdc_async_rst_inst/reset_pol
    SLICE_X41Y62         FDCE                                         f  poseidon_block_i/smartconnect_0/inst/m00_exit_pipeline/m00_exit/inst/xpm_cdc_async_rst_inst/arststages_ff_reg[0]/CLR
  -------------------------------------------------------------------    -------------------

                         (clock clk_fpga_0 rise edge)
                                                      0.000     0.000 r  
    PS7_X0Y0             PS7                          0.000     0.000 r  poseidon_block_i/processing_system7/inst/PS7_i/FCLKCLK[0]
                         net (fo=1, routed)           1.088     1.088    poseidon_block_i/processing_system7/inst/FCLK_CLK_unbuffered[0]
    BUFGCTRL_X0Y16       BUFG (Prop_bufg_I_O)         0.091     1.179 r  poseidon_block_i/processing_system7/inst/buffer_fclk_clk_0.FCLK_CLK_0_BUFG/O
                         net (fo=7403, routed)        1.475     2.654    poseidon_block_i/smartconnect_0/inst/m00_exit_pipeline/m00_exit/inst/xpm_cdc_async_rst_inst/dest_clk
    SLICE_X41Y62         FDCE                                         r  poseidon_block_i/smartconnect_0/inst/m00_exit_pipeline/m00_exit/inst/xpm_cdc_async_rst_inst/arststages_ff_reg[0]/C





Min Delay Paths
--------------------------------------------------------------------------------------
Slack:                    inf
  Source:                 poseidon_block_i/rst_ps7_0_100M/U0/ACTIVE_LOW_PR_OUT_DFF[0].FDRE_PER_N/C
                            (rising edge-triggered cell FDRE clocked by clk_fpga_0  {rise@0.000ns fall@5.000ns period=10.000ns})
  Destination:            poseidon_block_i/smartconnect_0/inst/clk_map/psr_aclk/U0/EXT_LPF/ACTIVE_LOW_AUX.ACT_LO_AUX/syncstages_ff_reg[0]/D
                            (rising edge-triggered cell FDRE clocked by clk_fpga_0  {rise@0.000ns fall@5.000ns period=10.000ns})
  Path Group:             (none)
  Path Type:              Hold (Min at Fast Process Corner)
  Data Path Delay:        0.492ns  (logic 0.186ns (37.817%)  route 0.306ns (62.183%))
  Logic Levels:           1  (LUT1=1)
  Clock Path Skew:        0.301ns (DCD - SCD - CPR)
    Destination Clock Delay (DCD):    1.265ns
    Source Clock Delay      (SCD):    0.964ns
    Clock Pessimism Removal (CPR):    -0.000ns
  Clock Uncertainty:      0.154ns  ((TSJ^2 + TIJ^2)^1/2 + DJ) / 2 + PE
    Total System Jitter     (TSJ):    0.071ns
    Total Input Jitter      (TIJ):    0.300ns
    Discrete Jitter          (DJ):    0.000ns
    Phase Error              (PE):    0.000ns
  Timing Exception:       False Path

    Location             Delay type                Incr(ns)  Path(ns)    Netlist Resource(s)
  -------------------------------------------------------------------    -------------------
                         (clock clk_fpga_0 rise edge)
                                                      0.000     0.000 r  
    PS7_X0Y0             PS7                          0.000     0.000 r  poseidon_block_i/processing_system7/inst/PS7_i/FCLKCLK[0]
                         net (fo=1, routed)           0.310     0.310    poseidon_block_i/processing_system7/inst/FCLK_CLK_unbuffered[0]
    BUFGCTRL_X0Y16       BUFG (Prop_bufg_I_O)         0.026     0.336 r  poseidon_block_i/processing_system7/inst/buffer_fclk_clk_0.FCLK_CLK_0_BUFG/O
                         net (fo=7403, routed)        0.628     0.964    poseidon_block_i/rst_ps7_0_100M/U0/slowest_sync_clk
    SLICE_X48Y120        FDRE                                         r  poseidon_block_i/rst_ps7_0_100M/U0/ACTIVE_LOW_PR_OUT_DFF[0].FDRE_PER_N/C
  -------------------------------------------------------------------    -------------------
    SLICE_X48Y120        FDRE (Prop_fdre_C_Q)         0.141     1.105 f  poseidon_block_i/rst_ps7_0_100M/U0/ACTIVE_LOW_PR_OUT_DFF[0].FDRE_PER_N/Q
                         net (fo=32, routed)          0.306     1.411    poseidon_block_i/smartconnect_0/inst/clk_map/psr_aclk/U0/EXT_LPF/aresetn
    SLICE_X42Y120        LUT1 (Prop_lut1_I0_O)        0.045     1.456 r  poseidon_block_i/smartconnect_0/inst/clk_map/psr_aclk/U0/EXT_LPF/ACTIVE_LOW_AUX.ACT_LO_AUX_i_1/O
                         net (fo=1, routed)           0.000     1.456    poseidon_block_i/smartconnect_0/inst/clk_map/psr_aclk/U0/EXT_LPF/ACTIVE_LOW_AUX.ACT_LO_AUX/src_in
    SLICE_X42Y120        FDRE                                         r  poseidon_block_i/smartconnect_0/inst/clk_map/psr_aclk/U0/EXT_LPF/ACTIVE_LOW_AUX.ACT_LO_AUX/syncstages_ff_reg[0]/D
  -------------------------------------------------------------------    -------------------

                         (clock clk_fpga_0 rise edge)
                                                      0.000     0.000 r  
    PS7_X0Y0             PS7                          0.000     0.000 r  poseidon_block_i/processing_system7/inst/PS7_i/FCLKCLK[0]
                         net (fo=1, routed)           0.337     0.337    poseidon_block_i/processing_system7/inst/FCLK_CLK_unbuffered[0]
    BUFGCTRL_X0Y16       BUFG (Prop_bufg_I_O)         0.029     0.366 r  poseidon_block_i/processing_system7/inst/buffer_fclk_clk_0.FCLK_CLK_0_BUFG/O
                         net (fo=7403, routed)        0.899     1.265    poseidon_block_i/smartconnect_0/inst/clk_map/psr_aclk/U0/EXT_LPF/ACTIVE_LOW_AUX.ACT_LO_AUX/dest_clk
    SLICE_X42Y120        FDRE                                         r  poseidon_block_i/smartconnect_0/inst/clk_map/psr_aclk/U0/EXT_LPF/ACTIVE_LOW_AUX.ACT_LO_AUX/syncstages_ff_reg[0]/C

Slack:                    inf
  Source:                 poseidon_block_i/smartconnect_0/inst/clk_map/psr_aclk/U0/ACTIVE_LOW_BSR_OUT_DFF[0].FDRE_BSR_N/C
                            (rising edge-triggered cell FDRE clocked by clk_fpga_0  {rise@0.000ns fall@5.000ns period=10.000ns})
  Destination:            poseidon_block_i/smartconnect_0/inst/m02_nodes/m02_w_node/inst/s_sc_xpm_cdc_async_rst_inst/arststages_ff_reg[0]/CLR
                            (removal check against rising-edge clock clk_fpga_0  {rise@0.000ns fall@5.000ns period=10.000ns})
  Path Group:             (none)
  Path Type:              Removal (Min at Fast Process Corner)
  Data Path Delay:        0.648ns  (logic 0.184ns (28.377%)  route 0.464ns (71.623%))
  Logic Levels:           1  (LUT1=1)
  Clock Path Skew:        0.302ns (DCD - SCD - CPR)
    Destination Clock Delay (DCD):    1.267ns
    Source Clock Delay      (SCD):    0.965ns
    Clock Pessimism Removal (CPR):    -0.000ns
  Clock Uncertainty:      0.154ns  ((TSJ^2 + TIJ^2)^1/2 + DJ) / 2 + PE
    Total System Jitter     (TSJ):    0.071ns
    Total Input Jitter      (TIJ):    0.300ns
    Discrete Jitter          (DJ):    0.000ns
    Phase Error              (PE):    0.000ns
  Timing Exception:       False Path

    Location             Delay type                Incr(ns)  Path(ns)    Netlist Resource(s)
  -------------------------------------------------------------------    -------------------
                         (clock clk_fpga_0 rise edge)
                                                      0.000     0.000 r  
    PS7_X0Y0             PS7                          0.000     0.000 r  poseidon_block_i/processing_system7/inst/PS7_i/FCLKCLK[0]
                         net (fo=1, routed)           0.310     0.310    poseidon_block_i/processing_system7/inst/FCLK_CLK_unbuffered[0]
    BUFGCTRL_X0Y16       BUFG (Prop_bufg_I_O)         0.026     0.336 r  poseidon_block_i/processing_system7/inst/buffer_fclk_clk_0.FCLK_CLK_0_BUFG/O
                         net (fo=7403, routed)        0.629     0.965    poseidon_block_i/smartconnect_0/inst/clk_map/psr_aclk/U0/aclk
    SLICE_X41Y120        FDRE                                         r  poseidon_block_i/smartconnect_0/inst/clk_map/psr_aclk/U0/ACTIVE_LOW_BSR_OUT_DFF[0].FDRE_BSR_N/C
  -------------------------------------------------------------------    -------------------
    SLICE_X41Y120        FDRE (Prop_fdre_C_Q)         0.141     1.106 r  poseidon_block_i/smartconnect_0/inst/clk_map/psr_aclk/U0/ACTIVE_LOW_BSR_OUT_DFF[0].FDRE_BSR_N/Q
                         net (fo=32, routed)          0.288     1.394    poseidon_block_i/smartconnect_0/inst/m02_nodes/m02_w_node/inst/s_sc_xpm_cdc_async_rst_inst/src_arst
    SLICE_X42Y118        LUT1 (Prop_lut1_I0_O)        0.043     1.437 f  poseidon_block_i/smartconnect_0/inst/m02_nodes/m02_w_node/inst/s_sc_xpm_cdc_async_rst_inst/arststages_ff[2]_i_1/O
                         net (fo=3, routed)           0.177     1.613    poseidon_block_i/smartconnect_0/inst/m02_nodes/m02_w_node/inst/s_sc_xpm_cdc_async_rst_inst/reset_pol
    SLICE_X42Y118        FDCE                                         f  poseidon_block_i/smartconnect_0/inst/m02_nodes/m02_w_node/inst/s_sc_xpm_cdc_async_rst_inst/arststages_ff_reg[0]/CLR
  -------------------------------------------------------------------    -------------------

                         (clock clk_fpga_0 rise edge)
                                                      0.000     0.000 r  
    PS7_X0Y0             PS7                          0.000     0.000 r  poseidon_block_i/processing_system7/inst/PS7_i/FCLKCLK[0]
                         net (fo=1, routed)           0.337     0.337    poseidon_block_i/processing_system7/inst/FCLK_CLK_unbuffered[0]
    BUFGCTRL_X0Y16       BUFG (Prop_bufg_I_O)         0.029     0.366 r  poseidon_block_i/processing_system7/inst/buffer_fclk_clk_0.FCLK_CLK_0_BUFG/O
                         net (fo=7403, routed)        0.901     1.267    poseidon_block_i/smartconnect_0/inst/m02_nodes/m02_w_node/inst/s_sc_xpm_cdc_async_rst_inst/dest_clk
    SLICE_X42Y118        FDCE                                         r  poseidon_block_i/smartconnect_0/inst/m02_nodes/m02_w_node/inst/s_sc_xpm_cdc_async_rst_inst/arststages_ff_reg[0]/C

Slack:                    inf
  Source:                 poseidon_block_i/smartconnect_0/inst/clk_map/psr_aclk/U0/ACTIVE_LOW_BSR_OUT_DFF[0].FDRE_BSR_N/C
                            (rising edge-triggered cell FDRE clocked by clk_fpga_0  {rise@0.000ns fall@5.000ns period=10.000ns})
  Destination:            poseidon_block_i/smartconnect_0/inst/m02_nodes/m02_w_node/inst/s_sc_xpm_cdc_async_rst_inst/arststages_ff_reg[1]/CLR
                            (removal check against rising-edge clock clk_fpga_0  {rise@0.000ns fall@5.000ns period=10.000ns})
  Path Group:             (none)
  Path Type:              Removal (Min at Fast Process Corner)
  Data Path Delay:        0.648ns  (logic 0.184ns (28.377%)  route 0.464ns (71.623%))
  Logic Levels:           1  (LUT1=1)
  Clock Path Skew:        0.302ns (DCD - SCD - CPR)
    Destination Clock Delay (DCD):    1.267ns
    Source Clock Delay      (SCD):    0.965ns
    Clock Pessimism Removal (CPR):    -0.000ns
  Clock Uncertainty:      0.154ns  ((TSJ^2 + TIJ^2)^1/2 + DJ) / 2 + PE
    Total System Jitter     (TSJ):    0.071ns
    Total Input Jitter      (TIJ):    0.300ns
    Discrete Jitter          (DJ):    0.000ns
    Phase Error              (PE):    0.000ns
  Timing Exception:       False Path

    Location             Delay type                Incr(ns)  Path(ns)    Netlist Resource(s)
  -------------------------------------------------------------------    -------------------
                         (clock clk_fpga_0 rise edge)
                                                      0.000     0.000 r  
    PS7_X0Y0             PS7                          0.000     0.000 r  poseidon_block_i/processing_system7/inst/PS7_i/FCLKCLK[0]
                         net (fo=1, routed)           0.310     0.310    poseidon_block_i/processing_system7/inst/FCLK_CLK_unbuffered[0]
    BUFGCTRL_X0Y16       BUFG (Prop_bufg_I_O)         0.026     0.336 r  poseidon_block_i/processing_system7/inst/buffer_fclk_clk_0.FCLK_CLK_0_BUFG/O
                         net (fo=7403, routed)        0.629     0.965    poseidon_block_i/smartconnect_0/inst/clk_map/psr_aclk/U0/aclk
    SLICE_X41Y120        FDRE                                         r  poseidon_block_i/smartconnect_0/inst/clk_map/psr_aclk/U0/ACTIVE_LOW_BSR_OUT_DFF[0].FDRE_BSR_N/C
  -------------------------------------------------------------------    -------------------
    SLICE_X41Y120        FDRE (Prop_fdre_C_Q)         0.141     1.106 r  poseidon_block_i/smartconnect_0/inst/clk_map/psr_aclk/U0/ACTIVE_LOW_BSR_OUT_DFF[0].FDRE_BSR_N/Q
                         net (fo=32, routed)          0.288     1.394    poseidon_block_i/smartconnect_0/inst/m02_nodes/m02_w_node/inst/s_sc_xpm_cdc_async_rst_inst/src_arst
    SLICE_X42Y118        LUT1 (Prop_lut1_I0_O)        0.043     1.437 f  poseidon_block_i/smartconnect_0/inst/m02_nodes/m02_w_node/inst/s_sc_xpm_cdc_async_rst_inst/arststages_ff[2]_i_1/O
                         net (fo=3, routed)           0.177     1.613    poseidon_block_i/smartconnect_0/inst/m02_nodes/m02_w_node/inst/s_sc_xpm_cdc_async_rst_inst/reset_pol
    SLICE_X42Y118        FDCE                                         f  poseidon_block_i/smartconnect_0/inst/m02_nodes/m02_w_node/inst/s_sc_xpm_cdc_async_rst_inst/arststages_ff_reg[1]/CLR
  -------------------------------------------------------------------    -------------------

                         (clock clk_fpga_0 rise edge)
                                                      0.000     0.000 r  
    PS7_X0Y0             PS7                          0.000     0.000 r  poseidon_block_i/processing_system7/inst/PS7_i/FCLKCLK[0]
                         net (fo=1, routed)           0.337     0.337    poseidon_block_i/processing_system7/inst/FCLK_CLK_unbuffered[0]
    BUFGCTRL_X0Y16       BUFG (Prop_bufg_I_O)         0.029     0.366 r  poseidon_block_i/processing_system7/inst/buffer_fclk_clk_0.FCLK_CLK_0_BUFG/O
                         net (fo=7403, routed)        0.901     1.267    poseidon_block_i/smartconnect_0/inst/m02_nodes/m02_w_node/inst/s_sc_xpm_cdc_async_rst_inst/dest_clk
    SLICE_X42Y118        FDCE                                         r  poseidon_block_i/smartconnect_0/inst/m02_nodes/m02_w_node/inst/s_sc_xpm_cdc_async_rst_inst/arststages_ff_reg[1]/C

Slack:                    inf
  Source:                 poseidon_block_i/smartconnect_0/inst/clk_map/psr_aclk/U0/ACTIVE_LOW_BSR_OUT_DFF[0].FDRE_BSR_N/C
                            (rising edge-triggered cell FDRE clocked by clk_fpga_0  {rise@0.000ns fall@5.000ns period=10.000ns})
  Destination:            poseidon_block_i/smartconnect_0/inst/m02_nodes/m02_w_node/inst/s_sc_xpm_cdc_async_rst_inst/arststages_ff_reg[2]/CLR
                            (removal check against rising-edge clock clk_fpga_0  {rise@0.000ns fall@5.000ns period=10.000ns})
  Path Group:             (none)
  Path Type:              Removal (Min at Fast Process Corner)
  Data Path Delay:        0.648ns  (logic 0.184ns (28.377%)  route 0.464ns (71.623%))
  Logic Levels:           1  (LUT1=1)
  Clock Path Skew:        0.302ns (DCD - SCD - CPR)
    Destination Clock Delay (DCD):    1.267ns
    Source Clock Delay      (SCD):    0.965ns
    Clock Pessimism Removal (CPR):    -0.000ns
  Clock Uncertainty:      0.154ns  ((TSJ^2 + TIJ^2)^1/2 + DJ) / 2 + PE
    Total System Jitter     (TSJ):    0.071ns
    Total Input Jitter      (TIJ):    0.300ns
    Discrete Jitter          (DJ):    0.000ns
    Phase Error              (PE):    0.000ns
  Timing Exception:       False Path

    Location             Delay type                Incr(ns)  Path(ns)    Netlist Resource(s)
  -------------------------------------------------------------------    -------------------
                         (clock clk_fpga_0 rise edge)
                                                      0.000     0.000 r  
    PS7_X0Y0             PS7                          0.000     0.000 r  poseidon_block_i/processing_system7/inst/PS7_i/FCLKCLK[0]
                         net (fo=1, routed)           0.310     0.310    poseidon_block_i/processing_system7/inst/FCLK_CLK_unbuffered[0]
    BUFGCTRL_X0Y16       BUFG (Prop_bufg_I_O)         0.026     0.336 r  poseidon_block_i/processing_system7/inst/buffer_fclk_clk_0.FCLK_CLK_0_BUFG/O
                         net (fo=7403, routed)        0.629     0.965    poseidon_block_i/smartconnect_0/inst/clk_map/psr_aclk/U0/aclk
    SLICE_X41Y120        FDRE                                         r  poseidon_block_i/smartconnect_0/inst/clk_map/psr_aclk/U0/ACTIVE_LOW_BSR_OUT_DFF[0].FDRE_BSR_N/C
  -------------------------------------------------------------------    -------------------
    SLICE_X41Y120        FDRE (Prop_fdre_C_Q)         0.141     1.106 r  poseidon_block_i/smartconnect_0/inst/clk_map/psr_aclk/U0/ACTIVE_LOW_BSR_OUT_DFF[0].FDRE_BSR_N/Q
                         net (fo=32, routed)          0.288     1.394    poseidon_block_i/smartconnect_0/inst/m02_nodes/m02_w_node/inst/s_sc_xpm_cdc_async_rst_inst/src_arst
    SLICE_X42Y118        LUT1 (Prop_lut1_I0_O)        0.043     1.437 f  poseidon_block_i/smartconnect_0/inst/m02_nodes/m02_w_node/inst/s_sc_xpm_cdc_async_rst_inst/arststages_ff[2]_i_1/O
                         net (fo=3, routed)           0.177     1.613    poseidon_block_i/smartconnect_0/inst/m02_nodes/m02_w_node/inst/s_sc_xpm_cdc_async_rst_inst/reset_pol
    SLICE_X42Y118        FDCE                                         f  poseidon_block_i/smartconnect_0/inst/m02_nodes/m02_w_node/inst/s_sc_xpm_cdc_async_rst_inst/arststages_ff_reg[2]/CLR
  -------------------------------------------------------------------    -------------------

                         (clock clk_fpga_0 rise edge)
                                                      0.000     0.000 r  
    PS7_X0Y0             PS7                          0.000     0.000 r  poseidon_block_i/processing_system7/inst/PS7_i/FCLKCLK[0]
                         net (fo=1, routed)           0.337     0.337    poseidon_block_i/processing_system7/inst/FCLK_CLK_unbuffered[0]
    BUFGCTRL_X0Y16       BUFG (Prop_bufg_I_O)         0.029     0.366 r  poseidon_block_i/processing_system7/inst/buffer_fclk_clk_0.FCLK_CLK_0_BUFG/O
                         net (fo=7403, routed)        0.901     1.267    poseidon_block_i/smartconnect_0/inst/m02_nodes/m02_w_node/inst/s_sc_xpm_cdc_async_rst_inst/dest_clk
    SLICE_X42Y118        FDCE                                         r  poseidon_block_i/smartconnect_0/inst/m02_nodes/m02_w_node/inst/s_sc_xpm_cdc_async_rst_inst/arststages_ff_reg[2]/C

Slack:                    inf
  Source:                 poseidon_block_i/smartconnect_0/inst/clk_map/psr_aclk/U0/ACTIVE_LOW_BSR_OUT_DFF[0].FDRE_BSR_N/C
                            (rising edge-triggered cell FDRE clocked by clk_fpga_0  {rise@0.000ns fall@5.000ns period=10.000ns})
  Destination:            poseidon_block_i/smartconnect_0/inst/m01_nodes/m01_w_node/inst/s_sc_xpm_cdc_async_rst_inst/arststages_ff_reg[0]/CLR
                            (removal check against rising-edge clock clk_fpga_0  {rise@0.000ns fall@5.000ns period=10.000ns})
  Path Group:             (none)
  Path Type:              Removal (Min at Fast Process Corner)
  Data Path Delay:        0.676ns  (logic 0.186ns (27.534%)  route 0.490ns (72.466%))
  Logic Levels:           1  (LUT1=1)
  Clock Path Skew:        0.306ns (DCD - SCD - CPR)
    Destination Clock Delay (DCD):    1.271ns
    Source Clock Delay      (SCD):    0.965ns
    Clock Pessimism Removal (CPR):    -0.000ns
  Clock Uncertainty:      0.154ns  ((TSJ^2 + TIJ^2)^1/2 + DJ) / 2 + PE
    Total System Jitter     (TSJ):    0.071ns
    Total Input Jitter      (TIJ):    0.300ns
    Discrete Jitter          (DJ):    0.000ns
    Phase Error              (PE):    0.000ns
  Timing Exception:       False Path

    Location             Delay type                Incr(ns)  Path(ns)    Netlist Resource(s)
  -------------------------------------------------------------------    -------------------
                         (clock clk_fpga_0 rise edge)
                                                      0.000     0.000 r  
    PS7_X0Y0             PS7                          0.000     0.000 r  poseidon_block_i/processing_system7/inst/PS7_i/FCLKCLK[0]
                         net (fo=1, routed)           0.310     0.310    poseidon_block_i/processing_system7/inst/FCLK_CLK_unbuffered[0]
    BUFGCTRL_X0Y16       BUFG (Prop_bufg_I_O)         0.026     0.336 r  poseidon_block_i/processing_system7/inst/buffer_fclk_clk_0.FCLK_CLK_0_BUFG/O
                         net (fo=7403, routed)        0.629     0.965    poseidon_block_i/smartconnect_0/inst/clk_map/psr_aclk/U0/aclk
    SLICE_X41Y120        FDRE                                         r  poseidon_block_i/smartconnect_0/inst/clk_map/psr_aclk/U0/ACTIVE_LOW_BSR_OUT_DFF[0].FDRE_BSR_N/C
  -------------------------------------------------------------------    -------------------
    SLICE_X41Y120        FDRE (Prop_fdre_C_Q)         0.141     1.106 r  poseidon_block_i/smartconnect_0/inst/clk_map/psr_aclk/U0/ACTIVE_LOW_BSR_OUT_DFF[0].FDRE_BSR_N/Q
                         net (fo=32, routed)          0.288     1.394    poseidon_block_i/smartconnect_0/inst/m01_nodes/m01_w_node/inst/s_sc_xpm_cdc_async_rst_inst/src_arst
    SLICE_X42Y118        LUT1 (Prop_lut1_I0_O)        0.045     1.439 f  poseidon_block_i/smartconnect_0/inst/m01_nodes/m01_w_node/inst/s_sc_xpm_cdc_async_rst_inst/arststages_ff[2]_i_1/O
                         net (fo=3, routed)           0.202     1.641    poseidon_block_i/smartconnect_0/inst/m01_nodes/m01_w_node/inst/s_sc_xpm_cdc_async_rst_inst/reset_pol
    SLICE_X42Y113        FDCE                                         f  poseidon_block_i/smartconnect_0/inst/m01_nodes/m01_w_node/inst/s_sc_xpm_cdc_async_rst_inst/arststages_ff_reg[0]/CLR
  -------------------------------------------------------------------    -------------------

                         (clock clk_fpga_0 rise edge)
                                                      0.000     0.000 r  
    PS7_X0Y0             PS7                          0.000     0.000 r  poseidon_block_i/processing_system7/inst/PS7_i/FCLKCLK[0]
                         net (fo=1, routed)           0.337     0.337    poseidon_block_i/processing_system7/inst/FCLK_CLK_unbuffered[0]
    BUFGCTRL_X0Y16       BUFG (Prop_bufg_I_O)         0.029     0.366 r  poseidon_block_i/processing_system7/inst/buffer_fclk_clk_0.FCLK_CLK_0_BUFG/O
                         net (fo=7403, routed)        0.905     1.271    poseidon_block_i/smartconnect_0/inst/m01_nodes/m01_w_node/inst/s_sc_xpm_cdc_async_rst_inst/dest_clk
    SLICE_X42Y113        FDCE                                         r  poseidon_block_i/smartconnect_0/inst/m01_nodes/m01_w_node/inst/s_sc_xpm_cdc_async_rst_inst/arststages_ff_reg[0]/C

Slack:                    inf
  Source:                 poseidon_block_i/smartconnect_0/inst/clk_map/psr_aclk/U0/ACTIVE_LOW_BSR_OUT_DFF[0].FDRE_BSR_N/C
                            (rising edge-triggered cell FDRE clocked by clk_fpga_0  {rise@0.000ns fall@5.000ns period=10.000ns})
  Destination:            poseidon_block_i/smartconnect_0/inst/m01_nodes/m01_w_node/inst/s_sc_xpm_cdc_async_rst_inst/arststages_ff_reg[1]/CLR
                            (removal check against rising-edge clock clk_fpga_0  {rise@0.000ns fall@5.000ns period=10.000ns})
  Path Group:             (none)
  Path Type:              Removal (Min at Fast Process Corner)
  Data Path Delay:        0.676ns  (logic 0.186ns (27.534%)  route 0.490ns (72.466%))
  Logic Levels:           1  (LUT1=1)
  Clock Path Skew:        0.306ns (DCD - SCD - CPR)
    Destination Clock Delay (DCD):    1.271ns
    Source Clock Delay      (SCD):    0.965ns
    Clock Pessimism Removal (CPR):    -0.000ns
  Clock Uncertainty:      0.154ns  ((TSJ^2 + TIJ^2)^1/2 + DJ) / 2 + PE
    Total System Jitter     (TSJ):    0.071ns
    Total Input Jitter      (TIJ):    0.300ns
    Discrete Jitter          (DJ):    0.000ns
    Phase Error              (PE):    0.000ns
  Timing Exception:       False Path

    Location             Delay type                Incr(ns)  Path(ns)    Netlist Resource(s)
  -------------------------------------------------------------------    -------------------
                         (clock clk_fpga_0 rise edge)
                                                      0.000     0.000 r  
    PS7_X0Y0             PS7                          0.000     0.000 r  poseidon_block_i/processing_system7/inst/PS7_i/FCLKCLK[0]
                         net (fo=1, routed)           0.310     0.310    poseidon_block_i/processing_system7/inst/FCLK_CLK_unbuffered[0]
    BUFGCTRL_X0Y16       BUFG (Prop_bufg_I_O)         0.026     0.336 r  poseidon_block_i/processing_system7/inst/buffer_fclk_clk_0.FCLK_CLK_0_BUFG/O
                         net (fo=7403, routed)        0.629     0.965    poseidon_block_i/smartconnect_0/inst/clk_map/psr_aclk/U0/aclk
    SLICE_X41Y120        FDRE                                         r  poseidon_block_i/smartconnect_0/inst/clk_map/psr_aclk/U0/ACTIVE_LOW_BSR_OUT_DFF[0].FDRE_BSR_N/C
  -------------------------------------------------------------------    -------------------
    SLICE_X41Y120        FDRE (Prop_fdre_C_Q)         0.141     1.106 r  poseidon_block_i/smartconnect_0/inst/clk_map/psr_aclk/U0/ACTIVE_LOW_BSR_OUT_DFF[0].FDRE_BSR_N/Q
                         net (fo=32, routed)          0.288     1.394    poseidon_block_i/smartconnect_0/inst/m01_nodes/m01_w_node/inst/s_sc_xpm_cdc_async_rst_inst/src_arst
    SLICE_X42Y118        LUT1 (Prop_lut1_I0_O)        0.045     1.439 f  poseidon_block_i/smartconnect_0/inst/m01_nodes/m01_w_node/inst/s_sc_xpm_cdc_async_rst_inst/arststages_ff[2]_i_1/O
                         net (fo=3, routed)           0.202     1.641    poseidon_block_i/smartconnect_0/inst/m01_nodes/m01_w_node/inst/s_sc_xpm_cdc_async_rst_inst/reset_pol
    SLICE_X42Y113        FDCE                                         f  poseidon_block_i/smartconnect_0/inst/m01_nodes/m01_w_node/inst/s_sc_xpm_cdc_async_rst_inst/arststages_ff_reg[1]/CLR
  -------------------------------------------------------------------    -------------------

                         (clock clk_fpga_0 rise edge)
                                                      0.000     0.000 r  
    PS7_X0Y0             PS7                          0.000     0.000 r  poseidon_block_i/processing_system7/inst/PS7_i/FCLKCLK[0]
                         net (fo=1, routed)           0.337     0.337    poseidon_block_i/processing_system7/inst/FCLK_CLK_unbuffered[0]
    BUFGCTRL_X0Y16       BUFG (Prop_bufg_I_O)         0.029     0.366 r  poseidon_block_i/processing_system7/inst/buffer_fclk_clk_0.FCLK_CLK_0_BUFG/O
                         net (fo=7403, routed)        0.905     1.271    poseidon_block_i/smartconnect_0/inst/m01_nodes/m01_w_node/inst/s_sc_xpm_cdc_async_rst_inst/dest_clk
    SLICE_X42Y113        FDCE                                         r  poseidon_block_i/smartconnect_0/inst/m01_nodes/m01_w_node/inst/s_sc_xpm_cdc_async_rst_inst/arststages_ff_reg[1]/C

Slack:                    inf
  Source:                 poseidon_block_i/smartconnect_0/inst/clk_map/psr_aclk/U0/ACTIVE_LOW_BSR_OUT_DFF[0].FDRE_BSR_N/C
                            (rising edge-triggered cell FDRE clocked by clk_fpga_0  {rise@0.000ns fall@5.000ns period=10.000ns})
  Destination:            poseidon_block_i/smartconnect_0/inst/m01_nodes/m01_w_node/inst/s_sc_xpm_cdc_async_rst_inst/arststages_ff_reg[2]/CLR
                            (removal check against rising-edge clock clk_fpga_0  {rise@0.000ns fall@5.000ns period=10.000ns})
  Path Group:             (none)
  Path Type:              Removal (Min at Fast Process Corner)
  Data Path Delay:        0.676ns  (logic 0.186ns (27.534%)  route 0.490ns (72.466%))
  Logic Levels:           1  (LUT1=1)
  Clock Path Skew:        0.306ns (DCD - SCD - CPR)
    Destination Clock Delay (DCD):    1.271ns
    Source Clock Delay      (SCD):    0.965ns
    Clock Pessimism Removal (CPR):    -0.000ns
  Clock Uncertainty:      0.154ns  ((TSJ^2 + TIJ^2)^1/2 + DJ) / 2 + PE
    Total System Jitter     (TSJ):    0.071ns
    Total Input Jitter      (TIJ):    0.300ns
    Discrete Jitter          (DJ):    0.000ns
    Phase Error              (PE):    0.000ns
  Timing Exception:       False Path

    Location             Delay type                Incr(ns)  Path(ns)    Netlist Resource(s)
  -------------------------------------------------------------------    -------------------
                         (clock clk_fpga_0 rise edge)
                                                      0.000     0.000 r  
    PS7_X0Y0             PS7                          0.000     0.000 r  poseidon_block_i/processing_system7/inst/PS7_i/FCLKCLK[0]
                         net (fo=1, routed)           0.310     0.310    poseidon_block_i/processing_system7/inst/FCLK_CLK_unbuffered[0]
    BUFGCTRL_X0Y16       BUFG (Prop_bufg_I_O)         0.026     0.336 r  poseidon_block_i/processing_system7/inst/buffer_fclk_clk_0.FCLK_CLK_0_BUFG/O
                         net (fo=7403, routed)        0.629     0.965    poseidon_block_i/smartconnect_0/inst/clk_map/psr_aclk/U0/aclk
    SLICE_X41Y120        FDRE                                         r  poseidon_block_i/smartconnect_0/inst/clk_map/psr_aclk/U0/ACTIVE_LOW_BSR_OUT_DFF[0].FDRE_BSR_N/C
  -------------------------------------------------------------------    -------------------
    SLICE_X41Y120        FDRE (Prop_fdre_C_Q)         0.141     1.106 r  poseidon_block_i/smartconnect_0/inst/clk_map/psr_aclk/U0/ACTIVE_LOW_BSR_OUT_DFF[0].FDRE_BSR_N/Q
                         net (fo=32, routed)          0.288     1.394    poseidon_block_i/smartconnect_0/inst/m01_nodes/m01_w_node/inst/s_sc_xpm_cdc_async_rst_inst/src_arst
    SLICE_X42Y118        LUT1 (Prop_lut1_I0_O)        0.045     1.439 f  poseidon_block_i/smartconnect_0/inst/m01_nodes/m01_w_node/inst/s_sc_xpm_cdc_async_rst_inst/arststages_ff[2]_i_1/O
                         net (fo=3, routed)           0.202     1.641    poseidon_block_i/smartconnect_0/inst/m01_nodes/m01_w_node/inst/s_sc_xpm_cdc_async_rst_inst/reset_pol
    SLICE_X42Y113        FDCE                                         f  poseidon_block_i/smartconnect_0/inst/m01_nodes/m01_w_node/inst/s_sc_xpm_cdc_async_rst_inst/arststages_ff_reg[2]/CLR
  -------------------------------------------------------------------    -------------------

                         (clock clk_fpga_0 rise edge)
                                                      0.000     0.000 r  
    PS7_X0Y0             PS7                          0.000     0.000 r  poseidon_block_i/processing_system7/inst/PS7_i/FCLKCLK[0]
                         net (fo=1, routed)           0.337     0.337    poseidon_block_i/processing_system7/inst/FCLK_CLK_unbuffered[0]
    BUFGCTRL_X0Y16       BUFG (Prop_bufg_I_O)         0.029     0.366 r  poseidon_block_i/processing_system7/inst/buffer_fclk_clk_0.FCLK_CLK_0_BUFG/O
                         net (fo=7403, routed)        0.905     1.271    poseidon_block_i/smartconnect_0/inst/m01_nodes/m01_w_node/inst/s_sc_xpm_cdc_async_rst_inst/dest_clk
    SLICE_X42Y113        FDCE                                         r  poseidon_block_i/smartconnect_0/inst/m01_nodes/m01_w_node/inst/s_sc_xpm_cdc_async_rst_inst/arststages_ff_reg[2]/C

Slack:                    inf
  Source:                 poseidon_block_i/smartconnect_0/inst/clk_map/psr_aclk/U0/ACTIVE_LOW_BSR_OUT_DFF[0].FDRE_BSR_N/C
                            (rising edge-triggered cell FDRE clocked by clk_fpga_0  {rise@0.000ns fall@5.000ns period=10.000ns})
  Destination:            poseidon_block_i/smartconnect_0/inst/m02_nodes/m02_aw_node/inst/s_sc_xpm_cdc_async_rst_inst/arststages_ff_reg[0]/CLR
                            (removal check against rising-edge clock clk_fpga_0  {rise@0.000ns fall@5.000ns period=10.000ns})
  Path Group:             (none)
  Path Type:              Removal (Min at Fast Process Corner)
  Data Path Delay:        0.748ns  (logic 0.186ns (24.880%)  route 0.562ns (75.120%))
  Logic Levels:           1  (LUT1=1)
  Clock Path Skew:        0.302ns (DCD - SCD - CPR)
    Destination Clock Delay (DCD):    1.267ns
    Source Clock Delay      (SCD):    0.965ns
    Clock Pessimism Removal (CPR):    -0.000ns
  Clock Uncertainty:      0.154ns  ((TSJ^2 + TIJ^2)^1/2 + DJ) / 2 + PE
    Total System Jitter     (TSJ):    0.071ns
    Total Input Jitter      (TIJ):    0.300ns
    Discrete Jitter          (DJ):    0.000ns
    Phase Error              (PE):    0.000ns
  Timing Exception:       False Path

    Location             Delay type                Incr(ns)  Path(ns)    Netlist Resource(s)
  -------------------------------------------------------------------    -------------------
                         (clock clk_fpga_0 rise edge)
                                                      0.000     0.000 r  
    PS7_X0Y0             PS7                          0.000     0.000 r  poseidon_block_i/processing_system7/inst/PS7_i/FCLKCLK[0]
                         net (fo=1, routed)           0.310     0.310    poseidon_block_i/processing_system7/inst/FCLK_CLK_unbuffered[0]
    BUFGCTRL_X0Y16       BUFG (Prop_bufg_I_O)         0.026     0.336 r  poseidon_block_i/processing_system7/inst/buffer_fclk_clk_0.FCLK_CLK_0_BUFG/O
                         net (fo=7403, routed)        0.629     0.965    poseidon_block_i/smartconnect_0/inst/clk_map/psr_aclk/U0/aclk
    SLICE_X41Y120        FDRE                                         r  poseidon_block_i/smartconnect_0/inst/clk_map/psr_aclk/U0/ACTIVE_LOW_BSR_OUT_DFF[0].FDRE_BSR_N/C
  -------------------------------------------------------------------    -------------------
    SLICE_X41Y120        FDRE (Prop_fdre_C_Q)         0.141     1.106 r  poseidon_block_i/smartconnect_0/inst/clk_map/psr_aclk/U0/ACTIVE_LOW_BSR_OUT_DFF[0].FDRE_BSR_N/Q
                         net (fo=32, routed)          0.382     1.488    poseidon_block_i/smartconnect_0/inst/m02_nodes/m02_aw_node/inst/s_sc_xpm_cdc_async_rst_inst/src_arst
    SLICE_X34Y119        LUT1 (Prop_lut1_I0_O)        0.045     1.533 f  poseidon_block_i/smartconnect_0/inst/m02_nodes/m02_aw_node/inst/s_sc_xpm_cdc_async_rst_inst/arststages_ff[2]_i_1/O
                         net (fo=3, routed)           0.179     1.713    poseidon_block_i/smartconnect_0/inst/m02_nodes/m02_aw_node/inst/s_sc_xpm_cdc_async_rst_inst/reset_pol
    SLICE_X34Y119        FDCE                                         f  poseidon_block_i/smartconnect_0/inst/m02_nodes/m02_aw_node/inst/s_sc_xpm_cdc_async_rst_inst/arststages_ff_reg[0]/CLR
  -------------------------------------------------------------------    -------------------

                         (clock clk_fpga_0 rise edge)
                                                      0.000     0.000 r  
    PS7_X0Y0             PS7                          0.000     0.000 r  poseidon_block_i/processing_system7/inst/PS7_i/FCLKCLK[0]
                         net (fo=1, routed)           0.337     0.337    poseidon_block_i/processing_system7/inst/FCLK_CLK_unbuffered[0]
    BUFGCTRL_X0Y16       BUFG (Prop_bufg_I_O)         0.029     0.366 r  poseidon_block_i/processing_system7/inst/buffer_fclk_clk_0.FCLK_CLK_0_BUFG/O
                         net (fo=7403, routed)        0.901     1.267    poseidon_block_i/smartconnect_0/inst/m02_nodes/m02_aw_node/inst/s_sc_xpm_cdc_async_rst_inst/dest_clk
    SLICE_X34Y119        FDCE                                         r  poseidon_block_i/smartconnect_0/inst/m02_nodes/m02_aw_node/inst/s_sc_xpm_cdc_async_rst_inst/arststages_ff_reg[0]/C

Slack:                    inf
  Source:                 poseidon_block_i/smartconnect_0/inst/clk_map/psr_aclk/U0/ACTIVE_LOW_BSR_OUT_DFF[0].FDRE_BSR_N/C
                            (rising edge-triggered cell FDRE clocked by clk_fpga_0  {rise@0.000ns fall@5.000ns period=10.000ns})
  Destination:            poseidon_block_i/smartconnect_0/inst/m02_nodes/m02_aw_node/inst/s_sc_xpm_cdc_async_rst_inst/arststages_ff_reg[1]/CLR
                            (removal check against rising-edge clock clk_fpga_0  {rise@0.000ns fall@5.000ns period=10.000ns})
  Path Group:             (none)
  Path Type:              Removal (Min at Fast Process Corner)
  Data Path Delay:        0.748ns  (logic 0.186ns (24.880%)  route 0.562ns (75.120%))
  Logic Levels:           1  (LUT1=1)
  Clock Path Skew:        0.302ns (DCD - SCD - CPR)
    Destination Clock Delay (DCD):    1.267ns
    Source Clock Delay      (SCD):    0.965ns
    Clock Pessimism Removal (CPR):    -0.000ns
  Clock Uncertainty:      0.154ns  ((TSJ^2 + TIJ^2)^1/2 + DJ) / 2 + PE
    Total System Jitter     (TSJ):    0.071ns
    Total Input Jitter      (TIJ):    0.300ns
    Discrete Jitter          (DJ):    0.000ns
    Phase Error              (PE):    0.000ns
  Timing Exception:       False Path

    Location             Delay type                Incr(ns)  Path(ns)    Netlist Resource(s)
  -------------------------------------------------------------------    -------------------
                         (clock clk_fpga_0 rise edge)
                                                      0.000     0.000 r  
    PS7_X0Y0             PS7                          0.000     0.000 r  poseidon_block_i/processing_system7/inst/PS7_i/FCLKCLK[0]
                         net (fo=1, routed)           0.310     0.310    poseidon_block_i/processing_system7/inst/FCLK_CLK_unbuffered[0]
    BUFGCTRL_X0Y16       BUFG (Prop_bufg_I_O)         0.026     0.336 r  poseidon_block_i/processing_system7/inst/buffer_fclk_clk_0.FCLK_CLK_0_BUFG/O
                         net (fo=7403, routed)        0.629     0.965    poseidon_block_i/smartconnect_0/inst/clk_map/psr_aclk/U0/aclk
    SLICE_X41Y120        FDRE                                         r  poseidon_block_i/smartconnect_0/inst/clk_map/psr_aclk/U0/ACTIVE_LOW_BSR_OUT_DFF[0].FDRE_BSR_N/C
  -------------------------------------------------------------------    -------------------
    SLICE_X41Y120        FDRE (Prop_fdre_C_Q)         0.141     1.106 r  poseidon_block_i/smartconnect_0/inst/clk_map/psr_aclk/U0/ACTIVE_LOW_BSR_OUT_DFF[0].FDRE_BSR_N/Q
                         net (fo=32, routed)          0.382     1.488    poseidon_block_i/smartconnect_0/inst/m02_nodes/m02_aw_node/inst/s_sc_xpm_cdc_async_rst_inst/src_arst
    SLICE_X34Y119        LUT1 (Prop_lut1_I0_O)        0.045     1.533 f  poseidon_block_i/smartconnect_0/inst/m02_nodes/m02_aw_node/inst/s_sc_xpm_cdc_async_rst_inst/arststages_ff[2]_i_1/O
                         net (fo=3, routed)           0.179     1.713    poseidon_block_i/smartconnect_0/inst/m02_nodes/m02_aw_node/inst/s_sc_xpm_cdc_async_rst_inst/reset_pol
    SLICE_X34Y119        FDCE                                         f  poseidon_block_i/smartconnect_0/inst/m02_nodes/m02_aw_node/inst/s_sc_xpm_cdc_async_rst_inst/arststages_ff_reg[1]/CLR
  -------------------------------------------------------------------    -------------------

                         (clock clk_fpga_0 rise edge)
                                                      0.000     0.000 r  
    PS7_X0Y0             PS7                          0.000     0.000 r  poseidon_block_i/processing_system7/inst/PS7_i/FCLKCLK[0]
                         net (fo=1, routed)           0.337     0.337    poseidon_block_i/processing_system7/inst/FCLK_CLK_unbuffered[0]
    BUFGCTRL_X0Y16       BUFG (Prop_bufg_I_O)         0.029     0.366 r  poseidon_block_i/processing_system7/inst/buffer_fclk_clk_0.FCLK_CLK_0_BUFG/O
                         net (fo=7403, routed)        0.901     1.267    poseidon_block_i/smartconnect_0/inst/m02_nodes/m02_aw_node/inst/s_sc_xpm_cdc_async_rst_inst/dest_clk
    SLICE_X34Y119        FDCE                                         r  poseidon_block_i/smartconnect_0/inst/m02_nodes/m02_aw_node/inst/s_sc_xpm_cdc_async_rst_inst/arststages_ff_reg[1]/C

Slack:                    inf
  Source:                 poseidon_block_i/smartconnect_0/inst/clk_map/psr_aclk/U0/ACTIVE_LOW_BSR_OUT_DFF[0].FDRE_BSR_N/C
                            (rising edge-triggered cell FDRE clocked by clk_fpga_0  {rise@0.000ns fall@5.000ns period=10.000ns})
  Destination:            poseidon_block_i/smartconnect_0/inst/m02_nodes/m02_aw_node/inst/s_sc_xpm_cdc_async_rst_inst/arststages_ff_reg[2]/CLR
                            (removal check against rising-edge clock clk_fpga_0  {rise@0.000ns fall@5.000ns period=10.000ns})
  Path Group:             (none)
  Path Type:              Removal (Min at Fast Process Corner)
  Data Path Delay:        0.748ns  (logic 0.186ns (24.880%)  route 0.562ns (75.120%))
  Logic Levels:           1  (LUT1=1)
  Clock Path Skew:        0.302ns (DCD - SCD - CPR)
    Destination Clock Delay (DCD):    1.267ns
    Source Clock Delay      (SCD):    0.965ns
    Clock Pessimism Removal (CPR):    -0.000ns
  Clock Uncertainty:      0.154ns  ((TSJ^2 + TIJ^2)^1/2 + DJ) / 2 + PE
    Total System Jitter     (TSJ):    0.071ns
    Total Input Jitter      (TIJ):    0.300ns
    Discrete Jitter          (DJ):    0.000ns
    Phase Error              (PE):    0.000ns
  Timing Exception:       False Path

    Location             Delay type                Incr(ns)  Path(ns)    Netlist Resource(s)
  -------------------------------------------------------------------    -------------------
                         (clock clk_fpga_0 rise edge)
                                                      0.000     0.000 r  
    PS7_X0Y0             PS7                          0.000     0.000 r  poseidon_block_i/processing_system7/inst/PS7_i/FCLKCLK[0]
                         net (fo=1, routed)           0.310     0.310    poseidon_block_i/processing_system7/inst/FCLK_CLK_unbuffered[0]
    BUFGCTRL_X0Y16       BUFG (Prop_bufg_I_O)         0.026     0.336 r  poseidon_block_i/processing_system7/inst/buffer_fclk_clk_0.FCLK_CLK_0_BUFG/O
                         net (fo=7403, routed)        0.629     0.965    poseidon_block_i/smartconnect_0/inst/clk_map/psr_aclk/U0/aclk
    SLICE_X41Y120        FDRE                                         r  poseidon_block_i/smartconnect_0/inst/clk_map/psr_aclk/U0/ACTIVE_LOW_BSR_OUT_DFF[0].FDRE_BSR_N/C
  -------------------------------------------------------------------    -------------------
    SLICE_X41Y120        FDRE (Prop_fdre_C_Q)         0.141     1.106 r  poseidon_block_i/smartconnect_0/inst/clk_map/psr_aclk/U0/ACTIVE_LOW_BSR_OUT_DFF[0].FDRE_BSR_N/Q
                         net (fo=32, routed)          0.382     1.488    poseidon_block_i/smartconnect_0/inst/m02_nodes/m02_aw_node/inst/s_sc_xpm_cdc_async_rst_inst/src_arst
    SLICE_X34Y119        LUT1 (Prop_lut1_I0_O)        0.045     1.533 f  poseidon_block_i/smartconnect_0/inst/m02_nodes/m02_aw_node/inst/s_sc_xpm_cdc_async_rst_inst/arststages_ff[2]_i_1/O
                         net (fo=3, routed)           0.179     1.713    poseidon_block_i/smartconnect_0/inst/m02_nodes/m02_aw_node/inst/s_sc_xpm_cdc_async_rst_inst/reset_pol
    SLICE_X34Y119        FDCE                                         f  poseidon_block_i/smartconnect_0/inst/m02_nodes/m02_aw_node/inst/s_sc_xpm_cdc_async_rst_inst/arststages_ff_reg[2]/CLR
  -------------------------------------------------------------------    -------------------

                         (clock clk_fpga_0 rise edge)
                                                      0.000     0.000 r  
    PS7_X0Y0             PS7                          0.000     0.000 r  poseidon_block_i/processing_system7/inst/PS7_i/FCLKCLK[0]
                         net (fo=1, routed)           0.337     0.337    poseidon_block_i/processing_system7/inst/FCLK_CLK_unbuffered[0]
    BUFGCTRL_X0Y16       BUFG (Prop_bufg_I_O)         0.029     0.366 r  poseidon_block_i/processing_system7/inst/buffer_fclk_clk_0.FCLK_CLK_0_BUFG/O
                         net (fo=7403, routed)        0.901     1.267    poseidon_block_i/smartconnect_0/inst/m02_nodes/m02_aw_node/inst/s_sc_xpm_cdc_async_rst_inst/dest_clk
    SLICE_X34Y119        FDCE                                         r  poseidon_block_i/smartconnect_0/inst/m02_nodes/m02_aw_node/inst/s_sc_xpm_cdc_async_rst_inst/arststages_ff_reg[2]/C





--------------------------------------------------------------------------------------
Path Group:  (none)
From Clock:  clk_fpga_0
  To Clock:  

Max Delay             4 Endpoints
Min Delay             4 Endpoints
--------------------------------------------------------------------------------------


Max Delay Paths
--------------------------------------------------------------------------------------
Slack:                    inf
  Source:                 poseidon_block_i/leds/U0/gpio_core_1/Not_Dual.gpio_OE_reg[1]/C
                            (rising edge-triggered cell FDSE clocked by clk_fpga_0  {rise@0.000ns fall@5.000ns period=10.000ns})
  Destination:            leds_4bits_tri_io[2]
                            (output port)
  Path Group:             (none)
  Path Type:              Max at Slow Process Corner
  Data Path Delay:        7.895ns  (logic 4.044ns (51.217%)  route 3.852ns (48.783%))
  Logic Levels:           1  (OBUFT=1)
  Clock Uncertainty:      0.152ns  ((TSJ^2 + TIJ^2)^1/2 + DJ) / 2 + PE
    Total System Jitter     (TSJ):    0.050ns
    Total Input Jitter      (TIJ):    0.300ns
    Discrete Jitter          (DJ):    0.000ns
    Phase Error              (PE):    0.000ns

    Location             Delay type                Incr(ns)  Path(ns)    Netlist Resource(s)
  -------------------------------------------------------------------    -------------------
                         (clock clk_fpga_0 rise edge)
                                                      0.000     0.000 r  
    PS7_X0Y0             PS7                          0.000     0.000 r  poseidon_block_i/processing_system7/inst/PS7_i/FCLKCLK[0]
                         net (fo=1, routed)           1.193     1.193    poseidon_block_i/processing_system7/inst/FCLK_CLK_unbuffered[0]
    BUFGCTRL_X0Y16       BUFG (Prop_bufg_I_O)         0.101     1.294 r  poseidon_block_i/processing_system7/inst/buffer_fclk_clk_0.FCLK_CLK_0_BUFG/O
                         net (fo=7403, routed)        1.712     3.006    poseidon_block_i/leds/U0/gpio_core_1/s_axi_aclk
    SLICE_X64Y88         FDSE                                         r  poseidon_block_i/leds/U0/gpio_core_1/Not_Dual.gpio_OE_reg[1]/C
  -------------------------------------------------------------------    -------------------
    SLICE_X64Y88         FDSE (Prop_fdse_C_Q)         0.456     3.462 f  poseidon_block_i/leds/U0/gpio_core_1/Not_Dual.gpio_OE_reg[1]/Q
                         net (fo=3, routed)           3.852     7.314    leds_4bits_tri_iobuf_2/T
    N16                  OBUFT (TriStatE_obuft_T_O)
                                                      3.588    10.901 r  leds_4bits_tri_iobuf_2/OBUFT/O
                         net (fo=1, unset)            0.000    10.901    leds_4bits_tri_io[2]
    N16                                                               r  leds_4bits_tri_io[2] (INOUT)
  -------------------------------------------------------------------    -------------------

Slack:                    inf
  Source:                 poseidon_block_i/leds/U0/gpio_core_1/Not_Dual.gpio_Data_Out_reg[0]/C
                            (rising edge-triggered cell FDRE clocked by clk_fpga_0  {rise@0.000ns fall@5.000ns period=10.000ns})
  Destination:            leds_4bits_tri_io[3]
                            (output port)
  Path Group:             (none)
  Path Type:              Max at Slow Process Corner
  Data Path Delay:        7.546ns  (logic 4.099ns (54.321%)  route 3.447ns (45.679%))
  Logic Levels:           1  (OBUFT=1)
  Clock Uncertainty:      0.152ns  ((TSJ^2 + TIJ^2)^1/2 + DJ) / 2 + PE
    Total System Jitter     (TSJ):    0.050ns
    Total Input Jitter      (TIJ):    0.300ns
    Discrete Jitter          (DJ):    0.000ns
    Phase Error              (PE):    0.000ns

    Location             Delay type                Incr(ns)  Path(ns)    Netlist Resource(s)
  -------------------------------------------------------------------    -------------------
                         (clock clk_fpga_0 rise edge)
                                                      0.000     0.000 r  
    PS7_X0Y0             PS7                          0.000     0.000 r  poseidon_block_i/processing_system7/inst/PS7_i/FCLKCLK[0]
                         net (fo=1, routed)           1.193     1.193    poseidon_block_i/processing_system7/inst/FCLK_CLK_unbuffered[0]
    BUFGCTRL_X0Y16       BUFG (Prop_bufg_I_O)         0.101     1.294 r  poseidon_block_i/processing_system7/inst/buffer_fclk_clk_0.FCLK_CLK_0_BUFG/O
                         net (fo=7403, routed)        1.712     3.006    poseidon_block_i/leds/U0/gpio_core_1/s_axi_aclk
    SLICE_X66Y88         FDRE                                         r  poseidon_block_i/leds/U0/gpio_core_1/Not_Dual.gpio_Data_Out_reg[0]/C
  -------------------------------------------------------------------    -------------------
    SLICE_X66Y88         FDRE (Prop_fdre_C_Q)         0.518     3.524 r  poseidon_block_i/leds/U0/gpio_core_1/Not_Dual.gpio_Data_Out_reg[0]/Q
                         net (fo=2, routed)           3.447     6.971    leds_4bits_tri_iobuf_3/I
    M14                  OBUFT (Prop_obuft_I_O)       3.581    10.552 r  leds_4bits_tri_iobuf_3/OBUFT/O
                         net (fo=1, unset)            0.000    10.552    leds_4bits_tri_io[3]
    M14                                                               r  leds_4bits_tri_io[3] (INOUT)
  -------------------------------------------------------------------    -------------------

Slack:                    inf
  Source:                 poseidon_block_i/leds/U0/gpio_core_1/Not_Dual.gpio_Data_Out_reg[3]/C
                            (rising edge-triggered cell FDRE clocked by clk_fpga_0  {rise@0.000ns fall@5.000ns period=10.000ns})
  Destination:            leds_4bits_tri_io[0]
                            (output port)
  Path Group:             (none)
  Path Type:              Max at Slow Process Corner
  Data Path Delay:        7.228ns  (logic 4.048ns (55.998%)  route 3.181ns (44.001%))
  Logic Levels:           1  (OBUFT=1)
  Clock Uncertainty:      0.152ns  ((TSJ^2 + TIJ^2)^1/2 + DJ) / 2 + PE
    Total System Jitter     (TSJ):    0.050ns
    Total Input Jitter      (TIJ):    0.300ns
    Discrete Jitter          (DJ):    0.000ns
    Phase Error              (PE):    0.000ns

    Location             Delay type                Incr(ns)  Path(ns)    Netlist Resource(s)
  -------------------------------------------------------------------    -------------------
                         (clock clk_fpga_0 rise edge)
                                                      0.000     0.000 r  
    PS7_X0Y0             PS7                          0.000     0.000 r  poseidon_block_i/processing_system7/inst/PS7_i/FCLKCLK[0]
                         net (fo=1, routed)           1.193     1.193    poseidon_block_i/processing_system7/inst/FCLK_CLK_unbuffered[0]
    BUFGCTRL_X0Y16       BUFG (Prop_bufg_I_O)         0.101     1.294 r  poseidon_block_i/processing_system7/inst/buffer_fclk_clk_0.FCLK_CLK_0_BUFG/O
                         net (fo=7403, routed)        1.712     3.006    poseidon_block_i/leds/U0/gpio_core_1/s_axi_aclk
    SLICE_X66Y88         FDRE                                         r  poseidon_block_i/leds/U0/gpio_core_1/Not_Dual.gpio_Data_Out_reg[3]/C
  -------------------------------------------------------------------    -------------------
    SLICE_X66Y88         FDRE (Prop_fdre_C_Q)         0.518     3.524 r  poseidon_block_i/leds/U0/gpio_core_1/Not_Dual.gpio_Data_Out_reg[3]/Q
                         net (fo=2, routed)           3.181     6.705    leds_4bits_tri_iobuf_0/I
    R14                  OBUFT (Prop_obuft_I_O)       3.530    10.234 r  leds_4bits_tri_iobuf_0/OBUFT/O
                         net (fo=1, unset)            0.000    10.234    leds_4bits_tri_io[0]
    R14                                                               r  leds_4bits_tri_io[0] (INOUT)
  -------------------------------------------------------------------    -------------------

Slack:                    inf
  Source:                 poseidon_block_i/leds/U0/gpio_core_1/Not_Dual.gpio_Data_Out_reg[2]/C
                            (rising edge-triggered cell FDRE clocked by clk_fpga_0  {rise@0.000ns fall@5.000ns period=10.000ns})
  Destination:            leds_4bits_tri_io[1]
                            (output port)
  Path Group:             (none)
  Path Type:              Max at Slow Process Corner
  Data Path Delay:        7.082ns  (logic 4.075ns (57.547%)  route 3.006ns (42.453%))
  Logic Levels:           1  (OBUFT=1)
  Clock Uncertainty:      0.152ns  ((TSJ^2 + TIJ^2)^1/2 + DJ) / 2 + PE
    Total System Jitter     (TSJ):    0.050ns
    Total Input Jitter      (TIJ):    0.300ns
    Discrete Jitter          (DJ):    0.000ns
    Phase Error              (PE):    0.000ns

    Location             Delay type                Incr(ns)  Path(ns)    Netlist Resource(s)
  -------------------------------------------------------------------    -------------------
                         (clock clk_fpga_0 rise edge)
                                                      0.000     0.000 r  
    PS7_X0Y0             PS7                          0.000     0.000 r  poseidon_block_i/processing_system7/inst/PS7_i/FCLKCLK[0]
                         net (fo=1, routed)           1.193     1.193    poseidon_block_i/processing_system7/inst/FCLK_CLK_unbuffered[0]
    BUFGCTRL_X0Y16       BUFG (Prop_bufg_I_O)         0.101     1.294 r  poseidon_block_i/processing_system7/inst/buffer_fclk_clk_0.FCLK_CLK_0_BUFG/O
                         net (fo=7403, routed)        1.712     3.006    poseidon_block_i/leds/U0/gpio_core_1/s_axi_aclk
    SLICE_X66Y88         FDRE                                         r  poseidon_block_i/leds/U0/gpio_core_1/Not_Dual.gpio_Data_Out_reg[2]/C
  -------------------------------------------------------------------    -------------------
    SLICE_X66Y88         FDRE (Prop_fdre_C_Q)         0.518     3.524 r  poseidon_block_i/leds/U0/gpio_core_1/Not_Dual.gpio_Data_Out_reg[2]/Q
                         net (fo=2, routed)           3.006     6.530    leds_4bits_tri_iobuf_1/I
    P14                  OBUFT (Prop_obuft_I_O)       3.557    10.088 r  leds_4bits_tri_iobuf_1/OBUFT/O
                         net (fo=1, unset)            0.000    10.088    leds_4bits_tri_io[1]
    P14                                                               r  leds_4bits_tri_io[1] (INOUT)
  -------------------------------------------------------------------    -------------------





Min Delay Paths
--------------------------------------------------------------------------------------
Slack:                    inf
  Source:                 poseidon_block_i/leds/U0/gpio_core_1/Not_Dual.gpio_OE_reg[3]/C
                            (rising edge-triggered cell FDSE clocked by clk_fpga_0  {rise@0.000ns fall@5.000ns period=10.000ns})
  Destination:            leds_4bits_tri_io[0]
                            (output port)
  Path Group:             (none)
  Path Type:              Min at Fast Process Corner
  Data Path Delay:        2.124ns  (logic 0.965ns (45.436%)  route 1.159ns (54.564%))
  Logic Levels:           1  (OBUFT=1)
  Clock Uncertainty:      0.152ns  ((TSJ^2 + TIJ^2)^1/2 + DJ) / 2 + PE
    Total System Jitter     (TSJ):    0.050ns
    Total Input Jitter      (TIJ):    0.300ns
    Discrete Jitter          (DJ):    0.000ns
    Phase Error              (PE):    0.000ns

    Location             Delay type                Incr(ns)  Path(ns)    Netlist Resource(s)
  -------------------------------------------------------------------    -------------------
                         (clock clk_fpga_0 rise edge)
                                                      0.000     0.000 r  
    PS7_X0Y0             PS7                          0.000     0.000 r  poseidon_block_i/processing_system7/inst/PS7_i/FCLKCLK[0]
                         net (fo=1, routed)           0.310     0.310    poseidon_block_i/processing_system7/inst/FCLK_CLK_unbuffered[0]
    BUFGCTRL_X0Y16       BUFG (Prop_bufg_I_O)         0.026     0.336 r  poseidon_block_i/processing_system7/inst/buffer_fclk_clk_0.FCLK_CLK_0_BUFG/O
                         net (fo=7403, routed)        0.577     0.913    poseidon_block_i/leds/U0/gpio_core_1/s_axi_aclk
    SLICE_X64Y88         FDSE                                         r  poseidon_block_i/leds/U0/gpio_core_1/Not_Dual.gpio_OE_reg[3]/C
  -------------------------------------------------------------------    -------------------
    SLICE_X64Y88         FDSE (Prop_fdse_C_Q)         0.141     1.054 r  poseidon_block_i/leds/U0/gpio_core_1/Not_Dual.gpio_OE_reg[3]/Q
                         net (fo=3, routed)           1.159     2.212    leds_4bits_tri_iobuf_0/T
    R14                  OBUFT (TriStatD_obuft_T_O)
                                                      0.824     3.036 r  leds_4bits_tri_iobuf_0/OBUFT/O
                         net (fo=1, unset)            0.000     3.036    leds_4bits_tri_io[0]
    R14                                                               r  leds_4bits_tri_io[0] (INOUT)
  -------------------------------------------------------------------    -------------------

Slack:                    inf
  Source:                 poseidon_block_i/leds/U0/gpio_core_1/Not_Dual.gpio_OE_reg[2]/C
                            (rising edge-triggered cell FDSE clocked by clk_fpga_0  {rise@0.000ns fall@5.000ns period=10.000ns})
  Destination:            leds_4bits_tri_io[1]
                            (output port)
  Path Group:             (none)
  Path Type:              Min at Fast Process Corner
  Data Path Delay:        2.279ns  (logic 0.965ns (42.344%)  route 1.314ns (57.656%))
  Logic Levels:           1  (OBUFT=1)
  Clock Uncertainty:      0.152ns  ((TSJ^2 + TIJ^2)^1/2 + DJ) / 2 + PE
    Total System Jitter     (TSJ):    0.050ns
    Total Input Jitter      (TIJ):    0.300ns
    Discrete Jitter          (DJ):    0.000ns
    Phase Error              (PE):    0.000ns

    Location             Delay type                Incr(ns)  Path(ns)    Netlist Resource(s)
  -------------------------------------------------------------------    -------------------
                         (clock clk_fpga_0 rise edge)
                                                      0.000     0.000 r  
    PS7_X0Y0             PS7                          0.000     0.000 r  poseidon_block_i/processing_system7/inst/PS7_i/FCLKCLK[0]
                         net (fo=1, routed)           0.310     0.310    poseidon_block_i/processing_system7/inst/FCLK_CLK_unbuffered[0]
    BUFGCTRL_X0Y16       BUFG (Prop_bufg_I_O)         0.026     0.336 r  poseidon_block_i/processing_system7/inst/buffer_fclk_clk_0.FCLK_CLK_0_BUFG/O
                         net (fo=7403, routed)        0.577     0.913    poseidon_block_i/leds/U0/gpio_core_1/s_axi_aclk
    SLICE_X64Y88         FDSE                                         r  poseidon_block_i/leds/U0/gpio_core_1/Not_Dual.gpio_OE_reg[2]/C
  -------------------------------------------------------------------    -------------------
    SLICE_X64Y88         FDSE (Prop_fdse_C_Q)         0.141     1.054 r  poseidon_block_i/leds/U0/gpio_core_1/Not_Dual.gpio_OE_reg[2]/Q
                         net (fo=3, routed)           1.314     2.368    leds_4bits_tri_iobuf_1/T
    P14                  OBUFT (TriStatD_obuft_T_O)
                                                      0.824     3.192 r  leds_4bits_tri_iobuf_1/OBUFT/O
                         net (fo=1, unset)            0.000     3.192    leds_4bits_tri_io[1]
    P14                                                               r  leds_4bits_tri_io[1] (INOUT)
  -------------------------------------------------------------------    -------------------

Slack:                    inf
  Source:                 poseidon_block_i/leds/U0/gpio_core_1/Not_Dual.gpio_OE_reg[0]/C
                            (rising edge-triggered cell FDSE clocked by clk_fpga_0  {rise@0.000ns fall@5.000ns period=10.000ns})
  Destination:            leds_4bits_tri_io[3]
                            (output port)
  Path Group:             (none)
  Path Type:              Min at Fast Process Corner
  Data Path Delay:        2.460ns  (logic 0.965ns (39.224%)  route 1.495ns (60.776%))
  Logic Levels:           1  (OBUFT=1)
  Clock Uncertainty:      0.152ns  ((TSJ^2 + TIJ^2)^1/2 + DJ) / 2 + PE
    Total System Jitter     (TSJ):    0.050ns
    Total Input Jitter      (TIJ):    0.300ns
    Discrete Jitter          (DJ):    0.000ns
    Phase Error              (PE):    0.000ns

    Location             Delay type                Incr(ns)  Path(ns)    Netlist Resource(s)
  -------------------------------------------------------------------    -------------------
                         (clock clk_fpga_0 rise edge)
                                                      0.000     0.000 r  
    PS7_X0Y0             PS7                          0.000     0.000 r  poseidon_block_i/processing_system7/inst/PS7_i/FCLKCLK[0]
                         net (fo=1, routed)           0.310     0.310    poseidon_block_i/processing_system7/inst/FCLK_CLK_unbuffered[0]
    BUFGCTRL_X0Y16       BUFG (Prop_bufg_I_O)         0.026     0.336 r  poseidon_block_i/processing_system7/inst/buffer_fclk_clk_0.FCLK_CLK_0_BUFG/O
                         net (fo=7403, routed)        0.577     0.913    poseidon_block_i/leds/U0/gpio_core_1/s_axi_aclk
    SLICE_X64Y88         FDSE                                         r  poseidon_block_i/leds/U0/gpio_core_1/Not_Dual.gpio_OE_reg[0]/C
  -------------------------------------------------------------------    -------------------
    SLICE_X64Y88         FDSE (Prop_fdse_C_Q)         0.141     1.054 r  poseidon_block_i/leds/U0/gpio_core_1/Not_Dual.gpio_OE_reg[0]/Q
                         net (fo=3, routed)           1.495     2.549    leds_4bits_tri_iobuf_3/T
    M14                  OBUFT (TriStatD_obuft_T_O)
                                                      0.824     3.373 r  leds_4bits_tri_iobuf_3/OBUFT/O
                         net (fo=1, unset)            0.000     3.373    leds_4bits_tri_io[3]
    M14                                                               r  leds_4bits_tri_io[3] (INOUT)
  -------------------------------------------------------------------    -------------------

Slack:                    inf
  Source:                 poseidon_block_i/leds/U0/gpio_core_1/Not_Dual.gpio_OE_reg[1]/C
                            (rising edge-triggered cell FDSE clocked by clk_fpga_0  {rise@0.000ns fall@5.000ns period=10.000ns})
  Destination:            leds_4bits_tri_io[2]
                            (output port)
  Path Group:             (none)
  Path Type:              Min at Fast Process Corner
  Data Path Delay:        2.673ns  (logic 0.965ns (36.107%)  route 1.708ns (63.893%))
  Logic Levels:           1  (OBUFT=1)
  Clock Uncertainty:      0.152ns  ((TSJ^2 + TIJ^2)^1/2 + DJ) / 2 + PE
    Total System Jitter     (TSJ):    0.050ns
    Total Input Jitter      (TIJ):    0.300ns
    Discrete Jitter          (DJ):    0.000ns
    Phase Error              (PE):    0.000ns

    Location             Delay type                Incr(ns)  Path(ns)    Netlist Resource(s)
  -------------------------------------------------------------------    -------------------
                         (clock clk_fpga_0 rise edge)
                                                      0.000     0.000 r  
    PS7_X0Y0             PS7                          0.000     0.000 r  poseidon_block_i/processing_system7/inst/PS7_i/FCLKCLK[0]
                         net (fo=1, routed)           0.310     0.310    poseidon_block_i/processing_system7/inst/FCLK_CLK_unbuffered[0]
    BUFGCTRL_X0Y16       BUFG (Prop_bufg_I_O)         0.026     0.336 r  poseidon_block_i/processing_system7/inst/buffer_fclk_clk_0.FCLK_CLK_0_BUFG/O
                         net (fo=7403, routed)        0.577     0.913    poseidon_block_i/leds/U0/gpio_core_1/s_axi_aclk
    SLICE_X64Y88         FDSE                                         r  poseidon_block_i/leds/U0/gpio_core_1/Not_Dual.gpio_OE_reg[1]/C
  -------------------------------------------------------------------    -------------------
    SLICE_X64Y88         FDSE (Prop_fdse_C_Q)         0.141     1.054 r  poseidon_block_i/leds/U0/gpio_core_1/Not_Dual.gpio_OE_reg[1]/Q
                         net (fo=3, routed)           1.708     2.761    leds_4bits_tri_iobuf_2/T
    N16                  OBUFT (TriStatD_obuft_T_O)
                                                      0.824     3.585 r  leds_4bits_tri_iobuf_2/OBUFT/O
                         net (fo=1, unset)            0.000     3.585    leds_4bits_tri_io[2]
    N16                                                               r  leds_4bits_tri_io[2] (INOUT)
  -------------------------------------------------------------------    -------------------





--------------------------------------------------------------------------------------
Path Group:  (none)
From Clock:  
  To Clock:  clk_fpga_0

Max Delay            90 Endpoints
Min Delay            90 Endpoints
--------------------------------------------------------------------------------------


Max Delay Paths
--------------------------------------------------------------------------------------
Slack:                    inf
  Source:                 poseidon_block_i/poseidon_accel_axi_l_0/inst/u_poseidon_core/sbox_return__6/ACOUT[16]
                            (internal pin)
  Destination:            poseidon_block_i/poseidon_accel_axi_l_0/inst/u_poseidon_core/st1_reg[29]/D
                            (rising edge-triggered cell FDRE clocked by clk_fpga_0  {rise@0.000ns fall@5.000ns period=10.000ns})
  Path Group:             (none)
  Path Type:              Setup (Max at Slow Process Corner)
  Data Path Delay:        9.697ns  (logic 6.257ns (64.526%)  route 3.440ns (35.474%))
  Logic Levels:           9  (CARRY4=4 DSP48E1=1 LUT2=1 LUT4=1 LUT6=2)
  Clock Uncertainty:      0.152ns  ((TSJ^2 + TIJ^2)^1/2 + DJ) / 2 + PE
    Total System Jitter     (TSJ):    0.050ns
    Total Input Jitter      (TIJ):    0.300ns
    Discrete Jitter          (DJ):    0.000ns
    Phase Error              (PE):    0.000ns

    Location             Delay type                Incr(ns)  Path(ns)    Netlist Resource(s)
  -------------------------------------------------------------------    -------------------
    DSP48_X3Y38          DSP48E1                      0.000     0.000 r  poseidon_block_i/poseidon_accel_axi_l_0/inst/u_poseidon_core/sbox_return__6/ACOUT[16]
                         net (fo=1, routed)           0.002     0.002    poseidon_block_i/poseidon_accel_axi_l_0/inst/u_poseidon_core/sbox_return__6_n_37
    DSP48_X3Y39          DSP48E1 (Prop_dsp48e1_ACIN[16]_P[0])
                                                      3.639     3.641 r  poseidon_block_i/poseidon_accel_axi_l_0/inst/u_poseidon_core/sbox_return__7/P[0]
                         net (fo=2, routed)           1.340     4.981    poseidon_block_i/poseidon_accel_axi_l_0/inst/u_poseidon_core/sbox_return__7_n_105
    SLICE_X93Y110        LUT2 (Prop_lut2_I0_O)        0.124     5.105 r  poseidon_block_i/poseidon_accel_axi_l_0/inst/u_poseidon_core/i__carry_i_3__2/O
                         net (fo=1, routed)           0.000     5.105    poseidon_block_i/poseidon_accel_axi_l_0/inst/u_poseidon_core/i__carry_i_3__2_n_0
    SLICE_X93Y110        CARRY4 (Prop_carry4_S[1]_CO[3])
                                                      0.550     5.655 r  poseidon_block_i/poseidon_accel_axi_l_0/inst/u_poseidon_core/sbox_return_inferred__1/i__carry/CO[3]
                         net (fo=1, routed)           0.000     5.655    poseidon_block_i/poseidon_accel_axi_l_0/inst/u_poseidon_core/sbox_return_inferred__1/i__carry_n_0
    SLICE_X93Y111        CARRY4 (Prop_carry4_CI_O[3])
                                                      0.313     5.968 r  poseidon_block_i/poseidon_accel_axi_l_0/inst/u_poseidon_core/sbox_return_inferred__1/i__carry__0/O[3]
                         net (fo=6, routed)           0.963     6.930    poseidon_block_i/poseidon_accel_axi_l_0/inst/u_poseidon_core/sbox_return_inferred__1/i__carry__0_n_4
    SLICE_X94Y119        LUT6 (Prop_lut6_I0_O)        0.306     7.236 r  poseidon_block_i/poseidon_accel_axi_l_0/inst/u_poseidon_core/st10__1_carry__5_i_3/O
                         net (fo=2, routed)           0.844     8.081    poseidon_block_i/poseidon_accel_axi_l_0/inst/u_poseidon_core/st10__1_carry__5_i_3_n_0
    SLICE_X95Y117        LUT6 (Prop_lut6_I0_O)        0.124     8.205 r  poseidon_block_i/poseidon_accel_axi_l_0/inst/u_poseidon_core/st10__1_carry__5_i_7/O
                         net (fo=1, routed)           0.000     8.205    poseidon_block_i/poseidon_accel_axi_l_0/inst/u_poseidon_core/st10__1_carry__5_i_7_n_0
    SLICE_X95Y117        CARRY4 (Prop_carry4_S[1]_CO[3])
                                                      0.550     8.755 r  poseidon_block_i/poseidon_accel_axi_l_0/inst/u_poseidon_core/st10__1_carry__5/CO[3]
                         net (fo=1, routed)           0.000     8.755    poseidon_block_i/poseidon_accel_axi_l_0/inst/u_poseidon_core/st10__1_carry__5_n_0
    SLICE_X95Y118        CARRY4 (Prop_carry4_CI_O[1])
                                                      0.348     9.103 r  poseidon_block_i/poseidon_accel_axi_l_0/inst/u_poseidon_core/st10__1_carry__6/O[1]
                         net (fo=2, routed)           0.291     9.394    poseidon_block_i/poseidon_accel_axi_l_0/inst/u_poseidon_core/m1[29]
    SLICE_X97Y118        LUT4 (Prop_lut4_I3_O)        0.303     9.697 r  poseidon_block_i/poseidon_accel_axi_l_0/inst/u_poseidon_core/st1[29]_i_1/O
                         net (fo=1, routed)           0.000     9.697    poseidon_block_i/poseidon_accel_axi_l_0/inst/u_poseidon_core/st1[29]_i_1_n_0
    SLICE_X97Y118        FDRE                                         r  poseidon_block_i/poseidon_accel_axi_l_0/inst/u_poseidon_core/st1_reg[29]/D
  -------------------------------------------------------------------    -------------------

                         (clock clk_fpga_0 rise edge)
                                                      0.000     0.000 r  
    PS7_X0Y0             PS7                          0.000     0.000 r  poseidon_block_i/processing_system7/inst/PS7_i/FCLKCLK[0]
                         net (fo=1, routed)           1.088     1.088    poseidon_block_i/processing_system7/inst/FCLK_CLK_unbuffered[0]
    BUFGCTRL_X0Y16       BUFG (Prop_bufg_I_O)         0.091     1.179 r  poseidon_block_i/processing_system7/inst/buffer_fclk_clk_0.FCLK_CLK_0_BUFG/O
                         net (fo=7403, routed)        1.772     2.951    poseidon_block_i/poseidon_accel_axi_l_0/inst/u_poseidon_core/s_axi_aclk
    SLICE_X97Y118        FDRE                                         r  poseidon_block_i/poseidon_accel_axi_l_0/inst/u_poseidon_core/st1_reg[29]/C

Slack:                    inf
  Source:                 poseidon_block_i/poseidon_accel_axi_l_0/inst/u_poseidon_core/sbox_return__6/ACOUT[16]
                            (internal pin)
  Destination:            poseidon_block_i/poseidon_accel_axi_l_0/inst/u_poseidon_core/st1_reg[31]/D
                            (rising edge-triggered cell FDRE clocked by clk_fpga_0  {rise@0.000ns fall@5.000ns period=10.000ns})
  Path Group:             (none)
  Path Type:              Setup (Max at Slow Process Corner)
  Data Path Delay:        9.677ns  (logic 6.241ns (64.496%)  route 3.436ns (35.504%))
  Logic Levels:           9  (CARRY4=4 DSP48E1=1 LUT2=1 LUT4=1 LUT6=2)
  Clock Uncertainty:      0.152ns  ((TSJ^2 + TIJ^2)^1/2 + DJ) / 2 + PE
    Total System Jitter     (TSJ):    0.050ns
    Total Input Jitter      (TIJ):    0.300ns
    Discrete Jitter          (DJ):    0.000ns
    Phase Error              (PE):    0.000ns

    Location             Delay type                Incr(ns)  Path(ns)    Netlist Resource(s)
  -------------------------------------------------------------------    -------------------
    DSP48_X3Y38          DSP48E1                      0.000     0.000 r  poseidon_block_i/poseidon_accel_axi_l_0/inst/u_poseidon_core/sbox_return__6/ACOUT[16]
                         net (fo=1, routed)           0.002     0.002    poseidon_block_i/poseidon_accel_axi_l_0/inst/u_poseidon_core/sbox_return__6_n_37
    DSP48_X3Y39          DSP48E1 (Prop_dsp48e1_ACIN[16]_P[0])
                                                      3.639     3.641 r  poseidon_block_i/poseidon_accel_axi_l_0/inst/u_poseidon_core/sbox_return__7/P[0]
                         net (fo=2, routed)           1.340     4.981    poseidon_block_i/poseidon_accel_axi_l_0/inst/u_poseidon_core/sbox_return__7_n_105
    SLICE_X93Y110        LUT2 (Prop_lut2_I0_O)        0.124     5.105 r  poseidon_block_i/poseidon_accel_axi_l_0/inst/u_poseidon_core/i__carry_i_3__2/O
                         net (fo=1, routed)           0.000     5.105    poseidon_block_i/poseidon_accel_axi_l_0/inst/u_poseidon_core/i__carry_i_3__2_n_0
    SLICE_X93Y110        CARRY4 (Prop_carry4_S[1]_CO[3])
                                                      0.550     5.655 r  poseidon_block_i/poseidon_accel_axi_l_0/inst/u_poseidon_core/sbox_return_inferred__1/i__carry/CO[3]
                         net (fo=1, routed)           0.000     5.655    poseidon_block_i/poseidon_accel_axi_l_0/inst/u_poseidon_core/sbox_return_inferred__1/i__carry_n_0
    SLICE_X93Y111        CARRY4 (Prop_carry4_CI_O[3])
                                                      0.313     5.968 r  poseidon_block_i/poseidon_accel_axi_l_0/inst/u_poseidon_core/sbox_return_inferred__1/i__carry__0/O[3]
                         net (fo=6, routed)           0.963     6.930    poseidon_block_i/poseidon_accel_axi_l_0/inst/u_poseidon_core/sbox_return_inferred__1/i__carry__0_n_4
    SLICE_X94Y119        LUT6 (Prop_lut6_I0_O)        0.306     7.236 r  poseidon_block_i/poseidon_accel_axi_l_0/inst/u_poseidon_core/st10__1_carry__5_i_3/O
                         net (fo=2, routed)           0.844     8.081    poseidon_block_i/poseidon_accel_axi_l_0/inst/u_poseidon_core/st10__1_carry__5_i_3_n_0
    SLICE_X95Y117        LUT6 (Prop_lut6_I0_O)        0.124     8.205 r  poseidon_block_i/poseidon_accel_axi_l_0/inst/u_poseidon_core/st10__1_carry__5_i_7/O
                         net (fo=1, routed)           0.000     8.205    poseidon_block_i/poseidon_accel_axi_l_0/inst/u_poseidon_core/st10__1_carry__5_i_7_n_0
    SLICE_X95Y117        CARRY4 (Prop_carry4_S[1]_CO[3])
                                                      0.550     8.755 r  poseidon_block_i/poseidon_accel_axi_l_0/inst/u_poseidon_core/st10__1_carry__5/CO[3]
                         net (fo=1, routed)           0.000     8.755    poseidon_block_i/poseidon_accel_axi_l_0/inst/u_poseidon_core/st10__1_carry__5_n_0
    SLICE_X95Y118        CARRY4 (Prop_carry4_CI_O[3])
                                                      0.329     9.084 r  poseidon_block_i/poseidon_accel_axi_l_0/inst/u_poseidon_core/st10__1_carry__6/O[3]
                         net (fo=2, routed)           0.287     9.371    poseidon_block_i/poseidon_accel_axi_l_0/inst/u_poseidon_core/m1[31]
    SLICE_X97Y118        LUT4 (Prop_lut4_I3_O)        0.306     9.677 r  poseidon_block_i/poseidon_accel_axi_l_0/inst/u_poseidon_core/st1[31]_i_1/O
                         net (fo=1, routed)           0.000     9.677    poseidon_block_i/poseidon_accel_axi_l_0/inst/u_poseidon_core/st1[31]_i_1_n_0
    SLICE_X97Y118        FDRE                                         r  poseidon_block_i/poseidon_accel_axi_l_0/inst/u_poseidon_core/st1_reg[31]/D
  -------------------------------------------------------------------    -------------------

                         (clock clk_fpga_0 rise edge)
                                                      0.000     0.000 r  
    PS7_X0Y0             PS7                          0.000     0.000 r  poseidon_block_i/processing_system7/inst/PS7_i/FCLKCLK[0]
                         net (fo=1, routed)           1.088     1.088    poseidon_block_i/processing_system7/inst/FCLK_CLK_unbuffered[0]
    BUFGCTRL_X0Y16       BUFG (Prop_bufg_I_O)         0.091     1.179 r  poseidon_block_i/processing_system7/inst/buffer_fclk_clk_0.FCLK_CLK_0_BUFG/O
                         net (fo=7403, routed)        1.772     2.951    poseidon_block_i/poseidon_accel_axi_l_0/inst/u_poseidon_core/s_axi_aclk
    SLICE_X97Y118        FDRE                                         r  poseidon_block_i/poseidon_accel_axi_l_0/inst/u_poseidon_core/st1_reg[31]/C

Slack:                    inf
  Source:                 poseidon_block_i/poseidon_accel_axi_l_0/inst/u_poseidon_core/sbox_return__6/ACOUT[16]
                            (internal pin)
  Destination:            poseidon_block_i/poseidon_accel_axi_l_0/inst/u_poseidon_core/st1_reg[30]/D
                            (rising edge-triggered cell FDRE clocked by clk_fpga_0  {rise@0.000ns fall@5.000ns period=10.000ns})
  Path Group:             (none)
  Path Type:              Setup (Max at Slow Process Corner)
  Data Path Delay:        9.622ns  (logic 6.164ns (64.065%)  route 3.458ns (35.935%))
  Logic Levels:           9  (CARRY4=4 DSP48E1=1 LUT2=1 LUT4=1 LUT6=2)
  Clock Uncertainty:      0.152ns  ((TSJ^2 + TIJ^2)^1/2 + DJ) / 2 + PE
    Total System Jitter     (TSJ):    0.050ns
    Total Input Jitter      (TIJ):    0.300ns
    Discrete Jitter          (DJ):    0.000ns
    Phase Error              (PE):    0.000ns

    Location             Delay type                Incr(ns)  Path(ns)    Netlist Resource(s)
  -------------------------------------------------------------------    -------------------
    DSP48_X3Y38          DSP48E1                      0.000     0.000 r  poseidon_block_i/poseidon_accel_axi_l_0/inst/u_poseidon_core/sbox_return__6/ACOUT[16]
                         net (fo=1, routed)           0.002     0.002    poseidon_block_i/poseidon_accel_axi_l_0/inst/u_poseidon_core/sbox_return__6_n_37
    DSP48_X3Y39          DSP48E1 (Prop_dsp48e1_ACIN[16]_P[0])
                                                      3.639     3.641 r  poseidon_block_i/poseidon_accel_axi_l_0/inst/u_poseidon_core/sbox_return__7/P[0]
                         net (fo=2, routed)           1.340     4.981    poseidon_block_i/poseidon_accel_axi_l_0/inst/u_poseidon_core/sbox_return__7_n_105
    SLICE_X93Y110        LUT2 (Prop_lut2_I0_O)        0.124     5.105 r  poseidon_block_i/poseidon_accel_axi_l_0/inst/u_poseidon_core/i__carry_i_3__2/O
                         net (fo=1, routed)           0.000     5.105    poseidon_block_i/poseidon_accel_axi_l_0/inst/u_poseidon_core/i__carry_i_3__2_n_0
    SLICE_X93Y110        CARRY4 (Prop_carry4_S[1]_CO[3])
                                                      0.550     5.655 r  poseidon_block_i/poseidon_accel_axi_l_0/inst/u_poseidon_core/sbox_return_inferred__1/i__carry/CO[3]
                         net (fo=1, routed)           0.000     5.655    poseidon_block_i/poseidon_accel_axi_l_0/inst/u_poseidon_core/sbox_return_inferred__1/i__carry_n_0
    SLICE_X93Y111        CARRY4 (Prop_carry4_CI_O[3])
                                                      0.313     5.968 r  poseidon_block_i/poseidon_accel_axi_l_0/inst/u_poseidon_core/sbox_return_inferred__1/i__carry__0/O[3]
                         net (fo=6, routed)           0.963     6.930    poseidon_block_i/poseidon_accel_axi_l_0/inst/u_poseidon_core/sbox_return_inferred__1/i__carry__0_n_4
    SLICE_X94Y119        LUT6 (Prop_lut6_I0_O)        0.306     7.236 r  poseidon_block_i/poseidon_accel_axi_l_0/inst/u_poseidon_core/st10__1_carry__5_i_3/O
                         net (fo=2, routed)           0.844     8.081    poseidon_block_i/poseidon_accel_axi_l_0/inst/u_poseidon_core/st10__1_carry__5_i_3_n_0
    SLICE_X95Y117        LUT6 (Prop_lut6_I0_O)        0.124     8.205 r  poseidon_block_i/poseidon_accel_axi_l_0/inst/u_poseidon_core/st10__1_carry__5_i_7/O
                         net (fo=1, routed)           0.000     8.205    poseidon_block_i/poseidon_accel_axi_l_0/inst/u_poseidon_core/st10__1_carry__5_i_7_n_0
    SLICE_X95Y117        CARRY4 (Prop_carry4_S[1]_CO[3])
                                                      0.550     8.755 r  poseidon_block_i/poseidon_accel_axi_l_0/inst/u_poseidon_core/st10__1_carry__5/CO[3]
                         net (fo=1, routed)           0.000     8.755    poseidon_block_i/poseidon_accel_axi_l_0/inst/u_poseidon_core/st10__1_carry__5_n_0
    SLICE_X95Y118        CARRY4 (Prop_carry4_CI_O[2])
                                                      0.256     9.011 r  poseidon_block_i/poseidon_accel_axi_l_0/inst/u_poseidon_core/st10__1_carry__6/O[2]
                         net (fo=2, routed)           0.309     9.320    poseidon_block_i/poseidon_accel_axi_l_0/inst/u_poseidon_core/m1[30]
    SLICE_X96Y118        LUT4 (Prop_lut4_I3_O)        0.302     9.622 r  poseidon_block_i/poseidon_accel_axi_l_0/inst/u_poseidon_core/st1[30]_i_1/O
                         net (fo=1, routed)           0.000     9.622    poseidon_block_i/poseidon_accel_axi_l_0/inst/u_poseidon_core/st1[30]_i_1_n_0
    SLICE_X96Y118        FDRE                                         r  poseidon_block_i/poseidon_accel_axi_l_0/inst/u_poseidon_core/st1_reg[30]/D
  -------------------------------------------------------------------    -------------------

                         (clock clk_fpga_0 rise edge)
                                                      0.000     0.000 r  
    PS7_X0Y0             PS7                          0.000     0.000 r  poseidon_block_i/processing_system7/inst/PS7_i/FCLKCLK[0]
                         net (fo=1, routed)           1.088     1.088    poseidon_block_i/processing_system7/inst/FCLK_CLK_unbuffered[0]
    BUFGCTRL_X0Y16       BUFG (Prop_bufg_I_O)         0.091     1.179 r  poseidon_block_i/processing_system7/inst/buffer_fclk_clk_0.FCLK_CLK_0_BUFG/O
                         net (fo=7403, routed)        1.772     2.951    poseidon_block_i/poseidon_accel_axi_l_0/inst/u_poseidon_core/s_axi_aclk
    SLICE_X96Y118        FDRE                                         r  poseidon_block_i/poseidon_accel_axi_l_0/inst/u_poseidon_core/st1_reg[30]/C

Slack:                    inf
  Source:                 poseidon_block_i/poseidon_accel_axi_l_0/inst/u_poseidon_core/sbox_return__6/ACOUT[16]
                            (internal pin)
  Destination:            poseidon_block_i/poseidon_accel_axi_l_0/inst/u_poseidon_core/st1_reg[28]/D
                            (rising edge-triggered cell FDRE clocked by clk_fpga_0  {rise@0.000ns fall@5.000ns period=10.000ns})
  Path Group:             (none)
  Path Type:              Setup (Max at Slow Process Corner)
  Data Path Delay:        9.576ns  (logic 6.140ns (64.120%)  route 3.436ns (35.880%))
  Logic Levels:           9  (CARRY4=4 DSP48E1=1 LUT2=1 LUT4=1 LUT6=2)
  Clock Uncertainty:      0.152ns  ((TSJ^2 + TIJ^2)^1/2 + DJ) / 2 + PE
    Total System Jitter     (TSJ):    0.050ns
    Total Input Jitter      (TIJ):    0.300ns
    Discrete Jitter          (DJ):    0.000ns
    Phase Error              (PE):    0.000ns

    Location             Delay type                Incr(ns)  Path(ns)    Netlist Resource(s)
  -------------------------------------------------------------------    -------------------
    DSP48_X3Y38          DSP48E1                      0.000     0.000 r  poseidon_block_i/poseidon_accel_axi_l_0/inst/u_poseidon_core/sbox_return__6/ACOUT[16]
                         net (fo=1, routed)           0.002     0.002    poseidon_block_i/poseidon_accel_axi_l_0/inst/u_poseidon_core/sbox_return__6_n_37
    DSP48_X3Y39          DSP48E1 (Prop_dsp48e1_ACIN[16]_P[0])
                                                      3.639     3.641 r  poseidon_block_i/poseidon_accel_axi_l_0/inst/u_poseidon_core/sbox_return__7/P[0]
                         net (fo=2, routed)           1.340     4.981    poseidon_block_i/poseidon_accel_axi_l_0/inst/u_poseidon_core/sbox_return__7_n_105
    SLICE_X93Y110        LUT2 (Prop_lut2_I0_O)        0.124     5.105 r  poseidon_block_i/poseidon_accel_axi_l_0/inst/u_poseidon_core/i__carry_i_3__2/O
                         net (fo=1, routed)           0.000     5.105    poseidon_block_i/poseidon_accel_axi_l_0/inst/u_poseidon_core/i__carry_i_3__2_n_0
    SLICE_X93Y110        CARRY4 (Prop_carry4_S[1]_CO[3])
                                                      0.550     5.655 r  poseidon_block_i/poseidon_accel_axi_l_0/inst/u_poseidon_core/sbox_return_inferred__1/i__carry/CO[3]
                         net (fo=1, routed)           0.000     5.655    poseidon_block_i/poseidon_accel_axi_l_0/inst/u_poseidon_core/sbox_return_inferred__1/i__carry_n_0
    SLICE_X93Y111        CARRY4 (Prop_carry4_CI_O[3])
                                                      0.313     5.968 r  poseidon_block_i/poseidon_accel_axi_l_0/inst/u_poseidon_core/sbox_return_inferred__1/i__carry__0/O[3]
                         net (fo=6, routed)           0.963     6.930    poseidon_block_i/poseidon_accel_axi_l_0/inst/u_poseidon_core/sbox_return_inferred__1/i__carry__0_n_4
    SLICE_X94Y119        LUT6 (Prop_lut6_I0_O)        0.306     7.236 r  poseidon_block_i/poseidon_accel_axi_l_0/inst/u_poseidon_core/st10__1_carry__5_i_3/O
                         net (fo=2, routed)           0.844     8.081    poseidon_block_i/poseidon_accel_axi_l_0/inst/u_poseidon_core/st10__1_carry__5_i_3_n_0
    SLICE_X95Y117        LUT6 (Prop_lut6_I0_O)        0.124     8.205 r  poseidon_block_i/poseidon_accel_axi_l_0/inst/u_poseidon_core/st10__1_carry__5_i_7/O
                         net (fo=1, routed)           0.000     8.205    poseidon_block_i/poseidon_accel_axi_l_0/inst/u_poseidon_core/st10__1_carry__5_i_7_n_0
    SLICE_X95Y117        CARRY4 (Prop_carry4_S[1]_CO[3])
                                                      0.550     8.755 r  poseidon_block_i/poseidon_accel_axi_l_0/inst/u_poseidon_core/st10__1_carry__5/CO[3]
                         net (fo=1, routed)           0.000     8.755    poseidon_block_i/poseidon_accel_axi_l_0/inst/u_poseidon_core/st10__1_carry__5_n_0
    SLICE_X95Y118        CARRY4 (Prop_carry4_CI_O[0])
                                                      0.235     8.990 r  poseidon_block_i/poseidon_accel_axi_l_0/inst/u_poseidon_core/st10__1_carry__6/O[0]
                         net (fo=2, routed)           0.287     9.277    poseidon_block_i/poseidon_accel_axi_l_0/inst/u_poseidon_core/m1[28]
    SLICE_X97Y118        LUT4 (Prop_lut4_I3_O)        0.299     9.576 r  poseidon_block_i/poseidon_accel_axi_l_0/inst/u_poseidon_core/st1[28]_i_1/O
                         net (fo=1, routed)           0.000     9.576    poseidon_block_i/poseidon_accel_axi_l_0/inst/u_poseidon_core/st1[28]_i_1_n_0
    SLICE_X97Y118        FDRE                                         r  poseidon_block_i/poseidon_accel_axi_l_0/inst/u_poseidon_core/st1_reg[28]/D
  -------------------------------------------------------------------    -------------------

                         (clock clk_fpga_0 rise edge)
                                                      0.000     0.000 r  
    PS7_X0Y0             PS7                          0.000     0.000 r  poseidon_block_i/processing_system7/inst/PS7_i/FCLKCLK[0]
                         net (fo=1, routed)           1.088     1.088    poseidon_block_i/processing_system7/inst/FCLK_CLK_unbuffered[0]
    BUFGCTRL_X0Y16       BUFG (Prop_bufg_I_O)         0.091     1.179 r  poseidon_block_i/processing_system7/inst/buffer_fclk_clk_0.FCLK_CLK_0_BUFG/O
                         net (fo=7403, routed)        1.772     2.951    poseidon_block_i/poseidon_accel_axi_l_0/inst/u_poseidon_core/s_axi_aclk
    SLICE_X97Y118        FDRE                                         r  poseidon_block_i/poseidon_accel_axi_l_0/inst/u_poseidon_core/st1_reg[28]/C

Slack:                    inf
  Source:                 poseidon_block_i/poseidon_accel_axi_l_0/inst/u_poseidon_core/sbox_return__6/ACOUT[16]
                            (internal pin)
  Destination:            poseidon_block_i/poseidon_accel_axi_l_0/inst/u_poseidon_core/st1_reg[26]/D
                            (rising edge-triggered cell FDRE clocked by clk_fpga_0  {rise@0.000ns fall@5.000ns period=10.000ns})
  Path Group:             (none)
  Path Type:              Setup (Max at Slow Process Corner)
  Data Path Delay:        9.565ns  (logic 5.938ns (62.082%)  route 3.627ns (37.918%))
  Logic Levels:           8  (CARRY4=3 DSP48E1=1 LUT2=1 LUT4=1 LUT6=2)
  Clock Uncertainty:      0.152ns  ((TSJ^2 + TIJ^2)^1/2 + DJ) / 2 + PE
    Total System Jitter     (TSJ):    0.050ns
    Total Input Jitter      (TIJ):    0.300ns
    Discrete Jitter          (DJ):    0.000ns
    Phase Error              (PE):    0.000ns

    Location             Delay type                Incr(ns)  Path(ns)    Netlist Resource(s)
  -------------------------------------------------------------------    -------------------
    DSP48_X3Y38          DSP48E1                      0.000     0.000 r  poseidon_block_i/poseidon_accel_axi_l_0/inst/u_poseidon_core/sbox_return__6/ACOUT[16]
                         net (fo=1, routed)           0.002     0.002    poseidon_block_i/poseidon_accel_axi_l_0/inst/u_poseidon_core/sbox_return__6_n_37
    DSP48_X3Y39          DSP48E1 (Prop_dsp48e1_ACIN[16]_P[0])
                                                      3.639     3.641 r  poseidon_block_i/poseidon_accel_axi_l_0/inst/u_poseidon_core/sbox_return__7/P[0]
                         net (fo=2, routed)           1.340     4.981    poseidon_block_i/poseidon_accel_axi_l_0/inst/u_poseidon_core/sbox_return__7_n_105
    SLICE_X93Y110        LUT2 (Prop_lut2_I0_O)        0.124     5.105 r  poseidon_block_i/poseidon_accel_axi_l_0/inst/u_poseidon_core/i__carry_i_3__2/O
                         net (fo=1, routed)           0.000     5.105    poseidon_block_i/poseidon_accel_axi_l_0/inst/u_poseidon_core/i__carry_i_3__2_n_0
    SLICE_X93Y110        CARRY4 (Prop_carry4_S[1]_CO[3])
                                                      0.550     5.655 r  poseidon_block_i/poseidon_accel_axi_l_0/inst/u_poseidon_core/sbox_return_inferred__1/i__carry/CO[3]
                         net (fo=1, routed)           0.000     5.655    poseidon_block_i/poseidon_accel_axi_l_0/inst/u_poseidon_core/sbox_return_inferred__1/i__carry_n_0
    SLICE_X93Y111        CARRY4 (Prop_carry4_CI_O[3])
                                                      0.313     5.968 r  poseidon_block_i/poseidon_accel_axi_l_0/inst/u_poseidon_core/sbox_return_inferred__1/i__carry__0/O[3]
                         net (fo=6, routed)           0.963     6.930    poseidon_block_i/poseidon_accel_axi_l_0/inst/u_poseidon_core/sbox_return_inferred__1/i__carry__0_n_4
    SLICE_X94Y119        LUT6 (Prop_lut6_I0_O)        0.306     7.236 r  poseidon_block_i/poseidon_accel_axi_l_0/inst/u_poseidon_core/st10__1_carry__5_i_3/O
                         net (fo=2, routed)           0.844     8.081    poseidon_block_i/poseidon_accel_axi_l_0/inst/u_poseidon_core/st10__1_carry__5_i_3_n_0
    SLICE_X95Y117        LUT6 (Prop_lut6_I0_O)        0.124     8.205 r  poseidon_block_i/poseidon_accel_axi_l_0/inst/u_poseidon_core/st10__1_carry__5_i_7/O
                         net (fo=1, routed)           0.000     8.205    poseidon_block_i/poseidon_accel_axi_l_0/inst/u_poseidon_core/st10__1_carry__5_i_7_n_0
    SLICE_X95Y117        CARRY4 (Prop_carry4_S[1]_O[2])
                                                      0.580     8.785 r  poseidon_block_i/poseidon_accel_axi_l_0/inst/u_poseidon_core/st10__1_carry__5/O[2]
                         net (fo=2, routed)           0.478     9.263    poseidon_block_i/poseidon_accel_axi_l_0/inst/u_poseidon_core/m1[26]
    SLICE_X97Y117        LUT4 (Prop_lut4_I3_O)        0.302     9.565 r  poseidon_block_i/poseidon_accel_axi_l_0/inst/u_poseidon_core/st1[26]_i_1/O
                         net (fo=1, routed)           0.000     9.565    poseidon_block_i/poseidon_accel_axi_l_0/inst/u_poseidon_core/st1[26]_i_1_n_0
    SLICE_X97Y117        FDRE                                         r  poseidon_block_i/poseidon_accel_axi_l_0/inst/u_poseidon_core/st1_reg[26]/D
  -------------------------------------------------------------------    -------------------

                         (clock clk_fpga_0 rise edge)
                                                      0.000     0.000 r  
    PS7_X0Y0             PS7                          0.000     0.000 r  poseidon_block_i/processing_system7/inst/PS7_i/FCLKCLK[0]
                         net (fo=1, routed)           1.088     1.088    poseidon_block_i/processing_system7/inst/FCLK_CLK_unbuffered[0]
    BUFGCTRL_X0Y16       BUFG (Prop_bufg_I_O)         0.091     1.179 r  poseidon_block_i/processing_system7/inst/buffer_fclk_clk_0.FCLK_CLK_0_BUFG/O
                         net (fo=7403, routed)        1.774     2.953    poseidon_block_i/poseidon_accel_axi_l_0/inst/u_poseidon_core/s_axi_aclk
    SLICE_X97Y117        FDRE                                         r  poseidon_block_i/poseidon_accel_axi_l_0/inst/u_poseidon_core/st1_reg[26]/C

Slack:                    inf
  Source:                 poseidon_block_i/poseidon_accel_axi_l_0/inst/u_poseidon_core/sbox_return__6/ACOUT[16]
                            (internal pin)
  Destination:            poseidon_block_i/poseidon_accel_axi_l_0/inst/u_poseidon_core/st0_reg[29]/D
                            (rising edge-triggered cell FDRE clocked by clk_fpga_0  {rise@0.000ns fall@5.000ns period=10.000ns})
  Path Group:             (none)
  Path Type:              Setup (Max at Slow Process Corner)
  Data Path Delay:        9.488ns  (logic 6.273ns (66.114%)  route 3.215ns (33.886%))
  Logic Levels:           10  (CARRY4=5 DSP48E1=1 LUT2=1 LUT4=1 LUT6=2)
  Clock Uncertainty:      0.152ns  ((TSJ^2 + TIJ^2)^1/2 + DJ) / 2 + PE
    Total System Jitter     (TSJ):    0.050ns
    Total Input Jitter      (TIJ):    0.300ns
    Discrete Jitter          (DJ):    0.000ns
    Phase Error              (PE):    0.000ns

    Location             Delay type                Incr(ns)  Path(ns)    Netlist Resource(s)
  -------------------------------------------------------------------    -------------------
    DSP48_X3Y38          DSP48E1                      0.000     0.000 r  poseidon_block_i/poseidon_accel_axi_l_0/inst/u_poseidon_core/sbox_return__6/ACOUT[16]
                         net (fo=1, routed)           0.002     0.002    poseidon_block_i/poseidon_accel_axi_l_0/inst/u_poseidon_core/sbox_return__6_n_37
    DSP48_X3Y39          DSP48E1 (Prop_dsp48e1_ACIN[16]_P[0])
                                                      3.639     3.641 r  poseidon_block_i/poseidon_accel_axi_l_0/inst/u_poseidon_core/sbox_return__7/P[0]
                         net (fo=2, routed)           1.340     4.981    poseidon_block_i/poseidon_accel_axi_l_0/inst/u_poseidon_core/sbox_return__7_n_105
    SLICE_X93Y110        LUT2 (Prop_lut2_I0_O)        0.124     5.105 r  poseidon_block_i/poseidon_accel_axi_l_0/inst/u_poseidon_core/i__carry_i_3__2/O
                         net (fo=1, routed)           0.000     5.105    poseidon_block_i/poseidon_accel_axi_l_0/inst/u_poseidon_core/i__carry_i_3__2_n_0
    SLICE_X93Y110        CARRY4 (Prop_carry4_S[1]_CO[3])
                                                      0.550     5.655 r  poseidon_block_i/poseidon_accel_axi_l_0/inst/u_poseidon_core/sbox_return_inferred__1/i__carry/CO[3]
                         net (fo=1, routed)           0.000     5.655    poseidon_block_i/poseidon_accel_axi_l_0/inst/u_poseidon_core/sbox_return_inferred__1/i__carry_n_0
    SLICE_X93Y111        CARRY4 (Prop_carry4_CI_CO[3])
                                                      0.114     5.769 r  poseidon_block_i/poseidon_accel_axi_l_0/inst/u_poseidon_core/sbox_return_inferred__1/i__carry__0/CO[3]
                         net (fo=1, routed)           0.000     5.769    poseidon_block_i/poseidon_accel_axi_l_0/inst/u_poseidon_core/sbox_return_inferred__1/i__carry__0_n_0
    SLICE_X93Y112        CARRY4 (Prop_carry4_CI_O[0])
                                                      0.222     5.991 r  poseidon_block_i/poseidon_accel_axi_l_0/inst/u_poseidon_core/sbox_return_inferred__1/i__carry__1/O[0]
                         net (fo=6, routed)           0.845     6.836    poseidon_block_i/poseidon_accel_axi_l_0/inst/u_poseidon_core/sbox_return_inferred__1/i__carry__1_n_7
    SLICE_X90Y118        LUT6 (Prop_lut6_I0_O)        0.299     7.135 r  poseidon_block_i/poseidon_accel_axi_l_0/inst/u_poseidon_core/st00__1_carry__5_i_3/O
                         net (fo=2, routed)           0.721     7.856    poseidon_block_i/poseidon_accel_axi_l_0/inst/u_poseidon_core/st00__1_carry__5_i_3_n_0
    SLICE_X91Y117        LUT6 (Prop_lut6_I0_O)        0.124     7.980 r  poseidon_block_i/poseidon_accel_axi_l_0/inst/u_poseidon_core/st00__1_carry__5_i_7/O
                         net (fo=1, routed)           0.000     7.980    poseidon_block_i/poseidon_accel_axi_l_0/inst/u_poseidon_core/st00__1_carry__5_i_7_n_0
    SLICE_X91Y117        CARRY4 (Prop_carry4_S[1]_CO[3])
                                                      0.550     8.530 r  poseidon_block_i/poseidon_accel_axi_l_0/inst/u_poseidon_core/st00__1_carry__5/CO[3]
                         net (fo=1, routed)           0.000     8.530    poseidon_block_i/poseidon_accel_axi_l_0/inst/u_poseidon_core/st00__1_carry__5_n_0
    SLICE_X91Y118        CARRY4 (Prop_carry4_CI_O[1])
                                                      0.348     8.878 r  poseidon_block_i/poseidon_accel_axi_l_0/inst/u_poseidon_core/st00__1_carry__6/O[1]
                         net (fo=2, routed)           0.307     9.185    poseidon_block_i/poseidon_accel_axi_l_0/inst/u_poseidon_core/m0[29]
    SLICE_X90Y119        LUT4 (Prop_lut4_I3_O)        0.303     9.488 r  poseidon_block_i/poseidon_accel_axi_l_0/inst/u_poseidon_core/st0[29]_i_1/O
                         net (fo=1, routed)           0.000     9.488    poseidon_block_i/poseidon_accel_axi_l_0/inst/u_poseidon_core/st0[29]_i_1_n_0
    SLICE_X90Y119        FDRE                                         r  poseidon_block_i/poseidon_accel_axi_l_0/inst/u_poseidon_core/st0_reg[29]/D
  -------------------------------------------------------------------    -------------------

                         (clock clk_fpga_0 rise edge)
                                                      0.000     0.000 r  
    PS7_X0Y0             PS7                          0.000     0.000 r  poseidon_block_i/processing_system7/inst/PS7_i/FCLKCLK[0]
                         net (fo=1, routed)           1.088     1.088    poseidon_block_i/processing_system7/inst/FCLK_CLK_unbuffered[0]
    BUFGCTRL_X0Y16       BUFG (Prop_bufg_I_O)         0.091     1.179 r  poseidon_block_i/processing_system7/inst/buffer_fclk_clk_0.FCLK_CLK_0_BUFG/O
                         net (fo=7403, routed)        1.768     2.947    poseidon_block_i/poseidon_accel_axi_l_0/inst/u_poseidon_core/s_axi_aclk
    SLICE_X90Y119        FDRE                                         r  poseidon_block_i/poseidon_accel_axi_l_0/inst/u_poseidon_core/st0_reg[29]/C

Slack:                    inf
  Source:                 poseidon_block_i/poseidon_accel_axi_l_0/inst/u_poseidon_core/sbox_return__6/ACOUT[16]
                            (internal pin)
  Destination:            poseidon_block_i/poseidon_accel_axi_l_0/inst/u_poseidon_core/st2_reg[30]/D
                            (rising edge-triggered cell FDRE clocked by clk_fpga_0  {rise@0.000ns fall@5.000ns period=10.000ns})
  Path Group:             (none)
  Path Type:              Setup (Max at Slow Process Corner)
  Data Path Delay:        9.483ns  (logic 6.025ns (63.536%)  route 3.458ns (36.464%))
  Logic Levels:           10  (CARRY4=5 DSP48E1=1 LUT2=1 LUT4=1 LUT6=2)
  Clock Uncertainty:      0.152ns  ((TSJ^2 + TIJ^2)^1/2 + DJ) / 2 + PE
    Total System Jitter     (TSJ):    0.050ns
    Total Input Jitter      (TIJ):    0.300ns
    Discrete Jitter          (DJ):    0.000ns
    Phase Error              (PE):    0.000ns

    Location             Delay type                Incr(ns)  Path(ns)    Netlist Resource(s)
  -------------------------------------------------------------------    -------------------
    DSP48_X3Y38          DSP48E1                      0.000     0.000 r  poseidon_block_i/poseidon_accel_axi_l_0/inst/u_poseidon_core/sbox_return__6/ACOUT[16]
                         net (fo=1, routed)           0.002     0.002    poseidon_block_i/poseidon_accel_axi_l_0/inst/u_poseidon_core/sbox_return__6_n_37
    DSP48_X3Y39          DSP48E1 (Prop_dsp48e1_ACIN[16]_P[0])
                                                      3.639     3.641 r  poseidon_block_i/poseidon_accel_axi_l_0/inst/u_poseidon_core/sbox_return__7/P[0]
                         net (fo=2, routed)           1.340     4.981    poseidon_block_i/poseidon_accel_axi_l_0/inst/u_poseidon_core/sbox_return__7_n_105
    SLICE_X93Y110        LUT2 (Prop_lut2_I0_O)        0.124     5.105 r  poseidon_block_i/poseidon_accel_axi_l_0/inst/u_poseidon_core/i__carry_i_3__2/O
                         net (fo=1, routed)           0.000     5.105    poseidon_block_i/poseidon_accel_axi_l_0/inst/u_poseidon_core/i__carry_i_3__2_n_0
    SLICE_X93Y110        CARRY4 (Prop_carry4_S[1]_CO[3])
                                                      0.550     5.655 r  poseidon_block_i/poseidon_accel_axi_l_0/inst/u_poseidon_core/sbox_return_inferred__1/i__carry/CO[3]
                         net (fo=1, routed)           0.000     5.655    poseidon_block_i/poseidon_accel_axi_l_0/inst/u_poseidon_core/sbox_return_inferred__1/i__carry_n_0
    SLICE_X93Y111        CARRY4 (Prop_carry4_CI_CO[3])
                                                      0.114     5.769 r  poseidon_block_i/poseidon_accel_axi_l_0/inst/u_poseidon_core/sbox_return_inferred__1/i__carry__0/CO[3]
                         net (fo=1, routed)           0.000     5.769    poseidon_block_i/poseidon_accel_axi_l_0/inst/u_poseidon_core/sbox_return_inferred__1/i__carry__0_n_0
    SLICE_X93Y112        CARRY4 (Prop_carry4_CI_O[2])
                                                      0.239     6.008 r  poseidon_block_i/poseidon_accel_axi_l_0/inst/u_poseidon_core/sbox_return_inferred__1/i__carry__1/O[2]
                         net (fo=6, routed)           0.824     6.832    poseidon_block_i/poseidon_accel_axi_l_0/inst/u_poseidon_core/sbox_return_inferred__1/i__carry__1_n_5
    SLICE_X90Y119        LUT6 (Prop_lut6_I0_O)        0.302     7.134 r  poseidon_block_i/poseidon_accel_axi_l_0/inst/u_poseidon_core/st20__1_carry__5_i_1/O
                         net (fo=2, routed)           0.848     7.981    poseidon_block_i/poseidon_accel_axi_l_0/inst/u_poseidon_core/st20__1_carry__5_i_1_n_0
    SLICE_X92Y117        LUT6 (Prop_lut6_I0_O)        0.124     8.105 r  poseidon_block_i/poseidon_accel_axi_l_0/inst/u_poseidon_core/st20__1_carry__5_i_5/O
                         net (fo=1, routed)           0.000     8.105    poseidon_block_i/poseidon_accel_axi_l_0/inst/u_poseidon_core/st20__1_carry__5_i_5_n_0
    SLICE_X92Y117        CARRY4 (Prop_carry4_S[3]_CO[3])
                                                      0.376     8.481 r  poseidon_block_i/poseidon_accel_axi_l_0/inst/u_poseidon_core/st20__1_carry__5/CO[3]
                         net (fo=1, routed)           0.000     8.481    poseidon_block_i/poseidon_accel_axi_l_0/inst/u_poseidon_core/st20__1_carry__5_n_0
    SLICE_X92Y118        CARRY4 (Prop_carry4_CI_O[2])
                                                      0.256     8.737 r  poseidon_block_i/poseidon_accel_axi_l_0/inst/u_poseidon_core/st20__1_carry__6/O[2]
                         net (fo=2, routed)           0.444     9.182    poseidon_block_i/poseidon_accel_axi_l_0/inst/u_poseidon_core/m2[30]
    SLICE_X91Y120        LUT4 (Prop_lut4_I3_O)        0.301     9.483 r  poseidon_block_i/poseidon_accel_axi_l_0/inst/u_poseidon_core/st2[30]_i_1/O
                         net (fo=1, routed)           0.000     9.483    poseidon_block_i/poseidon_accel_axi_l_0/inst/u_poseidon_core/st2[30]_i_1_n_0
    SLICE_X91Y120        FDRE                                         r  poseidon_block_i/poseidon_accel_axi_l_0/inst/u_poseidon_core/st2_reg[30]/D
  -------------------------------------------------------------------    -------------------

                         (clock clk_fpga_0 rise edge)
                                                      0.000     0.000 r  
    PS7_X0Y0             PS7                          0.000     0.000 r  poseidon_block_i/processing_system7/inst/PS7_i/FCLKCLK[0]
                         net (fo=1, routed)           1.088     1.088    poseidon_block_i/processing_system7/inst/FCLK_CLK_unbuffered[0]
    BUFGCTRL_X0Y16       BUFG (Prop_bufg_I_O)         0.091     1.179 r  poseidon_block_i/processing_system7/inst/buffer_fclk_clk_0.FCLK_CLK_0_BUFG/O
                         net (fo=7403, routed)        1.768     2.947    poseidon_block_i/poseidon_accel_axi_l_0/inst/u_poseidon_core/s_axi_aclk
    SLICE_X91Y120        FDRE                                         r  poseidon_block_i/poseidon_accel_axi_l_0/inst/u_poseidon_core/st2_reg[30]/C

Slack:                    inf
  Source:                 poseidon_block_i/poseidon_accel_axi_l_0/inst/u_poseidon_core/sbox_return__6/ACOUT[16]
                            (internal pin)
  Destination:            poseidon_block_i/poseidon_accel_axi_l_0/inst/u_poseidon_core/st0_reg[31]/D
                            (rising edge-triggered cell FDRE clocked by clk_fpga_0  {rise@0.000ns fall@5.000ns period=10.000ns})
  Path Group:             (none)
  Path Type:              Setup (Max at Slow Process Corner)
  Data Path Delay:        9.465ns  (logic 6.257ns (66.108%)  route 3.208ns (33.892%))
  Logic Levels:           10  (CARRY4=5 DSP48E1=1 LUT2=1 LUT4=1 LUT6=2)
  Clock Uncertainty:      0.152ns  ((TSJ^2 + TIJ^2)^1/2 + DJ) / 2 + PE
    Total System Jitter     (TSJ):    0.050ns
    Total Input Jitter      (TIJ):    0.300ns
    Discrete Jitter          (DJ):    0.000ns
    Phase Error              (PE):    0.000ns

    Location             Delay type                Incr(ns)  Path(ns)    Netlist Resource(s)
  -------------------------------------------------------------------    -------------------
    DSP48_X3Y38          DSP48E1                      0.000     0.000 r  poseidon_block_i/poseidon_accel_axi_l_0/inst/u_poseidon_core/sbox_return__6/ACOUT[16]
                         net (fo=1, routed)           0.002     0.002    poseidon_block_i/poseidon_accel_axi_l_0/inst/u_poseidon_core/sbox_return__6_n_37
    DSP48_X3Y39          DSP48E1 (Prop_dsp48e1_ACIN[16]_P[0])
                                                      3.639     3.641 r  poseidon_block_i/poseidon_accel_axi_l_0/inst/u_poseidon_core/sbox_return__7/P[0]
                         net (fo=2, routed)           1.340     4.981    poseidon_block_i/poseidon_accel_axi_l_0/inst/u_poseidon_core/sbox_return__7_n_105
    SLICE_X93Y110        LUT2 (Prop_lut2_I0_O)        0.124     5.105 r  poseidon_block_i/poseidon_accel_axi_l_0/inst/u_poseidon_core/i__carry_i_3__2/O
                         net (fo=1, routed)           0.000     5.105    poseidon_block_i/poseidon_accel_axi_l_0/inst/u_poseidon_core/i__carry_i_3__2_n_0
    SLICE_X93Y110        CARRY4 (Prop_carry4_S[1]_CO[3])
                                                      0.550     5.655 r  poseidon_block_i/poseidon_accel_axi_l_0/inst/u_poseidon_core/sbox_return_inferred__1/i__carry/CO[3]
                         net (fo=1, routed)           0.000     5.655    poseidon_block_i/poseidon_accel_axi_l_0/inst/u_poseidon_core/sbox_return_inferred__1/i__carry_n_0
    SLICE_X93Y111        CARRY4 (Prop_carry4_CI_CO[3])
                                                      0.114     5.769 r  poseidon_block_i/poseidon_accel_axi_l_0/inst/u_poseidon_core/sbox_return_inferred__1/i__carry__0/CO[3]
                         net (fo=1, routed)           0.000     5.769    poseidon_block_i/poseidon_accel_axi_l_0/inst/u_poseidon_core/sbox_return_inferred__1/i__carry__0_n_0
    SLICE_X93Y112        CARRY4 (Prop_carry4_CI_O[0])
                                                      0.222     5.991 r  poseidon_block_i/poseidon_accel_axi_l_0/inst/u_poseidon_core/sbox_return_inferred__1/i__carry__1/O[0]
                         net (fo=6, routed)           0.845     6.836    poseidon_block_i/poseidon_accel_axi_l_0/inst/u_poseidon_core/sbox_return_inferred__1/i__carry__1_n_7
    SLICE_X90Y118        LUT6 (Prop_lut6_I0_O)        0.299     7.135 r  poseidon_block_i/poseidon_accel_axi_l_0/inst/u_poseidon_core/st00__1_carry__5_i_3/O
                         net (fo=2, routed)           0.721     7.856    poseidon_block_i/poseidon_accel_axi_l_0/inst/u_poseidon_core/st00__1_carry__5_i_3_n_0
    SLICE_X91Y117        LUT6 (Prop_lut6_I0_O)        0.124     7.980 r  poseidon_block_i/poseidon_accel_axi_l_0/inst/u_poseidon_core/st00__1_carry__5_i_7/O
                         net (fo=1, routed)           0.000     7.980    poseidon_block_i/poseidon_accel_axi_l_0/inst/u_poseidon_core/st00__1_carry__5_i_7_n_0
    SLICE_X91Y117        CARRY4 (Prop_carry4_S[1]_CO[3])
                                                      0.550     8.530 r  poseidon_block_i/poseidon_accel_axi_l_0/inst/u_poseidon_core/st00__1_carry__5/CO[3]
                         net (fo=1, routed)           0.000     8.530    poseidon_block_i/poseidon_accel_axi_l_0/inst/u_poseidon_core/st00__1_carry__5_n_0
    SLICE_X91Y118        CARRY4 (Prop_carry4_CI_O[3])
                                                      0.329     8.859 r  poseidon_block_i/poseidon_accel_axi_l_0/inst/u_poseidon_core/st00__1_carry__6/O[3]
                         net (fo=2, routed)           0.300     9.159    poseidon_block_i/poseidon_accel_axi_l_0/inst/u_poseidon_core/m0[31]
    SLICE_X91Y119        LUT4 (Prop_lut4_I3_O)        0.306     9.465 r  poseidon_block_i/poseidon_accel_axi_l_0/inst/u_poseidon_core/st0[31]_i_2/O
                         net (fo=1, routed)           0.000     9.465    poseidon_block_i/poseidon_accel_axi_l_0/inst/u_poseidon_core/st0[31]_i_2_n_0
    SLICE_X91Y119        FDRE                                         r  poseidon_block_i/poseidon_accel_axi_l_0/inst/u_poseidon_core/st0_reg[31]/D
  -------------------------------------------------------------------    -------------------

                         (clock clk_fpga_0 rise edge)
                                                      0.000     0.000 r  
    PS7_X0Y0             PS7                          0.000     0.000 r  poseidon_block_i/processing_system7/inst/PS7_i/FCLKCLK[0]
                         net (fo=1, routed)           1.088     1.088    poseidon_block_i/processing_system7/inst/FCLK_CLK_unbuffered[0]
    BUFGCTRL_X0Y16       BUFG (Prop_bufg_I_O)         0.091     1.179 r  poseidon_block_i/processing_system7/inst/buffer_fclk_clk_0.FCLK_CLK_0_BUFG/O
                         net (fo=7403, routed)        1.768     2.947    poseidon_block_i/poseidon_accel_axi_l_0/inst/u_poseidon_core/s_axi_aclk
    SLICE_X91Y119        FDRE                                         r  poseidon_block_i/poseidon_accel_axi_l_0/inst/u_poseidon_core/st0_reg[31]/C

Slack:                    inf
  Source:                 poseidon_block_i/poseidon_accel_axi_l_0/inst/u_poseidon_core/sbox_return__6/ACOUT[16]
                            (internal pin)
  Destination:            poseidon_block_i/poseidon_accel_axi_l_0/inst/u_poseidon_core/st1_reg[27]/D
                            (rising edge-triggered cell FDRE clocked by clk_fpga_0  {rise@0.000ns fall@5.000ns period=10.000ns})
  Path Group:             (none)
  Path Type:              Setup (Max at Slow Process Corner)
  Data Path Delay:        9.452ns  (logic 6.002ns (63.501%)  route 3.450ns (36.499%))
  Logic Levels:           8  (CARRY4=3 DSP48E1=1 LUT2=1 LUT4=1 LUT6=2)
  Clock Uncertainty:      0.152ns  ((TSJ^2 + TIJ^2)^1/2 + DJ) / 2 + PE
    Total System Jitter     (TSJ):    0.050ns
    Total Input Jitter      (TIJ):    0.300ns
    Discrete Jitter          (DJ):    0.000ns
    Phase Error              (PE):    0.000ns

    Location             Delay type                Incr(ns)  Path(ns)    Netlist Resource(s)
  -------------------------------------------------------------------    -------------------
    DSP48_X3Y38          DSP48E1                      0.000     0.000 r  poseidon_block_i/poseidon_accel_axi_l_0/inst/u_poseidon_core/sbox_return__6/ACOUT[16]
                         net (fo=1, routed)           0.002     0.002    poseidon_block_i/poseidon_accel_axi_l_0/inst/u_poseidon_core/sbox_return__6_n_37
    DSP48_X3Y39          DSP48E1 (Prop_dsp48e1_ACIN[16]_P[0])
                                                      3.639     3.641 r  poseidon_block_i/poseidon_accel_axi_l_0/inst/u_poseidon_core/sbox_return__7/P[0]
                         net (fo=2, routed)           1.340     4.981    poseidon_block_i/poseidon_accel_axi_l_0/inst/u_poseidon_core/sbox_return__7_n_105
    SLICE_X93Y110        LUT2 (Prop_lut2_I0_O)        0.124     5.105 r  poseidon_block_i/poseidon_accel_axi_l_0/inst/u_poseidon_core/i__carry_i_3__2/O
                         net (fo=1, routed)           0.000     5.105    poseidon_block_i/poseidon_accel_axi_l_0/inst/u_poseidon_core/i__carry_i_3__2_n_0
    SLICE_X93Y110        CARRY4 (Prop_carry4_S[1]_CO[3])
                                                      0.550     5.655 r  poseidon_block_i/poseidon_accel_axi_l_0/inst/u_poseidon_core/sbox_return_inferred__1/i__carry/CO[3]
                         net (fo=1, routed)           0.000     5.655    poseidon_block_i/poseidon_accel_axi_l_0/inst/u_poseidon_core/sbox_return_inferred__1/i__carry_n_0
    SLICE_X93Y111        CARRY4 (Prop_carry4_CI_O[3])
                                                      0.313     5.968 r  poseidon_block_i/poseidon_accel_axi_l_0/inst/u_poseidon_core/sbox_return_inferred__1/i__carry__0/O[3]
                         net (fo=6, routed)           0.963     6.930    poseidon_block_i/poseidon_accel_axi_l_0/inst/u_poseidon_core/sbox_return_inferred__1/i__carry__0_n_4
    SLICE_X94Y119        LUT6 (Prop_lut6_I0_O)        0.306     7.236 r  poseidon_block_i/poseidon_accel_axi_l_0/inst/u_poseidon_core/st10__1_carry__5_i_3/O
                         net (fo=2, routed)           0.844     8.081    poseidon_block_i/poseidon_accel_axi_l_0/inst/u_poseidon_core/st10__1_carry__5_i_3_n_0
    SLICE_X95Y117        LUT6 (Prop_lut6_I0_O)        0.124     8.205 r  poseidon_block_i/poseidon_accel_axi_l_0/inst/u_poseidon_core/st10__1_carry__5_i_7/O
                         net (fo=1, routed)           0.000     8.205    poseidon_block_i/poseidon_accel_axi_l_0/inst/u_poseidon_core/st10__1_carry__5_i_7_n_0
    SLICE_X95Y117        CARRY4 (Prop_carry4_S[1]_O[3])
                                                      0.640     8.845 r  poseidon_block_i/poseidon_accel_axi_l_0/inst/u_poseidon_core/st10__1_carry__5/O[3]
                         net (fo=2, routed)           0.301     9.146    poseidon_block_i/poseidon_accel_axi_l_0/inst/u_poseidon_core/m1[27]
    SLICE_X97Y116        LUT4 (Prop_lut4_I3_O)        0.306     9.452 r  poseidon_block_i/poseidon_accel_axi_l_0/inst/u_poseidon_core/st1[27]_i_1/O
                         net (fo=1, routed)           0.000     9.452    poseidon_block_i/poseidon_accel_axi_l_0/inst/u_poseidon_core/st1[27]_i_1_n_0
    SLICE_X97Y116        FDRE                                         r  poseidon_block_i/poseidon_accel_axi_l_0/inst/u_poseidon_core/st1_reg[27]/D
  -------------------------------------------------------------------    -------------------

                         (clock clk_fpga_0 rise edge)
                                                      0.000     0.000 r  
    PS7_X0Y0             PS7                          0.000     0.000 r  poseidon_block_i/processing_system7/inst/PS7_i/FCLKCLK[0]
                         net (fo=1, routed)           1.088     1.088    poseidon_block_i/processing_system7/inst/FCLK_CLK_unbuffered[0]
    BUFGCTRL_X0Y16       BUFG (Prop_bufg_I_O)         0.091     1.179 r  poseidon_block_i/processing_system7/inst/buffer_fclk_clk_0.FCLK_CLK_0_BUFG/O
                         net (fo=7403, routed)        1.775     2.954    poseidon_block_i/poseidon_accel_axi_l_0/inst/u_poseidon_core/s_axi_aclk
    SLICE_X97Y116        FDRE                                         r  poseidon_block_i/poseidon_accel_axi_l_0/inst/u_poseidon_core/st1_reg[27]/C

Slack:                    inf
  Source:                 poseidon_block_i/poseidon_accel_axi_l_0/inst/u_poseidon_core/sbox_return__6/ACOUT[16]
                            (internal pin)
  Destination:            poseidon_block_i/poseidon_accel_axi_l_0/inst/u_poseidon_core/st2_reg[29]/D
                            (rising edge-triggered cell FDRE clocked by clk_fpga_0  {rise@0.000ns fall@5.000ns period=10.000ns})
  Path Group:             (none)
  Path Type:              Setup (Max at Slow Process Corner)
  Data Path Delay:        9.432ns  (logic 6.111ns (64.793%)  route 3.321ns (35.207%))
  Logic Levels:           10  (CARRY4=5 DSP48E1=1 LUT2=1 LUT4=1 LUT6=2)
  Clock Uncertainty:      0.152ns  ((TSJ^2 + TIJ^2)^1/2 + DJ) / 2 + PE
    Total System Jitter     (TSJ):    0.050ns
    Total Input Jitter      (TIJ):    0.300ns
    Discrete Jitter          (DJ):    0.000ns
    Phase Error              (PE):    0.000ns

    Location             Delay type                Incr(ns)  Path(ns)    Netlist Resource(s)
  -------------------------------------------------------------------    -------------------
    DSP48_X3Y38          DSP48E1                      0.000     0.000 r  poseidon_block_i/poseidon_accel_axi_l_0/inst/u_poseidon_core/sbox_return__6/ACOUT[16]
                         net (fo=1, routed)           0.002     0.002    poseidon_block_i/poseidon_accel_axi_l_0/inst/u_poseidon_core/sbox_return__6_n_37
    DSP48_X3Y39          DSP48E1 (Prop_dsp48e1_ACIN[16]_P[0])
                                                      3.639     3.641 r  poseidon_block_i/poseidon_accel_axi_l_0/inst/u_poseidon_core/sbox_return__7/P[0]
                         net (fo=2, routed)           1.340     4.981    poseidon_block_i/poseidon_accel_axi_l_0/inst/u_poseidon_core/sbox_return__7_n_105
    SLICE_X93Y110        LUT2 (Prop_lut2_I0_O)        0.124     5.105 r  poseidon_block_i/poseidon_accel_axi_l_0/inst/u_poseidon_core/i__carry_i_3__2/O
                         net (fo=1, routed)           0.000     5.105    poseidon_block_i/poseidon_accel_axi_l_0/inst/u_poseidon_core/i__carry_i_3__2_n_0
    SLICE_X93Y110        CARRY4 (Prop_carry4_S[1]_CO[3])
                                                      0.550     5.655 r  poseidon_block_i/poseidon_accel_axi_l_0/inst/u_poseidon_core/sbox_return_inferred__1/i__carry/CO[3]
                         net (fo=1, routed)           0.000     5.655    poseidon_block_i/poseidon_accel_axi_l_0/inst/u_poseidon_core/sbox_return_inferred__1/i__carry_n_0
    SLICE_X93Y111        CARRY4 (Prop_carry4_CI_CO[3])
                                                      0.114     5.769 r  poseidon_block_i/poseidon_accel_axi_l_0/inst/u_poseidon_core/sbox_return_inferred__1/i__carry__0/CO[3]
                         net (fo=1, routed)           0.000     5.769    poseidon_block_i/poseidon_accel_axi_l_0/inst/u_poseidon_core/sbox_return_inferred__1/i__carry__0_n_0
    SLICE_X93Y112        CARRY4 (Prop_carry4_CI_O[2])
                                                      0.239     6.008 r  poseidon_block_i/poseidon_accel_axi_l_0/inst/u_poseidon_core/sbox_return_inferred__1/i__carry__1/O[2]
                         net (fo=6, routed)           0.824     6.832    poseidon_block_i/poseidon_accel_axi_l_0/inst/u_poseidon_core/sbox_return_inferred__1/i__carry__1_n_5
    SLICE_X90Y119        LUT6 (Prop_lut6_I0_O)        0.302     7.134 r  poseidon_block_i/poseidon_accel_axi_l_0/inst/u_poseidon_core/st20__1_carry__5_i_1/O
                         net (fo=2, routed)           0.848     7.981    poseidon_block_i/poseidon_accel_axi_l_0/inst/u_poseidon_core/st20__1_carry__5_i_1_n_0
    SLICE_X92Y117        LUT6 (Prop_lut6_I0_O)        0.124     8.105 r  poseidon_block_i/poseidon_accel_axi_l_0/inst/u_poseidon_core/st20__1_carry__5_i_5/O
                         net (fo=1, routed)           0.000     8.105    poseidon_block_i/poseidon_accel_axi_l_0/inst/u_poseidon_core/st20__1_carry__5_i_5_n_0
    SLICE_X92Y117        CARRY4 (Prop_carry4_S[3]_CO[3])
                                                      0.376     8.481 r  poseidon_block_i/poseidon_accel_axi_l_0/inst/u_poseidon_core/st20__1_carry__5/CO[3]
                         net (fo=1, routed)           0.000     8.481    poseidon_block_i/poseidon_accel_axi_l_0/inst/u_poseidon_core/st20__1_carry__5_n_0
    SLICE_X92Y118        CARRY4 (Prop_carry4_CI_O[1])
                                                      0.337     8.818 r  poseidon_block_i/poseidon_accel_axi_l_0/inst/u_poseidon_core/st20__1_carry__6/O[1]
                         net (fo=2, routed)           0.307     9.126    poseidon_block_i/poseidon_accel_axi_l_0/inst/u_poseidon_core/m2[29]
    SLICE_X92Y119        LUT4 (Prop_lut4_I3_O)        0.306     9.432 r  poseidon_block_i/poseidon_accel_axi_l_0/inst/u_poseidon_core/st2[29]_i_1/O
                         net (fo=1, routed)           0.000     9.432    poseidon_block_i/poseidon_accel_axi_l_0/inst/u_poseidon_core/st2[29]_i_1_n_0
    SLICE_X92Y119        FDRE                                         r  poseidon_block_i/poseidon_accel_axi_l_0/inst/u_poseidon_core/st2_reg[29]/D
  -------------------------------------------------------------------    -------------------

                         (clock clk_fpga_0 rise edge)
                                                      0.000     0.000 r  
    PS7_X0Y0             PS7                          0.000     0.000 r  poseidon_block_i/processing_system7/inst/PS7_i/FCLKCLK[0]
                         net (fo=1, routed)           1.088     1.088    poseidon_block_i/processing_system7/inst/FCLK_CLK_unbuffered[0]
    BUFGCTRL_X0Y16       BUFG (Prop_bufg_I_O)         0.091     1.179 r  poseidon_block_i/processing_system7/inst/buffer_fclk_clk_0.FCLK_CLK_0_BUFG/O
                         net (fo=7403, routed)        1.769     2.948    poseidon_block_i/poseidon_accel_axi_l_0/inst/u_poseidon_core/s_axi_aclk
    SLICE_X92Y119        FDRE                                         r  poseidon_block_i/poseidon_accel_axi_l_0/inst/u_poseidon_core/st2_reg[29]/C





Min Delay Paths
--------------------------------------------------------------------------------------
Slack:                    inf
  Source:                 poseidon_block_i/poseidon_accel_axi_l_0/inst/u_poseidon_core/sbox_return__6/ACOUT[16]
                            (internal pin)
  Destination:            poseidon_block_i/poseidon_accel_axi_l_0/inst/u_poseidon_core/out0_reg[19]/D
                            (rising edge-triggered cell FDRE clocked by clk_fpga_0  {rise@0.000ns fall@5.000ns period=10.000ns})
  Path Group:             (none)
  Path Type:              Hold (Min at Fast Process Corner)
  Data Path Delay:        1.468ns  (logic 0.838ns (57.075%)  route 0.630ns (42.925%))
  Logic Levels:           5  (CARRY4=2 DSP48E1=1 LUT2=1 LUT6=1)
  Clock Uncertainty:      0.152ns  ((TSJ^2 + TIJ^2)^1/2 + DJ) / 2 + PE
    Total System Jitter     (TSJ):    0.050ns
    Total Input Jitter      (TIJ):    0.300ns
    Discrete Jitter          (DJ):    0.000ns
    Phase Error              (PE):    0.000ns

    Location             Delay type                Incr(ns)  Path(ns)    Netlist Resource(s)
  -------------------------------------------------------------------    -------------------
    DSP48_X3Y38          DSP48E1                      0.000     0.000 r  poseidon_block_i/poseidon_accel_axi_l_0/inst/u_poseidon_core/sbox_return__6/ACOUT[16]
                         net (fo=1, routed)           0.002     0.002    poseidon_block_i/poseidon_accel_axi_l_0/inst/u_poseidon_core/sbox_return__6_n_37
    DSP48_X3Y39          DSP48E1 (Prop_dsp48e1_ACIN[16]_P[1])
                                                      0.521     0.523 r  poseidon_block_i/poseidon_accel_axi_l_0/inst/u_poseidon_core/sbox_return__7/P[1]
                         net (fo=2, routed)           0.394     0.917    poseidon_block_i/poseidon_accel_axi_l_0/inst/u_poseidon_core/sbox_return__7_n_104
    SLICE_X93Y110        LUT2 (Prop_lut2_I0_O)        0.045     0.962 r  poseidon_block_i/poseidon_accel_axi_l_0/inst/u_poseidon_core/i__carry_i_2__1/O
                         net (fo=1, routed)           0.000     0.962    poseidon_block_i/poseidon_accel_axi_l_0/inst/u_poseidon_core/i__carry_i_2__1_n_0
    SLICE_X93Y110        CARRY4 (Prop_carry4_S[2]_O[3])
                                                      0.099     1.061 r  poseidon_block_i/poseidon_accel_axi_l_0/inst/u_poseidon_core/sbox_return_inferred__1/i__carry/O[3]
                         net (fo=6, routed)           0.235     1.295    poseidon_block_i/poseidon_accel_axi_l_0/inst/u_poseidon_core/sbox_return_inferred__1/i__carry_n_4
    SLICE_X91Y115        LUT6 (Prop_lut6_I1_O)        0.110     1.405 r  poseidon_block_i/poseidon_accel_axi_l_0/inst/u_poseidon_core/st00__1_carry__3_i_5/O
                         net (fo=1, routed)           0.000     1.405    poseidon_block_i/poseidon_accel_axi_l_0/inst/u_poseidon_core/st00__1_carry__3_i_5_n_0
    SLICE_X91Y115        CARRY4 (Prop_carry4_S[3]_O[3])
                                                      0.063     1.468 r  poseidon_block_i/poseidon_accel_axi_l_0/inst/u_poseidon_core/st00__1_carry__3/O[3]
                         net (fo=2, routed)           0.000     1.468    poseidon_block_i/poseidon_accel_axi_l_0/inst/u_poseidon_core/m0[19]
    SLICE_X91Y115        FDRE                                         r  poseidon_block_i/poseidon_accel_axi_l_0/inst/u_poseidon_core/out0_reg[19]/D
  -------------------------------------------------------------------    -------------------

                         (clock clk_fpga_0 rise edge)
                                                      0.000     0.000 r  
    PS7_X0Y0             PS7                          0.000     0.000 r  poseidon_block_i/processing_system7/inst/PS7_i/FCLKCLK[0]
                         net (fo=1, routed)           0.337     0.337    poseidon_block_i/processing_system7/inst/FCLK_CLK_unbuffered[0]
    BUFGCTRL_X0Y16       BUFG (Prop_bufg_I_O)         0.029     0.366 r  poseidon_block_i/processing_system7/inst/buffer_fclk_clk_0.FCLK_CLK_0_BUFG/O
                         net (fo=7403, routed)        0.956     1.322    poseidon_block_i/poseidon_accel_axi_l_0/inst/u_poseidon_core/s_axi_aclk
    SLICE_X91Y115        FDRE                                         r  poseidon_block_i/poseidon_accel_axi_l_0/inst/u_poseidon_core/out0_reg[19]/C

Slack:                    inf
  Source:                 poseidon_block_i/poseidon_accel_axi_l_0/inst/u_poseidon_core/sbox_return__6/ACOUT[16]
                            (internal pin)
  Destination:            poseidon_block_i/poseidon_accel_axi_l_0/inst/u_poseidon_core/out1_reg[19]/D
                            (rising edge-triggered cell FDRE clocked by clk_fpga_0  {rise@0.000ns fall@5.000ns period=10.000ns})
  Path Group:             (none)
  Path Type:              Hold (Min at Fast Process Corner)
  Data Path Delay:        1.520ns  (logic 0.803ns (52.846%)  route 0.717ns (47.154%))
  Logic Levels:           5  (CARRY4=2 DSP48E1=1 LUT2=1 LUT6=1)
  Clock Uncertainty:      0.152ns  ((TSJ^2 + TIJ^2)^1/2 + DJ) / 2 + PE
    Total System Jitter     (TSJ):    0.050ns
    Total Input Jitter      (TIJ):    0.300ns
    Discrete Jitter          (DJ):    0.000ns
    Phase Error              (PE):    0.000ns

    Location             Delay type                Incr(ns)  Path(ns)    Netlist Resource(s)
  -------------------------------------------------------------------    -------------------
    DSP48_X3Y38          DSP48E1                      0.000     0.000 r  poseidon_block_i/poseidon_accel_axi_l_0/inst/u_poseidon_core/sbox_return__6/ACOUT[16]
                         net (fo=1, routed)           0.002     0.002    poseidon_block_i/poseidon_accel_axi_l_0/inst/u_poseidon_core/sbox_return__6_n_37
    DSP48_X3Y39          DSP48E1 (Prop_dsp48e1_ACIN[16]_P[1])
                                                      0.521     0.523 r  poseidon_block_i/poseidon_accel_axi_l_0/inst/u_poseidon_core/sbox_return__7/P[1]
                         net (fo=2, routed)           0.394     0.917    poseidon_block_i/poseidon_accel_axi_l_0/inst/u_poseidon_core/sbox_return__7_n_104
    SLICE_X93Y110        LUT2 (Prop_lut2_I0_O)        0.045     0.962 r  poseidon_block_i/poseidon_accel_axi_l_0/inst/u_poseidon_core/i__carry_i_2__1/O
                         net (fo=1, routed)           0.000     0.962    poseidon_block_i/poseidon_accel_axi_l_0/inst/u_poseidon_core/i__carry_i_2__1_n_0
    SLICE_X93Y110        CARRY4 (Prop_carry4_S[2]_O[2])
                                                      0.066     1.028 r  poseidon_block_i/poseidon_accel_axi_l_0/inst/u_poseidon_core/sbox_return_inferred__1/i__carry/O[2]
                         net (fo=6, routed)           0.321     1.349    poseidon_block_i/poseidon_accel_axi_l_0/inst/u_poseidon_core/sbox_return_inferred__1/i__carry_n_5
    SLICE_X95Y115        LUT6 (Prop_lut6_I1_O)        0.108     1.457 r  poseidon_block_i/poseidon_accel_axi_l_0/inst/u_poseidon_core/st10__1_carry__3_i_5/O
                         net (fo=1, routed)           0.000     1.457    poseidon_block_i/poseidon_accel_axi_l_0/inst/u_poseidon_core/st10__1_carry__3_i_5_n_0
    SLICE_X95Y115        CARRY4 (Prop_carry4_S[3]_O[3])
                                                      0.063     1.520 r  poseidon_block_i/poseidon_accel_axi_l_0/inst/u_poseidon_core/st10__1_carry__3/O[3]
                         net (fo=2, routed)           0.000     1.520    poseidon_block_i/poseidon_accel_axi_l_0/inst/u_poseidon_core/m1[19]
    SLICE_X95Y115        FDRE                                         r  poseidon_block_i/poseidon_accel_axi_l_0/inst/u_poseidon_core/out1_reg[19]/D
  -------------------------------------------------------------------    -------------------

                         (clock clk_fpga_0 rise edge)
                                                      0.000     0.000 r  
    PS7_X0Y0             PS7                          0.000     0.000 r  poseidon_block_i/processing_system7/inst/PS7_i/FCLKCLK[0]
                         net (fo=1, routed)           0.337     0.337    poseidon_block_i/processing_system7/inst/FCLK_CLK_unbuffered[0]
    BUFGCTRL_X0Y16       BUFG (Prop_bufg_I_O)         0.029     0.366 r  poseidon_block_i/processing_system7/inst/buffer_fclk_clk_0.FCLK_CLK_0_BUFG/O
                         net (fo=7403, routed)        0.957     1.323    poseidon_block_i/poseidon_accel_axi_l_0/inst/u_poseidon_core/s_axi_aclk
    SLICE_X95Y115        FDRE                                         r  poseidon_block_i/poseidon_accel_axi_l_0/inst/u_poseidon_core/out1_reg[19]/C

Slack:                    inf
  Source:                 poseidon_block_i/poseidon_accel_axi_l_0/inst/u_poseidon_core/sbox_return__6/ACOUT[16]
                            (internal pin)
  Destination:            poseidon_block_i/poseidon_accel_axi_l_0/inst/u_poseidon_core/out0_reg[28]/D
                            (rising edge-triggered cell FDRE clocked by clk_fpga_0  {rise@0.000ns fall@5.000ns period=10.000ns})
  Path Group:             (none)
  Path Type:              Hold (Min at Fast Process Corner)
  Data Path Delay:        1.524ns  (logic 0.813ns (53.337%)  route 0.711ns (46.663%))
  Logic Levels:           5  (CARRY4=2 DSP48E1=1 LUT2=1 LUT6=1)
  Clock Uncertainty:      0.152ns  ((TSJ^2 + TIJ^2)^1/2 + DJ) / 2 + PE
    Total System Jitter     (TSJ):    0.050ns
    Total Input Jitter      (TIJ):    0.300ns
    Discrete Jitter          (DJ):    0.000ns
    Phase Error              (PE):    0.000ns

    Location             Delay type                Incr(ns)  Path(ns)    Netlist Resource(s)
  -------------------------------------------------------------------    -------------------
    DSP48_X3Y38          DSP48E1                      0.000     0.000 r  poseidon_block_i/poseidon_accel_axi_l_0/inst/u_poseidon_core/sbox_return__6/ACOUT[16]
                         net (fo=1, routed)           0.002     0.002    poseidon_block_i/poseidon_accel_axi_l_0/inst/u_poseidon_core/sbox_return__6_n_37
    DSP48_X3Y39          DSP48E1 (Prop_dsp48e1_ACIN[16]_P[11])
                                                      0.521     0.523 r  poseidon_block_i/poseidon_accel_axi_l_0/inst/u_poseidon_core/sbox_return__7/P[11]
                         net (fo=2, routed)           0.483     1.006    poseidon_block_i/poseidon_accel_axi_l_0/inst/u_poseidon_core/sbox_return__7_n_94
    SLICE_X93Y113        LUT2 (Prop_lut2_I0_O)        0.045     1.051 r  poseidon_block_i/poseidon_accel_axi_l_0/inst/u_poseidon_core/i__carry__2_i_4__2/O
                         net (fo=1, routed)           0.000     1.051    poseidon_block_i/poseidon_accel_axi_l_0/inst/u_poseidon_core/i__carry__2_i_4__2_n_0
    SLICE_X93Y113        CARRY4 (Prop_carry4_S[0]_O[0])
                                                      0.070     1.121 r  poseidon_block_i/poseidon_accel_axi_l_0/inst/u_poseidon_core/sbox_return_inferred__1/i__carry__2/O[0]
                         net (fo=6, routed)           0.227     1.347    poseidon_block_i/poseidon_accel_axi_l_0/inst/u_poseidon_core/sbox_return_inferred__1/i__carry__2_n_7
    SLICE_X91Y118        LUT6 (Prop_lut6_I1_O)        0.107     1.454 r  poseidon_block_i/poseidon_accel_axi_l_0/inst/u_poseidon_core/st00__1_carry__6_i_7/O
                         net (fo=1, routed)           0.000     1.454    poseidon_block_i/poseidon_accel_axi_l_0/inst/u_poseidon_core/st00__1_carry__6_i_7_n_0
    SLICE_X91Y118        CARRY4 (Prop_carry4_S[0]_O[0])
                                                      0.070     1.524 r  poseidon_block_i/poseidon_accel_axi_l_0/inst/u_poseidon_core/st00__1_carry__6/O[0]
                         net (fo=2, routed)           0.000     1.524    poseidon_block_i/poseidon_accel_axi_l_0/inst/u_poseidon_core/m0[28]
    SLICE_X91Y118        FDRE                                         r  poseidon_block_i/poseidon_accel_axi_l_0/inst/u_poseidon_core/out0_reg[28]/D
  -------------------------------------------------------------------    -------------------

                         (clock clk_fpga_0 rise edge)
                                                      0.000     0.000 r  
    PS7_X0Y0             PS7                          0.000     0.000 r  poseidon_block_i/processing_system7/inst/PS7_i/FCLKCLK[0]
                         net (fo=1, routed)           0.337     0.337    poseidon_block_i/processing_system7/inst/FCLK_CLK_unbuffered[0]
    BUFGCTRL_X0Y16       BUFG (Prop_bufg_I_O)         0.029     0.366 r  poseidon_block_i/processing_system7/inst/buffer_fclk_clk_0.FCLK_CLK_0_BUFG/O
                         net (fo=7403, routed)        0.953     1.319    poseidon_block_i/poseidon_accel_axi_l_0/inst/u_poseidon_core/s_axi_aclk
    SLICE_X91Y118        FDRE                                         r  poseidon_block_i/poseidon_accel_axi_l_0/inst/u_poseidon_core/out0_reg[28]/C

Slack:                    inf
  Source:                 poseidon_block_i/poseidon_accel_axi_l_0/inst/u_poseidon_core/sbox_return__6/ACOUT[16]
                            (internal pin)
  Destination:            poseidon_block_i/poseidon_accel_axi_l_0/inst/u_poseidon_core/out0_reg[24]/D
                            (rising edge-triggered cell FDRE clocked by clk_fpga_0  {rise@0.000ns fall@5.000ns period=10.000ns})
  Path Group:             (none)
  Path Type:              Hold (Min at Fast Process Corner)
  Data Path Delay:        1.535ns  (logic 0.813ns (52.963%)  route 0.722ns (47.037%))
  Logic Levels:           5  (CARRY4=2 DSP48E1=1 LUT2=1 LUT6=1)
  Clock Uncertainty:      0.152ns  ((TSJ^2 + TIJ^2)^1/2 + DJ) / 2 + PE
    Total System Jitter     (TSJ):    0.050ns
    Total Input Jitter      (TIJ):    0.300ns
    Discrete Jitter          (DJ):    0.000ns
    Phase Error              (PE):    0.000ns

    Location             Delay type                Incr(ns)  Path(ns)    Netlist Resource(s)
  -------------------------------------------------------------------    -------------------
    DSP48_X3Y38          DSP48E1                      0.000     0.000 r  poseidon_block_i/poseidon_accel_axi_l_0/inst/u_poseidon_core/sbox_return__6/ACOUT[16]
                         net (fo=1, routed)           0.002     0.002    poseidon_block_i/poseidon_accel_axi_l_0/inst/u_poseidon_core/sbox_return__6_n_37
    DSP48_X3Y39          DSP48E1 (Prop_dsp48e1_ACIN[16]_P[7])
                                                      0.521     0.523 r  poseidon_block_i/poseidon_accel_axi_l_0/inst/u_poseidon_core/sbox_return__7/P[7]
                         net (fo=2, routed)           0.488     1.011    poseidon_block_i/poseidon_accel_axi_l_0/inst/u_poseidon_core/sbox_return__7_n_98
    SLICE_X93Y112        LUT2 (Prop_lut2_I0_O)        0.045     1.056 r  poseidon_block_i/poseidon_accel_axi_l_0/inst/u_poseidon_core/i__carry__1_i_4__1/O
                         net (fo=1, routed)           0.000     1.056    poseidon_block_i/poseidon_accel_axi_l_0/inst/u_poseidon_core/i__carry__1_i_4__1_n_0
    SLICE_X93Y112        CARRY4 (Prop_carry4_S[0]_O[0])
                                                      0.070     1.126 r  poseidon_block_i/poseidon_accel_axi_l_0/inst/u_poseidon_core/sbox_return_inferred__1/i__carry__1/O[0]
                         net (fo=6, routed)           0.233     1.358    poseidon_block_i/poseidon_accel_axi_l_0/inst/u_poseidon_core/sbox_return_inferred__1/i__carry__1_n_7
    SLICE_X91Y117        LUT6 (Prop_lut6_I1_O)        0.107     1.465 r  poseidon_block_i/poseidon_accel_axi_l_0/inst/u_poseidon_core/st00__1_carry__5_i_8/O
                         net (fo=1, routed)           0.000     1.465    poseidon_block_i/poseidon_accel_axi_l_0/inst/u_poseidon_core/st00__1_carry__5_i_8_n_0
    SLICE_X91Y117        CARRY4 (Prop_carry4_S[0]_O[0])
                                                      0.070     1.535 r  poseidon_block_i/poseidon_accel_axi_l_0/inst/u_poseidon_core/st00__1_carry__5/O[0]
                         net (fo=2, routed)           0.000     1.535    poseidon_block_i/poseidon_accel_axi_l_0/inst/u_poseidon_core/m0[24]
    SLICE_X91Y117        FDRE                                         r  poseidon_block_i/poseidon_accel_axi_l_0/inst/u_poseidon_core/out0_reg[24]/D
  -------------------------------------------------------------------    -------------------

                         (clock clk_fpga_0 rise edge)
                                                      0.000     0.000 r  
    PS7_X0Y0             PS7                          0.000     0.000 r  poseidon_block_i/processing_system7/inst/PS7_i/FCLKCLK[0]
                         net (fo=1, routed)           0.337     0.337    poseidon_block_i/processing_system7/inst/FCLK_CLK_unbuffered[0]
    BUFGCTRL_X0Y16       BUFG (Prop_bufg_I_O)         0.029     0.366 r  poseidon_block_i/processing_system7/inst/buffer_fclk_clk_0.FCLK_CLK_0_BUFG/O
                         net (fo=7403, routed)        0.954     1.320    poseidon_block_i/poseidon_accel_axi_l_0/inst/u_poseidon_core/s_axi_aclk
    SLICE_X91Y117        FDRE                                         r  poseidon_block_i/poseidon_accel_axi_l_0/inst/u_poseidon_core/out0_reg[24]/C

Slack:                    inf
  Source:                 poseidon_block_i/poseidon_accel_axi_l_0/inst/u_poseidon_core/sbox_return__3/ACOUT[16]
                            (internal pin)
  Destination:            poseidon_block_i/poseidon_accel_axi_l_0/inst/u_poseidon_core/out0_reg[31]/D
                            (rising edge-triggered cell FDRE clocked by clk_fpga_0  {rise@0.000ns fall@5.000ns period=10.000ns})
  Path Group:             (none)
  Path Type:              Hold (Min at Fast Process Corner)
  Data Path Delay:        1.539ns  (logic 0.865ns (56.222%)  route 0.674ns (43.778%))
  Logic Levels:           5  (CARRY4=2 DSP48E1=1 LUT2=1 LUT6=1)
  Clock Uncertainty:      0.152ns  ((TSJ^2 + TIJ^2)^1/2 + DJ) / 2 + PE
    Total System Jitter     (TSJ):    0.050ns
    Total Input Jitter      (TIJ):    0.300ns
    Discrete Jitter          (DJ):    0.000ns
    Phase Error              (PE):    0.000ns

    Location             Delay type                Incr(ns)  Path(ns)    Netlist Resource(s)
  -------------------------------------------------------------------    -------------------
    DSP48_X3Y51          DSP48E1                      0.000     0.000 r  poseidon_block_i/poseidon_accel_axi_l_0/inst/u_poseidon_core/sbox_return__3/ACOUT[16]
                         net (fo=1, routed)           0.002     0.002    poseidon_block_i/poseidon_accel_axi_l_0/inst/u_poseidon_core/sbox_return__3_n_37
    DSP48_X3Y52          DSP48E1 (Prop_dsp48e1_ACIN[16]_P[12])
                                                      0.521     0.523 r  poseidon_block_i/poseidon_accel_axi_l_0/inst/u_poseidon_core/sbox_return__4/P[12]
                         net (fo=2, routed)           0.255     0.778    poseidon_block_i/poseidon_accel_axi_l_0/inst/u_poseidon_core/sbox_return__4_n_93
    SLICE_X93Y127        LUT2 (Prop_lut2_I0_O)        0.045     0.823 r  poseidon_block_i/poseidon_accel_axi_l_0/inst/u_poseidon_core/i__carry__2_i_3__0/O
                         net (fo=1, routed)           0.000     0.823    poseidon_block_i/poseidon_accel_axi_l_0/inst/u_poseidon_core/i__carry__2_i_3__0_n_0
    SLICE_X93Y127        CARRY4 (Prop_carry4_S[1]_O[1])
                                                      0.065     0.888 r  poseidon_block_i/poseidon_accel_axi_l_0/inst/u_poseidon_core/sbox_return_inferred__0/i__carry__2/O[1]
                         net (fo=3, routed)           0.293     1.180    poseidon_block_i/poseidon_accel_axi_l_0/inst/u_poseidon_core/sbox_return__9[29]
    SLICE_X90Y120        LUT6 (Prop_lut6_I2_O)        0.107     1.287 r  poseidon_block_i/poseidon_accel_axi_l_0/inst/u_poseidon_core/st00__1_carry__6_i_1/O
                         net (fo=2, routed)           0.124     1.412    poseidon_block_i/poseidon_accel_axi_l_0/inst/u_poseidon_core/st00__1_carry__6_i_1_n_0
    SLICE_X91Y118        CARRY4 (Prop_carry4_DI[2]_O[3])
                                                      0.127     1.539 r  poseidon_block_i/poseidon_accel_axi_l_0/inst/u_poseidon_core/st00__1_carry__6/O[3]
                         net (fo=2, routed)           0.000     1.539    poseidon_block_i/poseidon_accel_axi_l_0/inst/u_poseidon_core/m0[31]
    SLICE_X91Y118        FDRE                                         r  poseidon_block_i/poseidon_accel_axi_l_0/inst/u_poseidon_core/out0_reg[31]/D
  -------------------------------------------------------------------    -------------------

                         (clock clk_fpga_0 rise edge)
                                                      0.000     0.000 r  
    PS7_X0Y0             PS7                          0.000     0.000 r  poseidon_block_i/processing_system7/inst/PS7_i/FCLKCLK[0]
                         net (fo=1, routed)           0.337     0.337    poseidon_block_i/processing_system7/inst/FCLK_CLK_unbuffered[0]
    BUFGCTRL_X0Y16       BUFG (Prop_bufg_I_O)         0.029     0.366 r  poseidon_block_i/processing_system7/inst/buffer_fclk_clk_0.FCLK_CLK_0_BUFG/O
                         net (fo=7403, routed)        0.953     1.319    poseidon_block_i/poseidon_accel_axi_l_0/inst/u_poseidon_core/s_axi_aclk
    SLICE_X91Y118        FDRE                                         r  poseidon_block_i/poseidon_accel_axi_l_0/inst/u_poseidon_core/out0_reg[31]/C

Slack:                    inf
  Source:                 poseidon_block_i/poseidon_accel_axi_l_0/inst/u_poseidon_core/sbox_return__6/ACOUT[16]
                            (internal pin)
  Destination:            poseidon_block_i/poseidon_accel_axi_l_0/inst/u_poseidon_core/out0_reg[20]/D
                            (rising edge-triggered cell FDRE clocked by clk_fpga_0  {rise@0.000ns fall@5.000ns period=10.000ns})
  Path Group:             (none)
  Path Type:              Hold (Min at Fast Process Corner)
  Data Path Delay:        1.545ns  (logic 0.813ns (52.618%)  route 0.732ns (47.382%))
  Logic Levels:           5  (CARRY4=2 DSP48E1=1 LUT2=1 LUT6=1)
  Clock Uncertainty:      0.152ns  ((TSJ^2 + TIJ^2)^1/2 + DJ) / 2 + PE
    Total System Jitter     (TSJ):    0.050ns
    Total Input Jitter      (TIJ):    0.300ns
    Discrete Jitter          (DJ):    0.000ns
    Phase Error              (PE):    0.000ns

    Location             Delay type                Incr(ns)  Path(ns)    Netlist Resource(s)
  -------------------------------------------------------------------    -------------------
    DSP48_X3Y38          DSP48E1                      0.000     0.000 r  poseidon_block_i/poseidon_accel_axi_l_0/inst/u_poseidon_core/sbox_return__6/ACOUT[16]
                         net (fo=1, routed)           0.002     0.002    poseidon_block_i/poseidon_accel_axi_l_0/inst/u_poseidon_core/sbox_return__6_n_37
    DSP48_X3Y39          DSP48E1 (Prop_dsp48e1_ACIN[16]_P[3])
                                                      0.521     0.523 r  poseidon_block_i/poseidon_accel_axi_l_0/inst/u_poseidon_core/sbox_return__7/P[3]
                         net (fo=2, routed)           0.488     1.011    poseidon_block_i/poseidon_accel_axi_l_0/inst/u_poseidon_core/sbox_return__7_n_102
    SLICE_X93Y111        LUT2 (Prop_lut2_I0_O)        0.045     1.056 r  poseidon_block_i/poseidon_accel_axi_l_0/inst/u_poseidon_core/i__carry__0_i_4__2/O
                         net (fo=1, routed)           0.000     1.056    poseidon_block_i/poseidon_accel_axi_l_0/inst/u_poseidon_core/i__carry__0_i_4__2_n_0
    SLICE_X93Y111        CARRY4 (Prop_carry4_S[0]_O[0])
                                                      0.070     1.126 r  poseidon_block_i/poseidon_accel_axi_l_0/inst/u_poseidon_core/sbox_return_inferred__1/i__carry__0/O[0]
                         net (fo=6, routed)           0.243     1.368    poseidon_block_i/poseidon_accel_axi_l_0/inst/u_poseidon_core/sbox_return_inferred__1/i__carry__0_n_7
    SLICE_X91Y116        LUT6 (Prop_lut6_I1_O)        0.107     1.475 r  poseidon_block_i/poseidon_accel_axi_l_0/inst/u_poseidon_core/st00__1_carry__4_i_8/O
                         net (fo=1, routed)           0.000     1.475    poseidon_block_i/poseidon_accel_axi_l_0/inst/u_poseidon_core/st00__1_carry__4_i_8_n_0
    SLICE_X91Y116        CARRY4 (Prop_carry4_S[0]_O[0])
                                                      0.070     1.545 r  poseidon_block_i/poseidon_accel_axi_l_0/inst/u_poseidon_core/st00__1_carry__4/O[0]
                         net (fo=2, routed)           0.000     1.545    poseidon_block_i/poseidon_accel_axi_l_0/inst/u_poseidon_core/m0[20]
    SLICE_X91Y116        FDRE                                         r  poseidon_block_i/poseidon_accel_axi_l_0/inst/u_poseidon_core/out0_reg[20]/D
  -------------------------------------------------------------------    -------------------

                         (clock clk_fpga_0 rise edge)
                                                      0.000     0.000 r  
    PS7_X0Y0             PS7                          0.000     0.000 r  poseidon_block_i/processing_system7/inst/PS7_i/FCLKCLK[0]
                         net (fo=1, routed)           0.337     0.337    poseidon_block_i/processing_system7/inst/FCLK_CLK_unbuffered[0]
    BUFGCTRL_X0Y16       BUFG (Prop_bufg_I_O)         0.029     0.366 r  poseidon_block_i/processing_system7/inst/buffer_fclk_clk_0.FCLK_CLK_0_BUFG/O
                         net (fo=7403, routed)        0.955     1.321    poseidon_block_i/poseidon_accel_axi_l_0/inst/u_poseidon_core/s_axi_aclk
    SLICE_X91Y116        FDRE                                         r  poseidon_block_i/poseidon_accel_axi_l_0/inst/u_poseidon_core/out0_reg[20]/C

Slack:                    inf
  Source:                 poseidon_block_i/poseidon_accel_axi_l_0/inst/u_poseidon_core/sbox_return__6/ACOUT[16]
                            (internal pin)
  Destination:            poseidon_block_i/poseidon_accel_axi_l_0/inst/u_poseidon_core/out0_reg[29]/D
                            (rising edge-triggered cell FDRE clocked by clk_fpga_0  {rise@0.000ns fall@5.000ns period=10.000ns})
  Path Group:             (none)
  Path Type:              Hold (Min at Fast Process Corner)
  Data Path Delay:        1.560ns  (logic 0.849ns (54.413%)  route 0.711ns (45.587%))
  Logic Levels:           5  (CARRY4=2 DSP48E1=1 LUT2=1 LUT6=1)
  Clock Uncertainty:      0.152ns  ((TSJ^2 + TIJ^2)^1/2 + DJ) / 2 + PE
    Total System Jitter     (TSJ):    0.050ns
    Total Input Jitter      (TIJ):    0.300ns
    Discrete Jitter          (DJ):    0.000ns
    Phase Error              (PE):    0.000ns

    Location             Delay type                Incr(ns)  Path(ns)    Netlist Resource(s)
  -------------------------------------------------------------------    -------------------
    DSP48_X3Y38          DSP48E1                      0.000     0.000 r  poseidon_block_i/poseidon_accel_axi_l_0/inst/u_poseidon_core/sbox_return__6/ACOUT[16]
                         net (fo=1, routed)           0.002     0.002    poseidon_block_i/poseidon_accel_axi_l_0/inst/u_poseidon_core/sbox_return__6_n_37
    DSP48_X3Y39          DSP48E1 (Prop_dsp48e1_ACIN[16]_P[11])
                                                      0.521     0.523 r  poseidon_block_i/poseidon_accel_axi_l_0/inst/u_poseidon_core/sbox_return__7/P[11]
                         net (fo=2, routed)           0.483     1.006    poseidon_block_i/poseidon_accel_axi_l_0/inst/u_poseidon_core/sbox_return__7_n_94
    SLICE_X93Y113        LUT2 (Prop_lut2_I0_O)        0.045     1.051 r  poseidon_block_i/poseidon_accel_axi_l_0/inst/u_poseidon_core/i__carry__2_i_4__2/O
                         net (fo=1, routed)           0.000     1.051    poseidon_block_i/poseidon_accel_axi_l_0/inst/u_poseidon_core/i__carry__2_i_4__2_n_0
    SLICE_X93Y113        CARRY4 (Prop_carry4_S[0]_O[0])
                                                      0.070     1.121 r  poseidon_block_i/poseidon_accel_axi_l_0/inst/u_poseidon_core/sbox_return_inferred__1/i__carry__2/O[0]
                         net (fo=6, routed)           0.227     1.347    poseidon_block_i/poseidon_accel_axi_l_0/inst/u_poseidon_core/sbox_return_inferred__1/i__carry__2_n_7
    SLICE_X91Y118        LUT6 (Prop_lut6_I1_O)        0.107     1.454 r  poseidon_block_i/poseidon_accel_axi_l_0/inst/u_poseidon_core/st00__1_carry__6_i_7/O
                         net (fo=1, routed)           0.000     1.454    poseidon_block_i/poseidon_accel_axi_l_0/inst/u_poseidon_core/st00__1_carry__6_i_7_n_0
    SLICE_X91Y118        CARRY4 (Prop_carry4_S[0]_O[1])
                                                      0.106     1.560 r  poseidon_block_i/poseidon_accel_axi_l_0/inst/u_poseidon_core/st00__1_carry__6/O[1]
                         net (fo=2, routed)           0.000     1.560    poseidon_block_i/poseidon_accel_axi_l_0/inst/u_poseidon_core/m0[29]
    SLICE_X91Y118        FDRE                                         r  poseidon_block_i/poseidon_accel_axi_l_0/inst/u_poseidon_core/out0_reg[29]/D
  -------------------------------------------------------------------    -------------------

                         (clock clk_fpga_0 rise edge)
                                                      0.000     0.000 r  
    PS7_X0Y0             PS7                          0.000     0.000 r  poseidon_block_i/processing_system7/inst/PS7_i/FCLKCLK[0]
                         net (fo=1, routed)           0.337     0.337    poseidon_block_i/processing_system7/inst/FCLK_CLK_unbuffered[0]
    BUFGCTRL_X0Y16       BUFG (Prop_bufg_I_O)         0.029     0.366 r  poseidon_block_i/processing_system7/inst/buffer_fclk_clk_0.FCLK_CLK_0_BUFG/O
                         net (fo=7403, routed)        0.953     1.319    poseidon_block_i/poseidon_accel_axi_l_0/inst/u_poseidon_core/s_axi_aclk
    SLICE_X91Y118        FDRE                                         r  poseidon_block_i/poseidon_accel_axi_l_0/inst/u_poseidon_core/out0_reg[29]/C

Slack:                    inf
  Source:                 poseidon_block_i/poseidon_accel_axi_l_0/inst/u_poseidon_core/sbox_return__6/ACOUT[16]
                            (internal pin)
  Destination:            poseidon_block_i/poseidon_accel_axi_l_0/inst/u_poseidon_core/out1_reg[27]/D
                            (rising edge-triggered cell FDRE clocked by clk_fpga_0  {rise@0.000ns fall@5.000ns period=10.000ns})
  Path Group:             (none)
  Path Type:              Hold (Min at Fast Process Corner)
  Data Path Delay:        1.560ns  (logic 0.803ns (51.459%)  route 0.757ns (48.541%))
  Logic Levels:           5  (CARRY4=2 DSP48E1=1 LUT2=1 LUT6=1)
  Clock Uncertainty:      0.152ns  ((TSJ^2 + TIJ^2)^1/2 + DJ) / 2 + PE
    Total System Jitter     (TSJ):    0.050ns
    Total Input Jitter      (TIJ):    0.300ns
    Discrete Jitter          (DJ):    0.000ns
    Phase Error              (PE):    0.000ns

    Location             Delay type                Incr(ns)  Path(ns)    Netlist Resource(s)
  -------------------------------------------------------------------    -------------------
    DSP48_X3Y38          DSP48E1                      0.000     0.000 r  poseidon_block_i/poseidon_accel_axi_l_0/inst/u_poseidon_core/sbox_return__6/ACOUT[16]
                         net (fo=1, routed)           0.002     0.002    poseidon_block_i/poseidon_accel_axi_l_0/inst/u_poseidon_core/sbox_return__6_n_37
    DSP48_X3Y39          DSP48E1 (Prop_dsp48e1_ACIN[16]_P[9])
                                                      0.521     0.523 r  poseidon_block_i/poseidon_accel_axi_l_0/inst/u_poseidon_core/sbox_return__7/P[9]
                         net (fo=2, routed)           0.458     0.981    poseidon_block_i/poseidon_accel_axi_l_0/inst/u_poseidon_core/sbox_return__7_n_96
    SLICE_X93Y112        LUT2 (Prop_lut2_I0_O)        0.045     1.026 r  poseidon_block_i/poseidon_accel_axi_l_0/inst/u_poseidon_core/i__carry__1_i_2__2/O
                         net (fo=1, routed)           0.000     1.026    poseidon_block_i/poseidon_accel_axi_l_0/inst/u_poseidon_core/i__carry__1_i_2__2_n_0
    SLICE_X93Y112        CARRY4 (Prop_carry4_S[2]_O[2])
                                                      0.066     1.092 r  poseidon_block_i/poseidon_accel_axi_l_0/inst/u_poseidon_core/sbox_return_inferred__1/i__carry__1/O[2]
                         net (fo=6, routed)           0.298     1.389    poseidon_block_i/poseidon_accel_axi_l_0/inst/u_poseidon_core/sbox_return_inferred__1/i__carry__1_n_5
    SLICE_X95Y117        LUT6 (Prop_lut6_I1_O)        0.108     1.497 r  poseidon_block_i/poseidon_accel_axi_l_0/inst/u_poseidon_core/st10__1_carry__5_i_5/O
                         net (fo=1, routed)           0.000     1.497    poseidon_block_i/poseidon_accel_axi_l_0/inst/u_poseidon_core/st10__1_carry__5_i_5_n_0
    SLICE_X95Y117        CARRY4 (Prop_carry4_S[3]_O[3])
                                                      0.063     1.560 r  poseidon_block_i/poseidon_accel_axi_l_0/inst/u_poseidon_core/st10__1_carry__5/O[3]
                         net (fo=2, routed)           0.000     1.560    poseidon_block_i/poseidon_accel_axi_l_0/inst/u_poseidon_core/m1[27]
    SLICE_X95Y117        FDRE                                         r  poseidon_block_i/poseidon_accel_axi_l_0/inst/u_poseidon_core/out1_reg[27]/D
  -------------------------------------------------------------------    -------------------

                         (clock clk_fpga_0 rise edge)
                                                      0.000     0.000 r  
    PS7_X0Y0             PS7                          0.000     0.000 r  poseidon_block_i/processing_system7/inst/PS7_i/FCLKCLK[0]
                         net (fo=1, routed)           0.337     0.337    poseidon_block_i/processing_system7/inst/FCLK_CLK_unbuffered[0]
    BUFGCTRL_X0Y16       BUFG (Prop_bufg_I_O)         0.029     0.366 r  poseidon_block_i/processing_system7/inst/buffer_fclk_clk_0.FCLK_CLK_0_BUFG/O
                         net (fo=7403, routed)        0.955     1.321    poseidon_block_i/poseidon_accel_axi_l_0/inst/u_poseidon_core/s_axi_aclk
    SLICE_X95Y117        FDRE                                         r  poseidon_block_i/poseidon_accel_axi_l_0/inst/u_poseidon_core/out1_reg[27]/C

Slack:                    inf
  Source:                 poseidon_block_i/poseidon_accel_axi_l_0/inst/u_poseidon_core/sbox_return__6/ACOUT[16]
                            (internal pin)
  Destination:            poseidon_block_i/poseidon_accel_axi_l_0/inst/u_poseidon_core/out0_reg[26]/D
                            (rising edge-triggered cell FDRE clocked by clk_fpga_0  {rise@0.000ns fall@5.000ns period=10.000ns})
  Path Group:             (none)
  Path Type:              Hold (Min at Fast Process Corner)
  Data Path Delay:        1.567ns  (logic 0.806ns (51.442%)  route 0.761ns (48.558%))
  Logic Levels:           5  (CARRY4=2 DSP48E1=1 LUT2=1 LUT6=1)
  Clock Uncertainty:      0.152ns  ((TSJ^2 + TIJ^2)^1/2 + DJ) / 2 + PE
    Total System Jitter     (TSJ):    0.050ns
    Total Input Jitter      (TIJ):    0.300ns
    Discrete Jitter          (DJ):    0.000ns
    Phase Error              (PE):    0.000ns

    Location             Delay type                Incr(ns)  Path(ns)    Netlist Resource(s)
  -------------------------------------------------------------------    -------------------
    DSP48_X3Y38          DSP48E1                      0.000     0.000 r  poseidon_block_i/poseidon_accel_axi_l_0/inst/u_poseidon_core/sbox_return__6/ACOUT[16]
                         net (fo=1, routed)           0.002     0.002    poseidon_block_i/poseidon_accel_axi_l_0/inst/u_poseidon_core/sbox_return__6_n_37
    DSP48_X3Y39          DSP48E1 (Prop_dsp48e1_ACIN[16]_P[9])
                                                      0.521     0.523 r  poseidon_block_i/poseidon_accel_axi_l_0/inst/u_poseidon_core/sbox_return__7/P[9]
                         net (fo=2, routed)           0.458     0.981    poseidon_block_i/poseidon_accel_axi_l_0/inst/u_poseidon_core/sbox_return__7_n_96
    SLICE_X93Y112        LUT2 (Prop_lut2_I0_O)        0.045     1.026 r  poseidon_block_i/poseidon_accel_axi_l_0/inst/u_poseidon_core/i__carry__1_i_2__2/O
                         net (fo=1, routed)           0.000     1.026    poseidon_block_i/poseidon_accel_axi_l_0/inst/u_poseidon_core/i__carry__1_i_2__2_n_0
    SLICE_X93Y112        CARRY4 (Prop_carry4_S[2]_O[2])
                                                      0.066     1.092 r  poseidon_block_i/poseidon_accel_axi_l_0/inst/u_poseidon_core/sbox_return_inferred__1/i__carry__1/O[2]
                         net (fo=6, routed)           0.301     1.393    poseidon_block_i/poseidon_accel_axi_l_0/inst/u_poseidon_core/sbox_return_inferred__1/i__carry__1_n_5
    SLICE_X91Y117        LUT6 (Prop_lut6_I1_O)        0.108     1.501 r  poseidon_block_i/poseidon_accel_axi_l_0/inst/u_poseidon_core/st00__1_carry__5_i_6/O
                         net (fo=1, routed)           0.000     1.501    poseidon_block_i/poseidon_accel_axi_l_0/inst/u_poseidon_core/st00__1_carry__5_i_6_n_0
    SLICE_X91Y117        CARRY4 (Prop_carry4_S[2]_O[2])
                                                      0.066     1.567 r  poseidon_block_i/poseidon_accel_axi_l_0/inst/u_poseidon_core/st00__1_carry__5/O[2]
                         net (fo=2, routed)           0.000     1.567    poseidon_block_i/poseidon_accel_axi_l_0/inst/u_poseidon_core/m0[26]
    SLICE_X91Y117        FDRE                                         r  poseidon_block_i/poseidon_accel_axi_l_0/inst/u_poseidon_core/out0_reg[26]/D
  -------------------------------------------------------------------    -------------------

                         (clock clk_fpga_0 rise edge)
                                                      0.000     0.000 r  
    PS7_X0Y0             PS7                          0.000     0.000 r  poseidon_block_i/processing_system7/inst/PS7_i/FCLKCLK[0]
                         net (fo=1, routed)           0.337     0.337    poseidon_block_i/processing_system7/inst/FCLK_CLK_unbuffered[0]
    BUFGCTRL_X0Y16       BUFG (Prop_bufg_I_O)         0.029     0.366 r  poseidon_block_i/processing_system7/inst/buffer_fclk_clk_0.FCLK_CLK_0_BUFG/O
                         net (fo=7403, routed)        0.954     1.320    poseidon_block_i/poseidon_accel_axi_l_0/inst/u_poseidon_core/s_axi_aclk
    SLICE_X91Y117        FDRE                                         r  poseidon_block_i/poseidon_accel_axi_l_0/inst/u_poseidon_core/out0_reg[26]/C

Slack:                    inf
  Source:                 poseidon_block_i/poseidon_accel_axi_l_0/inst/u_poseidon_core/sbox_return__6/ACOUT[16]
                            (internal pin)
  Destination:            poseidon_block_i/poseidon_accel_axi_l_0/inst/u_poseidon_core/out0_reg[30]/D
                            (rising edge-triggered cell FDRE clocked by clk_fpga_0  {rise@0.000ns fall@5.000ns period=10.000ns})
  Path Group:             (none)
  Path Type:              Hold (Min at Fast Process Corner)
  Data Path Delay:        1.567ns  (logic 0.806ns (51.435%)  route 0.761ns (48.565%))
  Logic Levels:           5  (CARRY4=2 DSP48E1=1 LUT2=1 LUT6=1)
  Clock Uncertainty:      0.152ns  ((TSJ^2 + TIJ^2)^1/2 + DJ) / 2 + PE
    Total System Jitter     (TSJ):    0.050ns
    Total Input Jitter      (TIJ):    0.300ns
    Discrete Jitter          (DJ):    0.000ns
    Phase Error              (PE):    0.000ns

    Location             Delay type                Incr(ns)  Path(ns)    Netlist Resource(s)
  -------------------------------------------------------------------    -------------------
    DSP48_X3Y38          DSP48E1                      0.000     0.000 r  poseidon_block_i/poseidon_accel_axi_l_0/inst/u_poseidon_core/sbox_return__6/ACOUT[16]
                         net (fo=1, routed)           0.002     0.002    poseidon_block_i/poseidon_accel_axi_l_0/inst/u_poseidon_core/sbox_return__6_n_37
    DSP48_X3Y39          DSP48E1 (Prop_dsp48e1_ACIN[16]_P[13])
                                                      0.521     0.523 r  poseidon_block_i/poseidon_accel_axi_l_0/inst/u_poseidon_core/sbox_return__7/P[13]
                         net (fo=2, routed)           0.471     0.994    poseidon_block_i/poseidon_accel_axi_l_0/inst/u_poseidon_core/sbox_return__7_n_92
    SLICE_X93Y113        LUT2 (Prop_lut2_I0_O)        0.045     1.039 r  poseidon_block_i/poseidon_accel_axi_l_0/inst/u_poseidon_core/i__carry__2_i_2__2/O
                         net (fo=1, routed)           0.000     1.039    poseidon_block_i/poseidon_accel_axi_l_0/inst/u_poseidon_core/i__carry__2_i_2__2_n_0
    SLICE_X93Y113        CARRY4 (Prop_carry4_S[2]_O[2])
                                                      0.066     1.105 r  poseidon_block_i/poseidon_accel_axi_l_0/inst/u_poseidon_core/sbox_return_inferred__1/i__carry__2/O[2]
                         net (fo=4, routed)           0.288     1.393    poseidon_block_i/poseidon_accel_axi_l_0/inst/u_poseidon_core/sbox_return_inferred__1/i__carry__2_n_5
    SLICE_X91Y118        LUT6 (Prop_lut6_I1_O)        0.108     1.501 r  poseidon_block_i/poseidon_accel_axi_l_0/inst/u_poseidon_core/st00__1_carry__6_i_5/O
                         net (fo=1, routed)           0.000     1.501    poseidon_block_i/poseidon_accel_axi_l_0/inst/u_poseidon_core/st00__1_carry__6_i_5_n_0
    SLICE_X91Y118        CARRY4 (Prop_carry4_S[2]_O[2])
                                                      0.066     1.567 r  poseidon_block_i/poseidon_accel_axi_l_0/inst/u_poseidon_core/st00__1_carry__6/O[2]
                         net (fo=2, routed)           0.000     1.567    poseidon_block_i/poseidon_accel_axi_l_0/inst/u_poseidon_core/m0[30]
    SLICE_X91Y118        FDRE                                         r  poseidon_block_i/poseidon_accel_axi_l_0/inst/u_poseidon_core/out0_reg[30]/D
  -------------------------------------------------------------------    -------------------

                         (clock clk_fpga_0 rise edge)
                                                      0.000     0.000 r  
    PS7_X0Y0             PS7                          0.000     0.000 r  poseidon_block_i/processing_system7/inst/PS7_i/FCLKCLK[0]
                         net (fo=1, routed)           0.337     0.337    poseidon_block_i/processing_system7/inst/FCLK_CLK_unbuffered[0]
    BUFGCTRL_X0Y16       BUFG (Prop_bufg_I_O)         0.029     0.366 r  poseidon_block_i/processing_system7/inst/buffer_fclk_clk_0.FCLK_CLK_0_BUFG/O
                         net (fo=7403, routed)        0.953     1.319    poseidon_block_i/poseidon_accel_axi_l_0/inst/u_poseidon_core/s_axi_aclk
    SLICE_X91Y118        FDRE                                         r  poseidon_block_i/poseidon_accel_axi_l_0/inst/u_poseidon_core/out0_reg[30]/C





